date,precipitation,NDVI,NDWI,LST,flood_risk,drought_severity
2000-01-01,0.0,0.23302727272727272,-0.39019090909090903,34.60909090909091,0.1086,2
2000-01-02,0.0,0.2378090909090909,-0.3708,35.445454545454545,0.0603,2
2000-01-03,0.0,0.22744545454545453,-0.40036363636363637,34.82727272727273,0.1552,2
2000-01-04,0.017272727272727273,0.2368818181818182,-0.3912272727272727,35.5,0.0784,2
2000-01-05,0.12000000000000001,0.2324818181818182,-0.4078181818181818,35.00909090909091,0.0617,2
2000-01-06,0.03363636363636364,0.23436363636363636,-0.41565454545454544,35.236363636363635,0.0714,2
2000-01-07,0.005454545454545454,0.23650000000000002,-0.40401818181818183,35.199999999999996,0.1251,2
2000-01-08,0.0,0.23495454545454544,-0.4207,35.56363636363636,0.1013,2
2000-01-09,0.10909090909090909,0.23166363636363635,-0.39022727272727276,35.04545454545455,0.0775,2
2000-01-10,0.04090909090909091,0.2305818181818182,-0.3677909090909091,35.57272727272727,0.0745,2
2000-01-11,0.031818181818181815,0.22372727272727272,-0.4241,35.63636363636363,0.0607,2
2000-01-12,0.08636363636363636,0.22247272727272727,-0.3967636363636364,35.79090909090909,0.0,2
2000-01-13,0.016363636363636365,0.23348181818181815,-0.38130000000000003,35.76363636363636,0.0529,2
2000-01-14,0.0,0.2353727272727273,-0.39282727272727275,35.59090909090909,0.1088,2
2000-01-15,0.0,0.23576363636363637,-0.4013363636363636,36.06363636363636,0.0728,2
2000-01-16,0.07272727272727274,0.24003636363636363,-0.38669090909090914,35.50909090909091,0.0683,2
2000-01-17,0.03363636363636364,0.2392363636363636,-0.3640636363636363,35.96363636363637,0.0824,2
2000-01-18,0.04,0.24044545454545452,-0.3958727272727272,36.46363636363637,0.077,2
2000-01-19,0.0,0.23371818181818182,-0.3889818181818182,36.28181818181818,0.0767,2
2000-01-20,0.017272727272727273,0.2275,-0.3679,36.59090909090909,0.0816,2
2000-01-21,0.002727272727272727,0.23571818181818183,-0.4000727272727273,36.309090909090905,0.1078,2
2000-01-22,0.0,0.22255454545454548,-0.40190909090909094,36.41818181818182,0.0695,2
2000-01-23,0.04181818181818182,0.23729090909090908,-0.38086363636363635,36.72727272727273,0.0281,2
2000-01-24,0.0,0.23229999999999998,-0.37825454545454545,36.76363636363636,0.1131,2
2000-01-25,0.09545454545454546,0.2228,-0.3798727272727273,36.90909090909091,0.0702,2
2000-01-26,0.0,0.23849090909090911,-0.38610909090909096,36.85454545454545,0.0372,2
2000-01-27,0.0,0.2206272727272727,-0.4026181818181818,36.70909090909091,0.0545,2
2000-01-28,0.011818181818181818,0.22243636363636365,-0.36921818181818183,36.89090909090909,0.0496,2
2000-01-29,0.0,0.2424181818181818,-0.4005,37.04545454545455,0.0972,2
2000-01-30,0.006363636363636364,0.23516363636363635,-0.3947636363636364,37.50909090909091,0.0889,2
2000-01-31,0.0,0.2377454545454545,-0.40150909090909087,37.60909090909091,0.0425,2
2000-02-01,0.07909090909090909,0.23332727272727274,-0.39506363636363634,37.58181818181818,0.0783,2
2000-02-02,0.007272727272727273,0.23300909090909092,-0.4236636363636364,37.36363636363637,0.0583,2
2000-02-03,0.14363636363636365,0.23053636363636362,-0.4067454545454545,37.71818181818182,0.0873,2
2000-02-04,0.0,0.23297272727272728,-0.39298181818181815,37.90909090909091,0.057,2
2000-02-05,0.0,0.2359,-0.3961909090909091,38.07272727272727,0.0339,2
2000-02-06,0.16,0.23299090909090908,-0.40196363636363636,38.345454545454544,0.0623,2
2000-02-07,0.22636363636363638,0.23149090909090908,-0.3924818181818182,37.93636363636364,0.0724,2
2000-02-08,0.0,0.22464545454545454,-0.41396363636363637,38.300000000000004,0.1275,2
2000-02-09,0.03727272727272727,0.23914545454545452,-0.4053727272727273,37.82727272727273,0.1266,2
2000-02-10,0.03909090909090909,0.23431818181818184,-0.3917818181818182,38.9,0.0466,2
2000-02-11,0.0,0.23586363636363636,-0.3499,38.43636363636364,0.0425,2
2000-02-12,0.0,0.22951818181818184,-0.4201727272727273,38.82727272727273,0.0693,2
2000-02-13,0.0,0.22845454545454544,-0.3876818181818182,38.86363636363637,0.0496,2
2000-02-14,0.035454545454545454,0.23762727272727274,-0.3856454545454545,39.28181818181818,0.0547,2
2000-02-15,0.13272727272727272,0.2299090909090909,-0.39443636363636364,38.89090909090909,0.0571,2
2000-02-16,0.11636363636363636,0.2292,-0.3936545454545454,39.32727272727273,0.0437,2
2000-02-17,0.0,0.2224909090909091,-0.4097090909090909,39.23636363636364,0.0337,2
2000-02-18,0.11636363636363636,0.2321909090909091,-0.3505090909090909,38.9,0.0736,2
2000-02-19,0.04090909090909091,0.2335,-0.41606363636363636,39.87272727272727,0.0541,2
2000-02-20,0.0,0.24030909090909092,-0.4172545454545455,39.6,0.0214,2
2000-02-21,0.0,0.2268909090909091,-0.40486363636363637,39.60909090909091,0.0864,2
2000-02-22,0.02909090909090909,0.2320090909090909,-0.40116363636363633,40.018181818181816,0.0494,2
2000-02-23,0.07727272727272727,0.23734545454545455,-0.39634545454545456,39.64545454545455,0.0537,2
2000-02-24,0.0,0.23340000000000002,-0.40249090909090907,39.92727272727273,0.0214,2
2000-02-25,0.07181818181818181,0.22793636363636363,-0.4061818181818182,39.690909090909095,0.0825,2
2000-02-26,0.0,0.23466363636363638,-0.4249272727272727,40.40909090909091,0.0,2
2000-02-27,0.0,0.2388909090909091,-0.4023090909090909,40.03636363636363,0.0399,2
2000-02-28,0.18363636363636363,0.23263636363636364,-0.3794272727272727,40.53636363636363,0.0424,2
2000-02-29,0.060000000000000005,0.22822727272727272,-0.3845363636363636,40.018181818181816,0.0455,2
2000-03-01,0.0009090909090909091,0.23494545454545454,-0.41400000000000003,39.93636363636364,0.0791,2
2000-03-02,0.0009090909090909091,0.23614545454545455,-0.40709090909090906,40.56363636363636,0.0526,2
2000-03-03,0.0,0.2430090909090909,-0.39940909090909094,40.699999999999996,0.0463,2
2000-03-04,0.0,0.2412454545454545,-0.3980727272727273,41.127272727272725,0.0155,2
2000-03-05,0.0018181818181818182,0.22769090909090908,-0.3760636363636364,40.690909090909095,0.0561,2
2000-03-06,0.0,0.24015454545454548,-0.35046363636363637,41.27272727272727,0.0505,2
2000-03-07,0.0009090909090909091,0.23500909090909092,-0.40351818181818183,41.6,0.0313,2
2000-03-08,0.004545454545454546,0.23641818181818183,-0.39983636363636366,40.82727272727272,0.0374,2
2000-03-09,0.0,0.2330727272727273,-0.3937909090909091,41.35454545454545,0.0322,2
2000-03-10,0.0,0.23485454545454545,-0.3981818181818182,41.24545454545454,0.0226,2
2000-03-11,0.0,0.23724545454545456,-0.4093727272727273,41.93636363636364,0.0,2
2000-03-12,0.0,0.23046363636363634,-0.4003,41.47272727272727,0.0495,2
2000-03-13,0.0,0.24528181818181818,-0.37054545454545457,41.47272727272727,0.0228,2
2000-03-14,0.0018181818181818182,0.23705454545454546,-0.3777909090909091,41.90909090909091,0.0244,2
2000-03-15,0.002727272727272727,0.23650000000000002,-0.4356454545454545,41.86363636363637,0.0411,2
2000-03-16,0.002727272727272727,0.23099999999999998,-0.38889999999999997,41.76363636363636,0.0572,2
2000-03-17,0.0,0.23665454545454548,-0.4292,41.64545454545455,0.0463,2
2000-03-18,0.004545454545454546,0.22832727272727274,-0.36708181818181823,42.11818181818182,0.0178,2
2000-03-19,0.0,0.23844545454545454,-0.3890181818181819,41.945454545454545,0.0462,2
2000-03-20,0.0018181818181818182,0.22494545454545456,-0.3856636363636364,42.47272727272727,0.0153,2
2000-03-21,0.002727272727272727,0.23525454545454547,-0.3941454545454546,42.5,0.0,2
2000-03-22,0.0,0.23373636363636363,-0.37814545454545456,42.4,0.0342,2
2000-03-23,0.0,0.23685454545454546,-0.4045363636363637,42.52727272727273,0.0739,2
2000-03-24,0.0,0.2239,-0.3851272727272727,42.21818181818182,0.0148,2
2000-03-25,0.004545454545454546,0.23826363636363634,-0.4190909090909091,42.78181818181818,0.0139,2
2000-03-26,0.0,0.23198181818181818,-0.3622818181818182,42.60909090909091,0.0,2
2000-03-27,0.006363636363636364,0.23403636363636365,-0.4299545454545454,43.22727272727273,0.0221,2
2000-03-28,0.023636363636363636,0.22695454545454546,-0.40742727272727275,43.054545454545455,0.0,2
2000-03-29,0.0,0.21708181818181818,-0.4166727272727273,43.154545454545456,0.0119,2
2000-03-30,0.0,0.23055454545454548,-0.39632727272727275,42.76363636363636,0.017,2
2000-03-31,0.034545454545454546,0.23639090909090907,-0.39577272727272733,43.054545454545455,0.0411,2
2000-04-01,1.5763636363636364,0.22804545454545452,-0.37995454545454543,43.24545454545454,0.0284,2
2000-04-02,0.0,0.2371818181818182,-0.4030909090909091,43.91818181818182,0.0252,2
2000-04-03,0.9845454545454545,0.23344545454545454,-0.3974272727272727,44.127272727272725,0.0,2
2000-04-04,0.2972727272727273,0.24192727272727274,-0.3915363636363636,43.95454545454545,0.0096,2
2000-04-05,1.5881818181818181,0.23337272727272726,-0.3664181818181818,44.17272727272728,0.0036,2
2000-04-06,0.2972727272727273,0.23355454545454546,-0.38093636363636363,44.03636363636363,0.0482,2
2000-04-07,0.1990909090909091,0.23727272727272727,-0.39600909090909087,44.372727272727275,0.0122,2
2000-04-08,0.4390909090909091,0.24226363636363635,-0.3645090909090909,44.46363636363637,0.0477,2
2000-04-09,0.879090909090909,0.23847272727272728,-0.4180363636363636,43.981818181818184,0.0013,2
2000-04-10,0.17,0.239,-0.41356363636363636,43.99090909090909,0.0274,2
2000-04-11,1.4654545454545456,0.2285909090909091,-0.4293818181818182,43.97272727272727,0.0135,2
2000-04-12,1.0945454545454545,0.24078181818181818,-0.3994,44.53636363636363,0.031,2
2000-04-13,0.20181818181818179,0.2385818181818182,-0.4049545454545454,44.73636363636364,0.0599,2
2000-04-14,0.06909090909090909,0.24609090909090908,-0.4008818181818182,44.85454545454545,0.0,2
2000-04-15,0.9172727272727272,0.24682727272727273,-0.3645454545454545,44.41818181818182,0.0546,2
2000-04-16,0.6618181818181819,0.24128181818181818,-0.3901,44.699999999999996,0.0594,2
2000-04-17,0.2318181818181818,0.2414909090909091,-0.4055909090909091,44.73636363636364,0.0,2
2000-04-18,2.057272727272727,0.23916363636363636,-0.39149999999999996,44.654545454545456,0.0113,2
2000-04-19,0.27181818181818185,0.24062727272727272,-0.38887272727272726,45.00909090909091,0.0772,2
2000-04-20,0.2318181818181818,0.24844545454545452,-0.4047545454545455,44.96363636363637,0.0383,2
2000-04-21,0.5909090909090909,0.24183636363636365,-0.3765363636363636,44.872727272727275,0.0131,2
2000-04-22,0.41181818181818186,0.24205454545454544,-0.3564363636363636,44.61818181818182,0.037,2
2000-04-23,0.37363636363636366,0.2366818181818182,-0.3963181818181818,44.79090909090909,0.0089,2
2000-04-24,1.8454545454545455,0.2364272727272727,-0.39931818181818185,44.90909090909091,0.0,2
2000-04-25,0.8927272727272727,0.2553,-0.35068181818181815,44.39090909090909,0.0152,2
2000-04-26,0.0,0.2544272727272727,-0.3861818181818182,45.02727272727273,0.0829,2
2000-04-27,0.44636363636363635,0.23944545454545454,-0.40828181818181813,45.518181818181816,0.0413,2
2000-04-28,1.629090909090909,0.24853636363636367,-0.3669363636363636,44.92727272727273,0.0191,2
2000-04-29,0.5772727272727273,0.2514909090909091,-0.3690181818181818,45.190909090909095,0.0933,2
2000-04-30,0.619090909090909,0.2535363636363636,-0.3740545454545455,44.91818181818182,0.0219,2
2000-05-01,0.9563636363636363,0.2597090909090909,-0.1766,44.95454545454545,0.0707,2
2000-05-02,0.10363636363636365,0.2550363636363636,-0.1885090909090909,45.28181818181818,0.1041,2
2000-05-03,0.7418181818181818,0.25534545454545454,-0.17363636363636364,45.26363636363636,0.0325,2
2000-05-04,0.8963636363636364,0.25078181818181816,-0.17509090909090907,45.36363636363637,0.0391,2
2000-05-05,0.3518181818181818,0.26882727272727275,-0.17837272727272727,44.699999999999996,0.067,2
2000-05-06,0.8836363636363636,0.25895454545454544,-0.19110000000000002,45.554545454545455,0.0163,2
2000-05-07,0.8918181818181818,0.25424545454545455,-0.16825454545454546,45.5,0.0234,2
2000-05-08,2.712727272727273,0.2579272727272727,-0.13720909090909092,45.699999999999996,0.0665,1
2000-05-09,0.4890909090909091,0.2615090909090909,-0.1784,44.800000000000004,0.0661,2
2000-05-10,1.2945454545454547,0.2622181818181818,-0.16187272727272728,45.47272727272727,0.1001,2
2000-05-11,0.38818181818181813,0.25983636363636364,-0.17049999999999998,45.60909090909091,0.0,2
2000-05-12,1.450909090909091,0.26693636363636364,-0.1630090909090909,45.74545454545454,0.0607,2
2000-05-13,0.7336363636363636,0.2751272727272727,-0.16538181818181819,45.35454545454546,0.1291,2
2000-05-14,1.3327272727272728,0.26182727272727274,-0.1472090909090909,45.190909090909095,0.063,2
2000-05-15,1.1272727272727272,0.2741636363636364,-0.15703636363636364,45.64545454545455,0.0405,2
2000-05-16,1.2090909090909092,0.27337272727272727,-0.15508181818181818,46.07272727272727,0.0818,2
2000-05-17,0.4836363636363636,0.27040000000000003,-0.17133636363636365,44.47272727272727,0.0808,2
2000-05-18,3.1145454545454543,0.2768363636363636,-0.12676363636363638,45.31818181818182,0.1303,2
2000-05-19,1.4000000000000001,0.2896636363636364,-0.14738181818181817,45.654545454545456,0.0892,1
2000-05-20,3.0599999999999996,0.2859363636363636,-0.13716363636363635,45.52727272727273,0.0693,2
2000-05-21,1.6409090909090909,0.28,-0.13087272727272728,45.71818181818182,0.1314,1
2000-05-22,0.97,0.27896363636363636,-0.13522727272727272,45.35454545454545,0.1279,1
2000-05-23,1.31,0.2887909090909091,-0.12390909090909091,45.41818181818182,0.0765,2
2000-05-24,4.285454545454545,0.29763636363636364,-0.09074545454545455,46.04545454545455,0.1062,1
2000-05-25,0.6227272727272727,0.2921909090909091,-0.14114545454545455,45.23636363636364,0.1009,1
2000-05-26,2.028181818181818,0.2924090909090909,-0.1172909090909091,45.68181818181818,0.1202,1
2000-05-27,1.9127272727272726,0.29592727272727276,-0.11662727272727272,45.03636363636363,0.1198,1
2000-05-28,1.401818181818182,0.29213636363636364,-0.11621818181818182,45.72727272727273,0.1397,2
2000-05-29,1.7972727272727271,0.29806363636363636,-0.10204545454545455,45.372727272727275,0.1286,1
2000-05-30,2.4499999999999997,0.31914545454545457,-0.10065454545454545,45.0,0.1053,2
2000-05-31,3.783636363636364,0.3165181818181818,-0.09756363636363635,45.300000000000004,0.1208,1
2000-06-01,1.2927272727272727,0.3104545454545455,-0.09377272727272729,45.08181818181818,0.1682,1
2000-06-02,4.512727272727273,0.32183636363636364,-0.06759090909090909,45.29090909090909,0.1028,1
2000-06-03,4.441818181818181,0.32342727272727273,-0.047854545454545455,45.49090909090909,0.1209,1
2000-06-04,0.37000000000000005,0.33521818181818186,-0.09256363636363636,45.36363636363637,0.1326,1
2000-06-05,2.9136363636363636,0.3372454545454545,-0.060136363636363634,44.845454545454544,0.1039,1
2000-06-06,1.6618181818181819,0.3401727272727273,-0.09738181818181818,45.445454545454545,0.1739,1
2000-06-07,6.7,0.3418818181818182,-0.006636363636363635,45.199999999999996,0.1474,1
2000-06-08,3.299090909090909,0.35356363636363636,-0.03989090909090909,45.03636363636363,0.1852,1
2000-06-09,2.178181818181818,0.3311454545454545,-0.06586363636363636,45.42727272727273,0.1529,1
2000-06-10,2.2018181818181817,0.3455818181818182,-0.05105454545454546,45.190909090909095,0.1086,1
2000-06-11,3.6972727272727273,0.3563272727272727,-0.04083636363636364,45.04545454545455,0.153,1
2000-06-12,2.867272727272727,0.3557454545454546,-0.03314545454545455,45.19090909090909,0.0953,1
2000-06-13,13.097272727272726,0.36687272727272724,0.06654545454545455,45.27272727272727,0.2272,1
2000-06-14,7.902727272727273,0.3796090909090909,-0.00848181818181818,44.76363636363636,0.1988,1
2000-06-15,7.917272727272728,0.38101818181818187,0.025836363636363636,44.67272727272727,0.2616,1
2000-06-16,0.5399999999999999,0.39272727272727276,-0.0412,44.699999999999996,0.1477,1
2000-06-17,2.2381818181818183,0.3898454545454546,-0.025218181818181817,44.70909090909091,0.1969,1
2000-06-18,9.654545454545454,0.39952727272727273,0.04103636363636364,44.654545454545456,0.178,1
2000-06-19,6.042727272727273,0.4092545454545455,0.023145454545454545,44.86363636363637,0.201,1
2000-06-20,8.457272727272727,0.41478181818181814,0.05561818181818182,44.49090909090909,0.2116,0
2000-06-21,21.605454545454545,0.4302454545454545,0.1649,44.20909090909091,0.2705,0
2000-06-22,17.25090909090909,0.4394,0.1552818181818182,44.38181818181818,0.3638,1
2000-06-23,4.747272727272727,0.45544545454545454,0.03658181818181819,44.07272727272727,0.287,1
2000-06-24,2.424545454545455,0.4556909090909091,0.02347272727272727,44.17272727272728,0.2706,0
2000-06-25,14.307272727272727,0.45555454545454543,0.13469090909090908,44.00909090909091,0.2933,0
2000-06-26,12.294545454545455,0.4695636363636364,0.11956363636363637,43.61818181818182,0.3165,0
2000-06-27,16.59,0.49366363636363636,0.16307272727272729,43.58181818181818,0.3585,0
2000-06-28,18.255454545454544,0.4914,0.18046363636363638,43.872727272727275,0.3846,1
2000-06-29,30.05909090909091,0.5173090909090909,0.29964545454545455,43.53636363636363,0.4012,1
2000-06-30,20.12909090909091,0.5341818181818182,0.20105454545454543,43.61818181818182,0.4128,1
2000-07-01,24.54272727272727,0.5488999999999999,0.23514545454545452,42.93636363636364,0.5585,0
2000-07-02,38.844545454545454,0.5672090909090909,0.2992181818181818,42.90909090909091,0.6213,1
2000-07-03,32.1390909090909,0.5864454545454545,0.29923636363636363,42.5,0.6362,0
2000-07-04,23.426363636363636,0.5921,0.23958181818181815,43.209090909090904,0.6167,0
2000-07-05,20.64909090909091,0.6092,0.22405454545454545,43.02727272727273,0.6644,0
2000-07-06,47.15181818181818,0.6226545454545455,0.39804545454545454,42.73636363636364,0.7329,1
2000-07-07,13.101818181818182,0.619,0.2026090909090909,41.96363636363637,0.7264,0
2000-07-08,13.043636363636363,0.6362818181818182,0.20667272727272729,41.845454545454544,0.65,0
2000-07-09,30.412727272727274,0.6438272727272727,0.2872181818181818,42.71818181818182,0.6551,0
2000-07-10,29.673636363636362,0.6418636363636364,0.2650090909090909,42.345454545454544,0.6226,0
2000-07-11,28.255454545454544,0.6439272727272727,0.2980090909090909,42.0,0.6166,0
2000-07-12,25.79181818181818,0.6668090909090909,0.33144545454545454,41.981818181818184,0.6909,0
2000-07-13,25.89545454545454,0.6727454545454545,0.29155454545454546,42.23636363636364,0.6374,0
2000-07-14,17.984545454545454,0.6810454545454546,0.25784545454545454,42.39090909090909,0.6229,0
2000-07-15,40.808181818181815,0.6718090909090909,0.3214090909090909,41.53636363636363,0.7109,0
2000-07-16,14.92181818181818,0.6858727272727273,0.2441909090909091,41.800000000000004,0.7142,0
2000-07-17,25.264545454545456,0.6996181818181818,0.3392,41.25454545454546,0.7167,0
2000-07-18,29.817272727272726,0.6956727272727273,0.3927545454545454,41.20909090909091,0.7362,0
2000-07-19,41.71545454545455,0.7069090909090909,0.4273636363636364,41.50909090909091,0.7299,0
2000-07-20,33.01181818181818,0.7062181818181817,0.33892727272727274,41.14545454545455,0.6824,0
2000-07-21,25.714545454545455,0.7104818181818181,0.31633636363636364,40.654545454545456,0.729,0
2000-07-22,37.799090909090914,0.7215545454545454,0.3939363636363637,40.481818181818184,0.7165,0
2000-07-23,47.14818181818182,0.7290454545454547,0.4309181818181818,40.9,0.7055,0
2000-07-24,25.777272727272727,0.7288999999999999,0.3468818181818182,41.04545454545455,0.7149,0
2000-07-25,41.93,0.729990909090909,0.4264181818181818,40.42727272727273,0.7501,0
2000-07-26,61.86818181818182,0.7370727272727272,0.42833636363636357,40.18181818181818,0.7943,0
2000-07-27,53.04818181818182,0.7450454545454545,0.4470545454545455,40.02727272727273,0.7417,0
2000-07-28,33.83090909090909,0.7469727272727272,0.37126363636363635,39.86363636363637,0.7882,0
2000-07-29,31.677272727272726,0.7486727272727273,0.3696454545454546,39.60909090909091,0.7824,0
2000-07-30,63.290000000000006,0.7468272727272727,0.47400909090909094,39.38181818181818,0.8268,0
2000-07-31,42.46636363636364,0.7490636363636363,0.42649999999999993,39.52727272727273,0.7918,0
2000-08-01,36.53545454545454,0.7521454545454546,0.4329181818181818,39.49090909090909,0.7273,0
2000-08-02,37.42454545454546,0.7681818181818181,0.3815,38.99090909090909,0.7689,0
2000-08-03,32.75636363636364,0.7668545454545455,0.4087454545454545,39.02727272727273,0.7318,0
2000-08-04,64.96181818181817,0.7564181818181819,0.45142727272727273,39.40909090909091,0.8543,0
2000-08-05,38.79272727272728,0.764290909090909,0.3382272727272727,38.97272727272727,0.7658,0
2000-08-06,37.99090909090909,0.769,0.3860818181818182,38.627272727272725,0.7584,0
2000-08-07,56.13181818181818,0.7630818181818182,0.5127818181818182,38.518181818181816,0.8364,0
2000-08-08,31.30090909090909,0.7637999999999999,0.36506363636363637,38.67272727272727,0.7755,0
2000-08-09,13.882727272727273,0.7757181818181818,0.24473636363636364,38.199999999999996,0.7436,0
2000-08-10,25.475454545454546,0.7759909090909091,0.31636363636363635,38.74545454545454,0.7506,0
2000-08-11,35.595454545454544,0.7809727272727273,0.3337909090909091,37.70909090909091,0.85,0
2000-08-12,22.075454545454548,0.7742,0.3099545454545454,38.11818181818182,0.7485,0
2000-08-13,34.06909090909091,0.7811818181818182,0.3582636363636364,37.88181818181818,0.7625,0
2000-08-14,23.45,0.7775818181818182,0.2860909090909091,37.31818181818182,0.6977,0
2000-08-15,34.81545454545454,0.7890909090909091,0.34601818181818184,37.85454545454545,0.7183,0
2000-08-16,31.75272727272727,0.784609090909091,0.2877818181818182,37.93636363636364,0.7392,0
2000-08-17,34.403636363636366,0.7934272727272728,0.3042909090909091,37.61818181818182,0.749,0
2000-08-18,34.980909090909094,0.7952454545454546,0.3299727272727273,37.45454545454545,0.7918,0
2000-08-19,11.206363636363635,0.7727363636363637,0.20795454545454548,37.41818181818182,0.7126,0
2000-08-20,32.015454545454546,0.7947636363636363,0.29773636363636363,37.57272727272727,0.7448,0
2000-08-21,40.54727272727273,0.7865363636363636,0.3316909090909091,37.39090909090909,0.7811,0
2000-08-22,19.856363636363636,0.7783636363636363,0.22017272727272727,37.236363636363635,0.7396,0
2000-08-23,18.603636363636365,0.7724818181818182,0.2296181818181818,36.61818181818182,0.6401,0
2000-08-24,9.777272727272727,0.7876545454545455,0.1566909090909091,37.190909090909095,0.6567,0
2000-08-25,23.596363636363638,0.794109090909091,0.24800000000000003,36.9,0.6442,0
2000-08-26,30.466363636363635,0.7955454545454544,0.27205454545454544,37.06363636363636,0.639,0
2000-08-27,15.780909090909091,0.7968636363636363,0.18065454545454546,36.554545454545455,0.6175,0
2000-08-28,9.283636363636363,0.786209090909091,0.0979090909090909,37.12727272727273,0.4963,0
2000-08-29,23.757272727272724,0.7963636363636364,0.20728181818181818,36.845454545454544,0.5455,0
2000-08-30,12.682727272727272,0.7830636363636363,0.14480909090909092,36.38181818181818,0.4968,0
2000-08-31,12.523636363636363,0.7902727272727272,0.14326363636363637,36.39090909090909,0.5767,0
2000-09-01,30.066363636363636,0.7925454545454546,0.24703636363636364,36.23636363636364,0.5853,0
2000-09-02,17.490000000000002,0.7898545454545455,0.1869727272727273,36.28181818181818,0.5217,0
2000-09-03,9.921818181818182,0.7911727272727272,0.08131818181818182,35.99090909090909,0.4731,0
2000-09-04,16.864545454545453,0.7905727272727273,0.13837272727272729,36.23636363636364,0.5786,0
2000-09-05,9.513636363636364,0.7797090909090909,0.08584545454545454,36.690909090909095,0.4915,0
2000-09-06,5.755454545454546,0.7803545454545454,0.04199090909090909,36.018181818181816,0.4233,0
2000-09-07,5.556363636363636,0.7705909090909091,0.03464545454545454,36.11818181818182,0.4277,0
2000-09-08,9.463636363636363,0.7820181818181818,0.056318181818181816,36.1,0.4145,0
2000-09-09,7.962727272727273,0.7679727272727273,0.04517272727272728,35.86363636363637,0.3789,0
2000-09-10,18.636363636363637,0.7704909090909091,0.09589090909090908,36.13636363636363,0.3525,0
2000-09-11,5.6018181818181825,0.7726,0.014699999999999998,35.554545454545455,0.3554,0
2000-09-12,11.032727272727273,0.7477909090909091,0.061909090909090914,35.77272727272727,0.3507,0
2000-09-13,7.502727272727273,0.7560000000000001,0.013254545454545453,35.67272727272727,0.3755,0
2000-09-14,2.0081818181818183,0.7507272727272727,-0.042518181818181816,35.836363636363636,0.345,0
2000-09-15,7.121818181818182,0.7527,0.005109090909090908,35.86363636363637,0.3265,0
2000-09-16,5.336363636363637,0.7394454545454546,-0.008999999999999998,35.627272727272725,0.2483,0
2000-09-17,7.137272727272728,0.7358727272727272,-0.012427272727272731,36.09090909090909,0.2315,0
2000-09-18,4.420909090909091,0.7239,-0.035409090909090904,35.336363636363636,0.2981,0
2000-09-19,4.4327272727272735,0.7260454545454545,-0.03918181818181818,35.690909090909095,0.2799,0
2000-09-20,2.6563636363636363,0.7126545454545454,-0.05702727272727273,35.809090909090905,0.2742,0
2000-09-21,3.5127272727272727,0.7101636363636363,-0.05971818181818182,35.18181818181818,0.2514,0
2000-09-22,2.929090909090909,0.6949000000000001,-0.07613636363636364,35.58181818181818,0.2131,0
2000-09-23,3.0263636363636364,0.7028909090909091,-0.08055454545454545,35.09090909090909,0.24,0
2000-09-24,2.891818181818182,0.6902,-0.08415454545454545,35.25454545454546,0.225,0
2000-09-25,0.0,0.6619272727272727,-0.10574545454545455,35.372727272727275,0.1925,0
2000-09-26,5.693636363636363,0.6641818181818182,-0.056600000000000004,34.86363636363637,0.2372,0
2000-09-27,0.3709090909090909,0.6511727272727272,-0.09697272727272727,34.809090909090905,0.2019,0
2000-09-28,1.8927272727272728,0.6444454545454545,-0.10316363636363636,34.836363636363636,0.212,0
2000-09-29,5.619090909090909,0.6437636363636364,-0.06163636363636364,34.554545454545455,0.2044,0
2000-09-30,1.2445454545454546,0.6357545454545455,-0.12718181818181817,34.71818181818182,0.196,0
2000-10-01,0.0,0.6103000000000001,-0.12681818181818183,34.92727272727273,0.1705,0
2000-10-02,1.6718181818181819,0.6066636363636364,-0.12437272727272729,34.96363636363637,0.1766,0
2000-10-03,1.7309090909090907,0.5917636363636364,-0.11703636363636365,34.800000000000004,0.1351,0
2000-10-04,0.0,0.5688545454545455,-0.13286363636363638,34.57272727272727,0.1634,0
2000-10-05,0.7909090909090909,0.5576363636363637,-0.1461,34.89090909090909,0.1641,0
2000-10-06,0.4263636363636364,0.5652454545454545,-0.1381363636363636,34.64545454545454,0.1514,0
2000-10-07,0.19272727272727275,0.5466727272727273,-0.15767272727272727,34.38181818181818,0.1316,0
2000-10-08,2.139090909090909,0.5422181818181818,-0.12438181818181819,34.61818181818182,0.2104,0
2000-10-09,2.481818181818182,0.5253909090909091,-0.13469090909090908,34.67272727272727,0.1495,0
2000-10-10,0.0,0.5145181818181818,-0.14924545454545457,34.699999999999996,0.1947,0
2000-10-11,0.6554545454545454,0.5076727272727273,-0.14711818181818181,34.21818181818182,0.1758,0
2000-10-12,1.839090909090909,0.5012363636363637,-0.1421090909090909,33.64545454545455,0.2012,0
2000-10-13,0.5054545454545455,0.48624545454545454,-0.15082727272727273,34.627272727272725,0.1431,0
2000-10-14,0.8927272727272727,0.48830909090909086,-0.15031818181818182,33.85454545454545,0.2032,0
2000-10-15,0.40454545454545454,0.47364545454545454,-0.15944545454545456,34.53636363636363,0.216,0
2000-10-16,1.6809090909090911,0.46192727272727274,-0.14735454545454546,34.08181818181818,0.1622,1
2000-10-17,0.0,0.4560272727272727,-0.1799090909090909,34.29090909090909,0.1156,1
2000-10-18,0.15545454545454546,0.43732727272727273,-0.16708181818181816,34.03636363636363,0.1528,0
2000-10-19,0.12181818181818183,0.4360727272727273,-0.15783636363636364,34.46363636363637,0.1668,1
2000-10-20,0.5472727272727272,0.4304909090909091,-0.17475454545454544,33.627272727272725,0.1929,1
2000-10-21,0.0,0.4238454545454546,-0.18075454545454545,34.11818181818182,0.1715,1
2000-10-22,0.46181818181818185,0.42026363636363634,-0.18206363636363634,33.68181818181818,0.1725,1
2000-10-23,0.8836363636363637,0.4145,-0.16019090909090908,33.78181818181818,0.0953,1
2000-10-24,0.3227272727272727,0.4169909090909091,-0.1674,33.654545454545456,0.1287,1
2000-10-25,0.021818181818181816,0.41208181818181816,-0.16785454545454545,33.77272727272727,0.148,1
2000-10-26,0.0,0.4007818181818182,-0.16878181818181817,33.945454545454545,0.1519,1
2000-10-27,0.0,0.39109090909090904,-0.18395454545454545,33.418181818181814,0.1699,1
2000-10-28,0.2581818181818182,0.39231818181818184,-0.1811,33.654545454545456,0.0623,1
2000-10-29,0.0,0.3809909090909091,-0.18436363636363637,33.800000000000004,0.15,1
2000-10-30,0.1918181818181818,0.37397272727272723,-0.17896363636363635,33.63636363636363,0.1734,1
2000-10-31,0.0,0.3867090909090909,-0.19636363636363638,33.20909090909091,0.1336,1
2000-11-01,0.0,0.35562727272727274,-0.3854909090909091,33.28181818181818,0.0957,1
2000-11-02,0.24727272727272726,0.3665727272727273,-0.3624545454545455,33.10909090909091,0.0732,1
2000-11-03,0.0,0.3614909090909091,-0.4139181818181818,33.42727272727273,0.1216,1
2000-11-04,0.0,0.3516090909090909,-0.3805090909090909,33.71818181818182,0.0767,2
2000-11-05,0.0,0.349,-0.3884181818181818,33.46363636363637,0.1316,2
2000-11-06,0.0,0.34436363636363637,-0.39078181818181823,33.445454545454545,0.1269,1
2000-11-07,0.0,0.3503818181818182,-0.3800545454545455,33.300000000000004,0.1361,1
2000-11-08,0.0,0.3310454545454546,-0.40153636363636364,33.09090909090909,0.1351,1
2000-11-09,0.022727272727272728,0.3402909090909091,-0.3862272727272727,33.336363636363636,0.1201,1
2000-11-10,0.0,0.31910909090909095,-0.39935454545454546,33.58181818181818,0.0893,2
2000-11-11,0.04,0.3196181818181818,-0.35564545454545454,33.6,0.1185,2
2000-11-12,0.05,0.3143,-0.4002636363636363,33.10909090909091,0.0445,2
2000-11-13,0.0,0.31979090909090907,-0.3613272727272727,33.127272727272725,0.1028,2
2000-11-14,0.0,0.3079,-0.3909909090909091,33.42727272727273,0.0928,1
2000-11-15,0.0,0.30276363636363635,-0.41212727272727273,33.29090909090909,0.0976,2
2000-11-16,0.014545454545454545,0.3039636363636364,-0.3991181818181818,33.10909090909091,0.1342,2
2000-11-17,0.0,0.2934181818181818,-0.3906363636363636,33.09090909090909,0.166,2
2000-11-18,0.0,0.30136363636363633,-0.40987272727272733,33.209090909090904,0.0338,1
2000-11-19,0.0,0.2902363636363636,-0.3800545454545455,33.67272727272727,0.0422,2
2000-11-20,0.0,0.30012727272727274,-0.4224363636363636,33.20909090909091,0.1331,2
2000-11-21,0.04818181818181819,0.2969818181818182,-0.3958272727272727,33.32727272727273,0.0767,2
2000-11-22,0.0,0.28750000000000003,-0.40347272727272726,33.054545454545455,0.1357,2
2000-11-23,0.0,0.2955818181818182,-0.4132727272727273,33.74545454545454,0.1121,2
2000-11-24,0.023636363636363636,0.28964545454545454,-0.38208181818181813,33.24545454545454,0.0902,2
2000-11-25,0.0,0.28713636363636363,-0.3742636363636364,33.345454545454544,0.1344,2
2000-11-26,0.0,0.26832727272727275,-0.33606363636363634,32.95454545454545,0.082,2
2000-11-27,0.0,0.2777454545454546,-0.39496363636363635,33.75454545454546,0.0857,2
2000-11-28,0.005454545454545454,0.2726454545454545,-0.40983636363636367,33.59090909090909,0.1102,2
2000-11-29,0.01,0.2826272727272727,-0.37151818181818186,33.27272727272727,0.1241,2
2000-11-30,0.0,0.27186363636363636,-0.41094545454545456,33.336363636363636,0.0891,2
2000-12-01,0.0,0.2772636363636364,-0.3799454545454546,33.45454545454545,0.0946,2
2000-12-02,0.023636363636363636,0.2687090909090909,-0.39426363636363637,33.59090909090909,0.0848,2
2000-12-03,0.0,0.26762727272727277,-0.3891090909090909,34.00909090909091,0.0753,2
2000-12-04,0.0,0.26681818181818184,-0.4097181818181818,33.57272727272727,0.1179,2
2000-12-05,0.11727272727272728,0.26127272727272727,-0.37140909090909086,33.71818181818182,0.0684,2
2000-12-06,0.03363636363636364,0.2661454545454545,-0.40900909090909093,33.836363636363636,0.1661,2
2000-12-07,0.02,0.2573909090909091,-0.4182636363636364,33.72727272727273,0.1654,2
2000-12-08,0.034545454545454546,0.25364545454545456,-0.38859999999999995,33.699999999999996,0.1012,2
2000-12-09,0.0,0.26591818181818183,-0.41527272727272724,33.63636363636363,0.1127,2
2000-12-10,0.13636363636363635,0.2597909090909091,-0.39745454545454545,33.800000000000004,0.084,2
2000-12-11,0.0,0.25889090909090906,-0.38386363636363635,33.809090909090905,0.0989,1
2000-12-12,0.024545454545454547,0.25036363636363634,-0.39094545454545454,34.21818181818182,0.0856,2
2000-12-13,0.0,0.2492181818181818,-0.3787181818181818,33.71818181818182,0.1214,2
2000-12-14,0.05181818181818181,0.2423727272727273,-0.37476363636363635,33.60909090909091,0.1591,2
2000-12-15,0.0,0.2438,-0.3769181818181819,34.163636363636364,0.1065,2
2000-12-16,0.023636363636363636,0.24765454545454546,-0.3687545454545455,33.654545454545456,0.1272,2
2000-12-17,0.16272727272727272,0.2517181818181818,-0.3884,33.89090909090909,0.0914,2
2000-12-18,0.0,0.25153636363636367,-0.40850000000000003,33.79090909090909,0.1435,2
2000-12-19,0.12272727272727274,0.24436363636363634,-0.36936363636363634,34.25454545454546,0.1075,2
2000-12-20,0.0,0.24589999999999998,-0.37274545454545455,34.081818181818186,0.1131,2
2000-12-21,0.07454545454545455,0.2507909090909091,-0.34899090909090913,34.50909090909091,0.0988,2
2000-12-22,0.031818181818181815,0.24832727272727276,-0.3746727272727272,34.054545454545455,0.1258,2
2000-12-23,0.0,0.24643636363636362,-0.39399090909090906,34.5,0.083,2
2000-12-24,0.0036363636363636364,0.2441727272727273,-0.3942363636363636,34.59090909090909,0.1092,2
2000-12-25,0.006363636363636363,0.2540454545454546,-0.38987272727272726,34.6,0.062,2
2000-12-26,0.0,0.23892727272727274,-0.37477272727272726,34.43636363636364,0.1168,2
2000-12-27,0.0,0.24710909090909092,-0.4264272727272727,34.199999999999996,0.1481,2
2000-12-28,0.0,0.23800909090909092,-0.40047272727272726,34.654545454545456,0.0721,2
2000-12-29,0.1527272727272727,0.23601818181818182,-0.378690909090909,34.6,0.1085,2
2000-12-30,0.0,0.2405636363636364,-0.3825818181818182,34.345454545454544,0.0933,2
2000-12-31,0.0,0.2342090909090909,-0.42888181818181814,34.836363636363636,0.1169,2
2001-01-01,0.0,0.23611818181818184,-0.39589090909090907,35.21818181818182,0.1226,2
2001-01-02,0.03909090909090909,0.24539999999999998,-0.39951818181818183,34.58181818181818,0.0974,2
2001-01-03,0.009090909090909092,0.2461,-0.3712363636363636,34.73636363636364,0.1091,2
2001-01-04,0.0,0.24229090909090908,-0.3910272727272728,35.07272727272727,0.0672,2
2001-01-05,0.16818181818181818,0.2357,-0.40983636363636367,34.73636363636364,0.1335,2
2001-01-06,0.3054545454545454,0.2395636363636364,-0.42601818181818185,35.17272727272727,0.0921,2
2001-01-07,0.11272727272727273,0.2540272727272727,-0.4080272727272727,35.4,0.146,2
2001-01-08,0.2163636363636364,0.2465818181818182,-0.3721909090909091,35.00909090909091,0.0629,2
2001-01-09,0.0,0.2462,-0.38546363636363634,35.663636363636364,0.1087,2
2001-01-10,0.0,0.2290090909090909,-0.39213636363636367,35.345454545454544,0.0441,2
2001-01-11,0.0018181818181818182,0.2397909090909091,-0.40206363636363635,36.25454545454546,0.1123,2
2001-01-12,0.0,0.24891818181818184,-0.37929999999999997,35.75454545454546,0.0719,2
2001-01-13,0.14818181818181816,0.24441818181818184,-0.41627272727272724,35.64545454545455,0.0919,2
2001-01-14,0.11727272727272728,0.24101818181818183,-0.37470909090909094,36.08181818181818,0.1077,2
2001-01-15,0.0,0.24635454545454546,-0.3593727272727273,35.82727272727273,0.119,2
2001-01-16,0.0,0.24900909090909093,-0.42170909090909087,36.53636363636363,0.1125,2
2001-01-17,0.05545454545454545,0.2382272727272727,-0.3730636363636364,36.18181818181818,0.1063,2
2001-01-18,0.0,0.24387272727272727,-0.4375454545454545,36.52727272727273,0.0744,2
2001-01-19,0.0,0.24041818181818184,-0.3861363636363636,36.53636363636363,0.1058,2
2001-01-20,0.09636363636363637,0.24200909090909092,-0.4015909090909091,36.163636363636364,0.1175,2
2001-01-21,0.0,0.24150909090909092,-0.3981636363636364,36.61818181818182,0.0452,2
2001-01-22,0.05818181818181818,0.2453909090909091,-0.40403636363636364,36.40909090909091,0.0212,2
2001-01-23,0.035454545454545454,0.23849090909090911,-0.3979909090909091,36.61818181818182,0.0576,2
2001-01-24,0.0,0.2406818181818182,-0.4206818181818182,36.79090909090909,0.0658,2
2001-01-25,0.17272727272727273,0.24989999999999998,-0.34946363636363637,37.163636363636364,0.0529,2
2001-01-26,0.0,0.24916363636363636,-0.4052818181818182,36.79090909090909,0.0371,2
2001-01-27,0.16272727272727272,0.23836363636363636,-0.3786,36.91818181818182,0.0786,2
2001-01-28,0.0,0.24876363636363638,-0.41404545454545455,37.21818181818182,0.0892,2
2001-01-29,0.014545454545454545,0.2407,-0.4133272727272727,37.04545454545455,0.1004,2
2001-01-30,0.0,0.23175454545454546,-0.38770909090909095,38.02727272727273,0.0458,2
2001-01-31,0.057272727272727274,0.24578181818181816,-0.38179090909090907,37.23636363636364,0.0498,2
2001-02-01,0.0,0.23605454545454546,-0.4187272727272727,37.554545454545455,0.0616,2
2001-02-02,0.0,0.2459090909090909,-0.37568181818181823,37.57272727272727,0.0689,2
2001-02-03,0.07454545454545454,0.24696363636363639,-0.3790454545454546,37.93636363636364,0.0908,2
2001-02-04,0.0,0.2482909090909091,-0.39187272727272726,37.481818181818184,0.0711,2
2001-02-05,0.0,0.23286363636363638,-0.40703636363636364,38.345454545454544,0.0869,2
2001-02-06,0.0,0.24117272727272726,-0.4162909090909091,38.21818181818182,0.0937,2
2001-02-07,0.0,0.23836363636363636,-0.3921272727272727,37.945454545454545,0.0622,2
2001-02-08,0.05818181818181818,0.24766363636363636,-0.42807272727272727,38.67272727272727,0.0556,2
2001-02-09,0.0,0.23990909090909093,-0.42258181818181817,38.154545454545456,0.0805,2
2001-02-10,0.0,0.24127272727272728,-0.4005909090909091,38.42727272727273,0.0001,2
2001-02-11,0.07545454545454545,0.2453090909090909,-0.3885272727272728,38.654545454545456,0.0358,2
2001-02-12,0.00818181818181818,0.2373,-0.43859090909090914,38.02727272727273,0.1116,2
2001-02-13,0.0,0.2422,-0.4261,38.9,0.0864,2
2001-02-14,0.06727272727272728,0.23895454545454545,-0.39518181818181813,39.018181818181816,0.0743,2
2001-02-15,0.07818181818181819,0.23731818181818182,-0.38672727272727275,38.981818181818184,0.0633,2
2001-02-16,0.022727272727272728,0.24140000000000003,-0.3866727272727273,39.336363636363636,0.0431,2
2001-02-17,0.0,0.24802727272727274,-0.4220181818181818,38.89090909090909,0.0321,2
2001-02-18,0.14909090909090908,0.2419818181818182,-0.3889454545454545,39.1,0.1438,2
2001-02-19,0.0,0.23485454545454545,-0.39187272727272726,39.127272727272725,0.0376,2
2001-02-20,0.005454545454545454,0.23532727272727272,-0.38515454545454547,39.32727272727273,0.0191,2
2001-02-21,0.06636363636363636,0.24531818181818182,-0.4002272727272727,39.445454545454545,0.0162,2
2001-02-22,0.12181818181818181,0.2595454545454545,-0.40620000000000006,39.71818181818182,0.0762,2
2001-02-23,0.022727272727272728,0.2409272727272727,-0.36940909090909096,39.46363636363637,0.0939,2
2001-02-24,0.10090909090909092,0.23474545454545453,-0.41118181818181815,39.581818181818186,0.08,2
2001-02-25,0.013636363636363636,0.2354181818181818,-0.3901454545454545,39.845454545454544,0.0583,2
2001-02-26,0.0,0.2394,-0.3880909090909091,40.445454545454545,0.0745,2
2001-02-27,0.01636363636363636,0.24195454545454548,-0.4074818181818182,40.4,0.043,2
2001-02-28,0.09,0.24270000000000003,-0.3731363636363636,39.92727272727273,0.0818,2
2001-03-01,0.0,0.24953636363636364,-0.4273,41.09090909090909,0.0819,2
2001-03-02,0.0,0.23833636363636365,-0.3898090909090909,40.29090909090909,0.0843,2
2001-03-03,0.0,0.24478181818181818,-0.39850909090909087,40.18181818181818,0.0621,2
2001-03-04,0.0,0.2365090909090909,-0.38423636363636365,40.95454545454545,0.07,2
2001-03-05,0.0009090909090909091,0.24173636363636364,-0.3990636363636364,40.54545454545455,0.0,2
2001-03-06,0.0,0.23657272727272727,-0.3786545454545454,40.67272727272727,0.0373,2
2001-03-07,0.0009090909090909091,0.23990909090909088,-0.40804545454545454,40.70909090909091,0.0864,2
2001-03-08,0.0,0.2368818181818182,-0.38007272727272723,40.96363636363637,0.0688,2
2001-03-09,0.0,0.23836363636363636,-0.40053636363636363,41.04545454545455,0.0933,2
2001-03-10,0.0018181818181818182,0.23950000000000002,-0.42376363636363634,41.17272727272727,0.0173,2
2001-03-11,0.0,0.24013636363636365,-0.3800636363636363,41.39090909090909,0.0386,2
2001-03-12,0.0,0.23659999999999998,-0.41351818181818184,41.64545454545455,0.032,2
2001-03-13,0.0,0.2556909090909091,-0.3986272727272727,41.60909090909091,0.0541,2
2001-03-14,0.002727272727272727,0.24032727272727275,-0.4420818181818182,41.690909090909095,0.0638,2
2001-03-15,0.0009090909090909091,0.2408272727272727,-0.406,41.56363636363636,0.0214,2
2001-03-16,0.002727272727272727,0.23306363636363636,-0.4268272727272727,42.127272727272725,0.0247,2
2001-03-17,0.0,0.24806363636363635,-0.4025272727272727,42.345454545454544,0.0531,2
2001-03-18,0.007272727272727273,0.25720000000000004,-0.3888727272727273,41.53636363636363,0.0132,2
2001-03-19,0.0,0.22895454545454544,-0.42337272727272723,42.0,0.0604,2
2001-03-20,0.0018181818181818182,0.24217272727272726,-0.42129999999999995,42.04545454545455,0.0,2
2001-03-21,0.0,0.2368,-0.42357272727272727,42.50909090909091,0.0299,2
2001-03-22,0.0,0.2471909090909091,-0.4066545454545455,42.35454545454545,0.028,2
2001-03-23,0.0036363636363636364,0.24046363636363638,-0.3885181818181818,42.4,0.0,2
2001-03-24,0.0,0.23741818181818183,-0.39342727272727274,42.56363636363636,0.0312,2
2001-03-25,0.0036363636363636364,0.2343727272727273,-0.4018909090909091,42.91818181818182,0.0652,2
2001-03-26,0.0,0.24582727272727273,-0.3806636363636363,42.58181818181818,0.0115,2
2001-03-27,0.0,0.24345454545454545,-0.3784181818181818,43.018181818181816,0.0397,2
2001-03-28,0.010909090909090908,0.24642727272727274,-0.40957272727272725,43.11818181818182,0.057,2
2001-03-29,0.0,0.24013636363636365,-0.4129454545454545,43.663636363636364,0.007,2
2001-03-30,0.0036363636363636364,0.2486818181818182,-0.38000909090909096,43.22727272727273,0.0203,2
2001-03-31,0.0,0.24735454545454544,-0.3406363636363636,43.09090909090909,0.0,2
2001-04-01,0.6181818181818182,0.24223636363636364,-0.41617272727272725,43.02727272727273,0.0291,2
2001-04-02,1.7545454545454542,0.2318090909090909,-0.41352727272727274,43.736363636363635,0.0137,2
2001-04-03,0.42818181818181816,0.24483636363636363,-0.41420000000000007,43.36363636363637,0.0,2
2001-04-04,0.4872727272727273,0.23864545454545458,-0.37978181818181816,43.43636363636364,0.0,2
2001-04-05,0.6390909090909092,0.2508818181818182,-0.41457272727272726,43.63636363636363,0.0,2
2001-04-06,1.7545454545454546,0.24144545454545455,-0.3957909090909091,44.02727272727273,0.0348,2
2001-04-07,0.057272727272727274,0.24624545454545455,-0.38550909090909086,43.9,0.0338,2
2001-04-08,0.2727272727272727,0.23601818181818182,-0.4116909090909091,43.518181818181816,0.0331,2
2001-04-09,0.2881818181818182,0.24747272727272726,-0.3947909090909091,43.95454545454545,0.0007,2
2001-04-10,1.1118181818181818,0.24028181818181818,-0.4020363636363636,43.63636363636363,0.0815,2
2001-04-11,0.5181818181818182,0.24363636363636362,-0.37319090909090913,44.14545454545455,0.0601,2
2001-04-12,0.21636363636363634,0.2565636363636364,-0.40459090909090906,44.1,0.0482,2
2001-04-13,0.49454545454545457,0.25735454545454545,-0.3936545454545454,43.981818181818184,0.0338,2
2001-04-14,0.08272727272727273,0.25470909090909094,-0.406,43.99090909090909,0.0166,2
2001-04-15,0.6181818181818183,0.2553090909090909,-0.4041545454545455,44.42727272727273,0.0141,2
2001-04-16,0.21454545454545454,0.25131818181818183,-0.4101909090909091,44.29090909090909,0.0107,2
2001-04-17,1.12,0.24784545454545456,-0.3752090909090909,44.17272727272727,0.0747,2
2001-04-18,0.07636363636363636,0.24265454545454546,-0.41262727272727273,43.9,0.0,2
2001-04-19,0.01,0.2515636363636364,-0.38096363636363634,44.59090909090909,0.0,2
2001-04-20,0.2818181818181818,0.2570909090909091,-0.3960545454545455,44.24545454545454,0.0547,2
2001-04-21,0.49090909090909096,0.2505363636363636,-0.3789181818181818,44.08181818181818,0.0288,2
2001-04-22,0.7436363636363637,0.2419818181818182,-0.3940727272727273,44.61818181818182,0.0583,2
2001-04-23,1.0090909090909093,0.24420909090909093,-0.3806090909090909,44.53636363636363,0.0,2
2001-04-24,0.27454545454545454,0.2564,-0.3674454545454546,45.03636363636363,0.0026,2
2001-04-25,0.5427272727272728,0.25440909090909086,-0.41742727272727276,44.945454545454545,0.0,2
2001-04-26,0.23454545454545456,0.2504,-0.37800000000000006,44.58181818181818,0.0,2
2001-04-27,0.47,0.2535909090909091,-0.38479090909090913,44.63636363636363,0.0428,2
2001-04-28,1.3499999999999999,0.2599909090909091,-0.3696,44.89090909090909,0.0262,2
2001-04-29,0.5054545454545454,0.2570090909090909,-0.3897272727272727,44.845454545454544,0.0,2
2001-04-30,0.5863636363636363,0.26278181818181817,-0.4220181818181818,44.83636363636364,0.0,2
2001-05-01,0.18181818181818182,0.2596181818181818,-0.17742727272727274,45.127272727272725,0.0264,2
2001-05-02,1.3181818181818181,0.2593090909090909,-0.1661181818181818,45.32727272727273,0.1252,2
2001-05-03,0.5027272727272728,0.2601818181818182,-0.18084545454545456,44.85454545454545,0.0245,2
2001-05-04,2.2018181818181817,0.2724,-0.16404545454545455,44.82727272727273,0.0,2
2001-05-05,0.7045454545454546,0.2655636363636364,-0.17256363636363636,45.336363636363636,0.0765,2
2001-05-06,1.6545454545454548,0.2667181818181818,-0.15605454545454545,44.71818181818182,0.0383,2
2001-05-07,0.9536363636363636,0.2659,-0.1734090909090909,45.52727272727273,0.0385,2
2001-05-08,0.9409090909090909,0.26643636363636364,-0.176,45.00909090909091,0.1014,2
2001-05-09,0.06181818181818182,0.27642727272727274,-0.17729999999999999,45.163636363636364,0.098,2
2001-05-10,0.21636363636363634,0.27945454545454546,-0.18083636363636363,44.96363636363637,0.0408,2
2001-05-11,0.3727272727272727,0.2691909090909091,-0.17412727272727271,45.04545454545455,0.0165,2
2001-05-12,0.2736363636363636,0.2715181818181818,-0.17078181818181817,45.31818181818182,0.0902,2
2001-05-13,2.940909090909091,0.2736545454545455,-0.1536,45.54545454545455,0.0566,2
2001-05-14,0.3390909090909091,0.28610909090909087,-0.17102727272727272,45.481818181818184,0.0172,1
2001-05-15,0.8890909090909092,0.27772727272727277,-0.1781818181818182,45.554545454545455,0.0842,2
2001-05-16,0.3936363636363636,0.28812727272727273,-0.16214545454545456,44.81818181818182,0.0905,2
2001-05-17,0.8381818181818183,0.2851818181818182,-0.15585454545454544,45.02727272727273,0.0911,2
2001-05-18,0.8490909090909091,0.2808909090909091,-0.1522272727272727,45.38181818181818,0.0665,2
2001-05-19,2.5627272727272725,0.29214545454545454,-0.13436363636363635,45.054545454545455,0.0379,1
2001-05-20,0.8990909090909092,0.29913636363636364,-0.12583636363636364,45.372727272727275,0.073,1
2001-05-21,0.3718181818181818,0.28612727272727273,-0.1565,45.154545454545456,0.0323,2
2001-05-22,2.6836363636363636,0.2901909090909091,-0.13436363636363635,44.627272727272725,0.0586,2
2001-05-23,3.6463636363636365,0.3012090909090909,-0.12605454545454545,45.263636363636365,0.0313,2
2001-05-24,2.071818181818182,0.302,-0.1309090909090909,45.13636363636363,0.0785,1
2001-05-25,2.936363636363636,0.30373636363636364,-0.12139090909090909,45.35454545454546,0.1025,1
2001-05-26,1.1154545454545455,0.303,-0.13411818181818183,45.10909090909091,0.086,1
2001-05-27,2.0045454545454544,0.3040818181818182,-0.11973636363636363,44.690909090909095,0.1098,1
2001-05-28,1.5199999999999998,0.31912727272727276,-0.12648181818181817,45.627272727272725,0.1813,2
2001-05-29,2.56,0.3126090909090909,-0.12366363636363636,45.300000000000004,0.0657,1
2001-05-30,0.36727272727272725,0.31135454545454544,-0.11547272727272727,45.58181818181818,0.0701,1
2001-05-31,1.758181818181818,0.3258636363636364,-0.10575454545454545,45.23636363636364,0.0859,1
2001-06-01,2.239090909090909,0.3140636363636364,-0.10634545454545453,45.35454545454545,0.0902,1
2001-06-02,1.44,0.3321090909090909,-0.10868181818181818,44.981818181818184,0.1121,1
2001-06-03,2.2381818181818183,0.32677272727272727,-0.09356363636363635,45.35454545454545,0.0702,1
2001-06-04,5.986363636363635,0.33125454545454547,-0.04593636363636364,45.09090909090909,0.1253,1
2001-06-05,1.2645454545454546,0.33097272727272725,-0.09156363636363637,45.10909090909091,0.1392,1
2001-06-06,7.081818181818182,0.3316909090909091,-0.02911818181818182,44.93636363636364,0.1265,1
2001-06-07,7.569999999999999,0.34436363636363637,-0.02651818181818182,45.127272727272725,0.1256,1
2001-06-08,2.966363636363636,0.3546727272727273,-0.06407272727272727,44.9,0.1052,1
2001-06-09,0.9563636363636363,0.34668181818181815,-0.08907272727272728,44.97272727272727,0.118,1
2001-06-10,6.885454545454545,0.37486363636363634,-0.007799999999999998,44.800000000000004,0.176,1
2001-06-11,8.376363636363637,0.3707636363636364,0.004309090909090909,44.91818181818182,0.1561,1
2001-06-12,2.7881818181818185,0.3757090909090909,-0.04727272727272727,44.96363636363637,0.1351,1
2001-06-13,12.262727272727272,0.3792363636363636,0.05831818181818182,45.0,0.231,1
2001-06-14,6.2,0.3911727272727273,0.006527272727272728,44.47272727272727,0.2189,0
2001-06-15,4.3145454545454545,0.38811818181818175,-0.006418181818181815,44.29090909090909,0.2167,1
2001-06-16,6.955454545454546,0.4039454545454546,0.016290909090909092,44.57272727272727,0.2181,0
2001-06-17,10.407272727272726,0.41999090909090914,0.04799090909090909,44.9,0.1999,1
2001-06-18,16.757272727272728,0.42625454545454544,0.06885454545454545,44.73636363636364,0.2452,0
2001-06-19,15.075454545454544,0.4399454545454546,0.10814545454545454,44.0,0.3381,0
2001-06-20,4.492727272727273,0.4322545454545455,0.0074090909090909094,44.07272727272727,0.2393,0
2001-06-21,18.2,0.4631363636363636,0.11931818181818182,44.13636363636363,0.3199,0
2001-06-22,4.517272727272727,0.46191818181818184,0.020681818181818183,44.0,0.3258,0
2001-06-23,9.284545454545453,0.45207272727272724,0.05979090909090909,43.75454545454546,0.3567,0
2001-06-24,16.235454545454544,0.4795818181818182,0.1491909090909091,43.96363636363637,0.3194,1
2001-06-25,10.577272727272726,0.5027363636363636,0.1001909090909091,43.91818181818182,0.3068,0
2001-06-26,29.58727272727273,0.4959636363636364,0.23832727272727272,43.800000000000004,0.4306,0
2001-06-27,5.106363636363636,0.5061272727272728,0.05871818181818181,43.53636363636363,0.4005,0
2001-06-28,11.040909090909091,0.5336,0.10932727272727272,43.52727272727273,0.3775,0
2001-06-29,17.221818181818183,0.5423090909090909,0.18865454545454546,43.5,0.4296,0
2001-06-30,35.86272727272728,0.563690909090909,0.25615454545454547,43.6,0.4524,0
2001-07-01,15.988181818181818,0.575490909090909,0.16593636363636363,43.30909090909091,0.443,0
2001-07-02,29.166363636363634,0.5881545454545454,0.3023727272727273,43.154545454545456,0.5731,0
2001-07-03,24.976363636363637,0.6027727272727272,0.25788181818181816,42.945454545454545,0.5618,0
2001-07-04,27.702727272727273,0.6286636363636364,0.23725454545454544,42.99090909090909,0.5883,0
2001-07-05,19.826363636363638,0.6363818181818182,0.20356363636363636,43.11818181818182,0.6149,0
2001-07-06,12.73090909090909,0.6466181818181819,0.17887272727272727,42.59090909090909,0.5764,0
2001-07-07,41.85454545454545,0.6471818181818182,0.34227272727272723,42.36363636363637,0.6695,0
2001-07-08,28.202727272727273,0.6657818181818181,0.31774545454545455,42.06363636363636,0.6958,0
2001-07-09,21.935454545454544,0.6790818181818182,0.2887181818181818,42.03636363636363,0.6528,0
2001-07-10,28.569999999999997,0.6783363636363636,0.23484545454545455,42.10909090909091,0.6136,0
2001-07-11,35.92818181818182,0.6859000000000001,0.3562909090909091,42.31818181818182,0.659,0
2001-07-12,21.53818181818182,0.6950272727272727,0.28792727272727275,42.00909090909091,0.7055,0
2001-07-13,32.88090909090909,0.7045272727272727,0.3336545454545454,41.91818181818182,0.7153,0
2001-07-14,49.49272727272728,0.7112454545454546,0.4494,42.07272727272727,0.7505,0
2001-07-15,35.79363636363636,0.7128181818181818,0.33292727272727274,41.45454545454545,0.7099,0
2001-07-16,19.13,0.7219909090909091,0.2687545454545454,41.41818181818182,0.6723,0
2001-07-17,26.111818181818183,0.7170272727272727,0.31668181818181823,41.336363636363636,0.7482,0
2001-07-18,32.841818181818184,0.7221636363636365,0.3833818181818182,41.17272727272727,0.7886,0
2001-07-19,35.11181818181818,0.7355545454545456,0.39888181818181817,41.199999999999996,0.751,0
2001-07-20,30.931818181818183,0.7353818181818181,0.38992727272727273,40.60909090909091,0.7845,0
2001-07-21,34.24727272727273,0.7387363636363637,0.3933818181818182,40.88181818181818,0.705,0
2001-07-22,45.22363636363636,0.7386272727272728,0.47213636363636363,40.52727272727273,0.818,0
2001-07-23,27.183636363636364,0.7503363636363637,0.2993909090909091,40.518181818181816,0.7216,0
2001-07-24,25.562727272727273,0.7664545454545454,0.36028181818181815,40.336363636363636,0.7487,0
2001-07-25,41.04363636363636,0.7662363636363636,0.4566545454545455,40.32727272727273,0.7266,0
2001-07-26,40.596363636363634,0.7727727272727273,0.4658181818181818,40.23636363636364,0.7441,0
2001-07-27,28.298181818181817,0.7799181818181818,0.34040000000000004,40.300000000000004,0.7679,0
2001-07-28,34.70636363636363,0.7736181818181819,0.4021181818181818,40.06363636363636,0.752,0
2001-07-29,33.70727272727273,0.7833818181818182,0.4027727272727273,40.08181818181818,0.7737,0
2001-07-30,34.97090909090909,0.7777272727272727,0.3909636363636364,39.35454545454545,0.683,0
2001-07-31,57.85363636363636,0.793909090909091,0.45544545454545454,39.4,0.8004,0
2001-08-01,42.74545454545454,0.7900818181818181,0.4940545454545454,39.27272727272727,0.8235,0
2001-08-02,57.804545454545455,0.7917181818181818,0.4749636363636364,39.29090909090909,0.8138,0
2001-08-03,56.550909090909094,0.7947181818181818,0.48211818181818183,39.300000000000004,0.7079,0
2001-08-04,33.63727272727272,0.7963545454545454,0.3979909090909091,39.20909090909091,0.7585,0
2001-08-05,45.43636363636363,0.8015181818181819,0.43152727272727276,39.054545454545455,0.8041,0
2001-08-06,37.345454545454544,0.8066545454545455,0.42163636363636364,38.68181818181818,0.7534,0
2001-08-07,36.341818181818184,0.8019636363636363,0.4153545454545455,38.88181818181818,0.7369,0
2001-08-08,29.213636363636365,0.8038545454545454,0.34234545454545456,38.56363636363636,0.7587,0
2001-08-09,47.83454545454545,0.8136272727272726,0.4468727272727273,38.47272727272727,0.7811,0
2001-08-10,25.173636363636362,0.8080363636363637,0.2985909090909091,38.554545454545455,0.7044,0
2001-08-11,34.442727272727275,0.8060545454545455,0.40280909090909095,38.39090909090909,0.8091,0
2001-08-12,42.400909090909096,0.8187181818181819,0.4133090909090909,38.53636363636363,0.7961,0
2001-08-13,32.43636363636364,0.8152545454545455,0.3256545454545454,38.13636363636363,0.772,0
2001-08-14,25.474545454545456,0.8192727272727273,0.31268181818181817,37.809090909090905,0.7653,0
2001-08-15,25.39636363636364,0.828609090909091,0.28032727272727276,37.58181818181818,0.7299,0
2001-08-16,24.62181818181818,0.8185272727272728,0.3066090909090909,37.481818181818184,0.7786,0
2001-08-17,41.71454545454545,0.8251999999999999,0.34097272727272726,37.78181818181818,0.754,0
2001-08-18,33.28090909090909,0.8275545454545454,0.36015454545454545,37.85454545454545,0.7352,0
2001-08-19,29.076363636363638,0.8309000000000001,0.3141363636363636,37.74545454545454,0.7368,0
2001-08-20,34.32818181818182,0.8272818181818181,0.3466090909090909,37.45454545454545,0.769,0
2001-08-21,30.34090909090909,0.8346363636363637,0.3220727272727273,37.02727272727273,0.74,0
2001-08-22,26.887272727272727,0.8266545454545454,0.29867272727272726,36.92727272727273,0.7898,0
2001-08-23,35.03363636363636,0.8224090909090909,0.3316909090909091,36.945454545454545,0.7557,0
2001-08-24,26.64818181818182,0.8244818181818182,0.2507181818181818,36.59090909090909,0.8153,0
2001-08-25,16.599999999999998,0.8210090909090909,0.21476363636363638,37.26363636363636,0.664,0
2001-08-26,18.69909090909091,0.8302545454545455,0.21644545454545455,37.0,0.7082,0
2001-08-27,33.57272727272727,0.8274090909090909,0.3341727272727273,36.70909090909091,0.7224,0
2001-08-28,21.777272727272727,0.8318454545454546,0.23605454545454546,36.809090909090905,0.6705,0
2001-08-29,12.715454545454547,0.8282727272727274,0.16016363636363637,36.300000000000004,0.6178,0
2001-08-30,19.783636363636365,0.8276545454545455,0.2019363636363636,36.845454545454544,0.5748,0
2001-08-31,11.260909090909092,0.8299,0.13452727272727272,36.14545454545455,0.5815,0
2001-09-01,9.07,0.8283545454545455,0.09868181818181818,36.163636363636364,0.5766,0
2001-09-02,6.935454545454545,0.8220636363636363,0.08925454545454546,36.40909090909091,0.4605,0
2001-09-03,5.447272727272727,0.8237818181818182,0.04799090909090909,36.14545454545455,0.4526,0
2001-09-04,9.767272727272728,0.8219909090909091,0.09529090909090909,36.06363636363636,0.3745,0
2001-09-05,7.0609090909090915,0.8243818181818182,0.06344545454545454,36.18181818181818,0.3506,0
2001-09-06,14.685454545454546,0.8220818181818181,0.12540909090909091,36.54545454545455,0.3191,0
2001-09-07,6.132727272727274,0.8110727272727272,0.025190909090909094,35.89090909090909,0.3653,0
2001-09-08,9.043636363636365,0.8138454545454544,0.07430909090909091,36.43636363636364,0.3152,0
2001-09-09,4.3536363636363635,0.8091545454545455,0.01648181818181818,36.22727272727273,0.3297,0
2001-09-10,7.1863636363636365,0.8082636363636364,0.04,36.372727272727275,0.3375,0
2001-09-11,7.133636363636364,0.8084727272727273,0.040318181818181816,36.190909090909095,0.338,0
2001-09-12,14.236363636363636,0.7979818181818182,0.09484545454545454,35.92727272727273,0.4102,0
2001-09-13,9.756363636363638,0.8044,0.036963636363636365,35.82727272727273,0.3897,0
2001-09-14,2.787272727272727,0.7916818181818183,-0.0317,35.6,0.3327,0
2001-09-15,5.779090909090909,0.7787545454545455,0.0019727272727272714,36.21818181818182,0.2916,0
2001-09-16,5.125454545454545,0.7764818181818182,-0.013372727272727274,35.73636363636364,0.3112,0
2001-09-17,9.068181818181818,0.7640090909090909,0.009772727272727273,35.68181818181818,0.31,0
2001-09-18,2.5427272727272725,0.7544000000000001,-0.05031818181818182,35.36363636363637,0.3228,0
2001-09-19,4.090909090909091,0.7558909090909091,-0.036436363636363635,35.91818181818182,0.2844,0
2001-09-20,1.3081818181818183,0.7440454545454546,-0.07466363636363636,35.41818181818182,0.3066,0
2001-09-21,6.109999999999999,0.7243727272727273,-0.024254545454545452,35.39090909090909,0.283,0
2001-09-22,7.234545454545454,0.7120636363636363,-0.03129090909090909,34.96363636363637,0.2884,0
2001-09-23,5.968181818181819,0.7030090909090909,-0.04192727272727273,35.81818181818182,0.2072,0
2001-09-24,3.909090909090909,0.6953909090909091,-0.07735454545454545,35.70909090909091,0.1996,0
2001-09-25,8.34818181818182,0.6881818181818182,-0.022872727272727277,35.481818181818184,0.2976,0
2001-09-26,4.901818181818182,0.6889272727272727,-0.05966363636363636,35.63636363636363,0.281,0
2001-09-27,3.8518181818181816,0.6638909090909091,-0.07805454545454546,35.64545454545455,0.2559,0
2001-09-28,8.586363636363636,0.6649090909090909,-0.03840909090909091,35.1,0.2614,0
2001-09-29,1.0999999999999999,0.6388454545454546,-0.10911818181818181,34.627272727272725,0.2247,0
2001-09-30,1.5781818181818181,0.6320363636363636,-0.1172090909090909,34.95454545454545,0.2216,0
2001-10-01,2.748181818181818,0.6404636363636363,-0.10140909090909091,35.054545454545455,0.2621,0
2001-10-02,1.4945454545454544,0.6313545454545455,-0.1300818181818182,34.95454545454545,0.2646,0
2001-10-03,1.0690909090909093,0.6088090909090909,-0.13077272727272726,34.36363636363637,0.2179,0
2001-10-04,0.38818181818181824,0.6142181818181819,-0.14214545454545455,34.31818181818182,0.1771,0
2001-10-05,1.5427272727272727,0.5986272727272728,-0.12739999999999999,34.85454545454545,0.1968,0
2001-10-06,0.2918181818181818,0.5835454545454546,-0.1524090909090909,34.6,0.1516,0
2001-10-07,0.7563636363636363,0.5772545454545455,-0.14133636363636362,35.0,0.166,0
2001-10-08,1.0372727272727273,0.5666272727272728,-0.14185454545454546,34.64545454545455,0.1774,0
2001-10-09,0.41,0.5605181818181818,-0.1445909090909091,34.518181818181816,0.1881,0
2001-10-10,0.1990909090909091,0.5561909090909091,-0.15491818181818182,35.04545454545455,0.1389,0
2001-10-11,2.110909090909091,0.5539818181818181,-0.13537272727272726,34.39090909090909,0.1948,0
2001-10-12,1.22,0.5361363636363636,-0.15957272727272728,34.39090909090909,0.1799,0
2001-10-13,0.02909090909090909,0.5285000000000001,-0.17147272727272728,34.054545454545455,0.1592,0
2001-10-14,1.030909090909091,0.5188909090909091,-0.17104545454545453,34.50909090909091,0.1446,0
2001-10-15,1.8127272727272725,0.5031181818181818,-0.16346363636363637,33.96363636363637,0.165,0
2001-10-16,0.0,0.5026,-0.1813818181818182,33.77272727272727,0.1536,0
2001-10-17,0.49636363636363634,0.4843,-0.17088181818181816,34.1,0.1607,0
2001-10-18,0.1890909090909091,0.48554545454545456,-0.16664545454545454,34.10909090909091,0.209,0
2001-10-19,0.8063636363636363,0.47919090909090906,-0.15932727272727273,33.97272727272727,0.1526,0
2001-10-20,0.01909090909090909,0.4697090909090909,-0.18847272727272726,33.554545454545455,0.1601,0
2001-10-21,0.0,0.4729181818181818,-0.1749272727272727,34.6,0.117,0
2001-10-22,0.056363636363636366,0.46202727272727273,-0.18518181818181817,33.85454545454545,0.1763,0
2001-10-23,0.14727272727272725,0.4436,-0.16420909090909092,33.981818181818184,0.1364,0
2001-10-24,0.36727272727272725,0.4370272727272727,-0.1915818181818182,33.85454545454545,0.1376,1
2001-10-25,0.0,0.4184909090909091,-0.17924545454545454,33.42727272727273,0.1809,1
2001-10-26,0.39,0.41403636363636365,-0.18132727272727275,33.70909090909091,0.076,1
2001-10-27,0.0,0.41005454545454545,-0.18844545454545455,33.845454545454544,0.1075,1
2001-10-28,0.3118181818181818,0.3985909090909091,-0.18782727272727273,33.300000000000004,0.1236,1
2001-10-29,1.0799999999999998,0.4105181818181818,-0.1672909090909091,33.6,0.1363,1
2001-10-30,0.0,0.3992181818181818,-0.18053636363636363,33.41818181818182,0.1825,1
2001-10-31,0.36363636363636365,0.3945272727272728,-0.17700909090909092,33.29090909090909,0.1143,1
2001-11-01,0.08363636363636363,0.39045454545454544,-0.39698181818181816,33.163636363636364,0.1265,1
2001-11-02,0.24000000000000002,0.3825818181818182,-0.3981818181818182,33.76363636363636,0.0685,1
2001-11-03,0.0,0.36769999999999997,-0.38856363636363633,33.845454545454544,0.0813,1
2001-11-04,0.0,0.3809363636363637,-0.4003,33.39090909090909,0.0842,1
2001-11-05,0.0,0.36521818181818183,-0.40009090909090905,33.32727272727273,0.1033,1
2001-11-06,0.14818181818181816,0.3694636363636363,-0.3792818181818182,33.20909090909091,0.0929,1
2001-11-07,0.025454545454545455,0.36560909090909094,-0.38290909090909087,33.81818181818182,0.0606,2
2001-11-08,0.13363636363636366,0.3553363636363636,-0.3976909090909091,33.4,0.1136,1
2001-11-09,0.0,0.35594545454545456,-0.3770727272727273,32.82727272727273,0.1462,2
2001-11-10,0.0,0.3456727272727273,-0.3965727272727273,33.800000000000004,0.1223,2
2001-11-11,0.0,0.33998181818181816,-0.37732727272727273,33.46363636363637,0.1208,2
2001-11-12,0.0,0.34316363636363634,-0.4047454545454545,33.31818181818182,0.1381,2
2001-11-13,0.0,0.3346181818181818,-0.41440909090909095,33.127272727272725,0.1233,2
2001-11-14,0.0,0.34296363636363636,-0.4107363636363637,33.5,0.1028,1
2001-11-15,0.0,0.3272818181818182,-0.4027454545454546,33.0,0.1507,1
2001-11-16,0.0,0.31982727272727274,-0.40700000000000003,33.58181818181818,0.1132,2
2001-11-17,0.0,0.3255727272727273,-0.41111818181818177,33.02727272727273,0.089,2
2001-11-18,0.05363636363636364,0.31715454545454547,-0.3956818181818182,33.21818181818182,0.1253,2
2001-11-19,0.030000000000000002,0.31984545454545454,-0.3557727272727273,33.23636363636364,0.0976,2
2001-11-20,0.05727272727272726,0.3070818181818182,-0.40852727272727274,33.21818181818182,0.1349,2
2001-11-21,0.04454545454545455,0.28364545454545453,-0.3984363636363636,33.50909090909091,0.0756,2
2001-11-22,0.026363636363636363,0.30676363636363635,-0.39692727272727274,33.12727272727273,0.1381,2
2001-11-23,0.026363636363636367,0.2934272727272727,-0.40863636363636363,32.63636363636363,0.1327,2
2001-11-24,0.0,0.29215454545454544,-0.40533636363636366,33.37272727272727,0.1018,2
2001-11-25,0.01909090909090909,0.30009090909090913,-0.38446363636363634,32.981818181818184,0.1031,2
2001-11-26,0.0009090909090909091,0.28996363636363637,-0.4081909090909091,33.35454545454545,0.0854,2
2001-11-27,0.0,0.2912909090909091,-0.39078181818181823,33.554545454545455,0.1425,2
2001-11-28,0.007272727272727273,0.28712727272727273,-0.4011090909090909,33.11818181818182,0.0769,1
2001-11-29,0.0,0.28712727272727273,-0.40240000000000004,33.199999999999996,0.1119,2
2001-11-30,0.017272727272727273,0.2797090909090909,-0.3886727272727273,33.23636363636364,0.127,1
2001-12-01,0.06818181818181818,0.2829181818181818,-0.3799454545454546,33.654545454545456,0.1434,2
2001-12-02,0.0,0.2788,-0.40834545454545457,33.96363636363637,0.0803,2
2001-12-03,0.14727272727272725,0.27340000000000003,-0.3989181818181818,33.10909090909091,0.1431,2
2001-12-04,0.08454545454545455,0.2854090909090909,-0.4235181818181818,33.518181818181816,0.1241,2
2001-12-05,0.07181818181818182,0.2772272727272727,-0.3855,33.64545454545455,0.086,2
2001-12-06,0.042727272727272725,0.2674909090909091,-0.4282727272727273,33.41818181818182,0.1387,2
2001-12-07,0.06363636363636363,0.27095454545454545,-0.3847090909090909,33.67272727272727,0.124,2
2001-12-08,0.0,0.26920000000000005,-0.4027272727272727,34.07272727272727,0.1103,2
2001-12-09,0.018181818181818184,0.28045454545454546,-0.4279,33.72727272727273,0.0938,2
2001-12-10,0.051818181818181826,0.2734272727272727,-0.37620909090909094,33.58181818181818,0.0876,2
2001-12-11,0.0,0.2646818181818182,-0.39990909090909094,33.68181818181818,0.0673,1
2001-12-12,0.051818181818181826,0.2637181818181818,-0.39633636363636365,33.25454545454546,0.1253,2
2001-12-13,0.0,0.25689999999999996,-0.4082909090909091,34.26363636363636,0.0976,2
2001-12-14,0.004545454545454546,0.2737727272727273,-0.38443636363636363,33.9,0.1415,2
2001-12-15,0.0,0.2601090909090909,-0.40027272727272734,33.6,0.097,2
2001-12-16,0.05454545454545454,0.26789999999999997,-0.44678181818181817,33.89090909090909,0.1077,2
2001-12-17,0.08636363636363636,0.25531818181818183,-0.37025454545454545,33.900000000000006,0.0693,2
2001-12-18,0.0,0.2550090909090909,-0.40838181818181823,34.47272727272727,0.1274,2
2001-12-19,0.0,0.24925454545454545,-0.4078727272727273,33.69090909090909,0.1059,2
2001-12-20,0.14818181818181816,0.24465454545454549,-0.3905454545454546,34.42727272727273,0.0771,2
2001-12-21,0.015454545454545455,0.25523636363636365,-0.40094545454545455,34.4,0.1059,2
2001-12-22,0.07818181818181819,0.24891818181818184,-0.41102727272727274,34.163636363636364,0.1319,2
2001-12-23,0.0,0.25426363636363636,-0.38212727272727276,34.57272727272727,0.1089,2
2001-12-24,0.01636363636363636,0.2515181818181818,-0.4091454545454546,34.58181818181818,0.0957,2
2001-12-25,0.0,0.2580545454545455,-0.40053636363636363,34.23636363636364,0.1055,2
2001-12-26,0.0,0.2553,-0.38495454545454544,34.445454545454545,0.0803,2
2001-12-27,0.0,0.24574545454545452,-0.37363636363636366,34.800000000000004,0.1348,2
2001-12-28,0.02,0.25063636363636366,-0.40209999999999996,34.154545454545456,0.1026,2
2001-12-29,0.01909090909090909,0.25079999999999997,-0.3760727272727273,34.21818181818182,0.1328,2
2001-12-30,0.0,0.25677272727272726,-0.39575454545454547,34.91818181818182,0.162,2
2001-12-31,0.04454545454545455,0.2549818181818182,-0.36160909090909094,34.54545454545455,0.0793,2
2002-01-01,0.0,0.22403636363636362,-0.40570909090909085,35.11818181818182,0.1788,2
2002-01-02,0.00818181818181818,0.22374545454545453,-0.41411818181818183,35.127272727272725,0.1263,2
2002-01-03,0.002727272727272727,0.21650909090909093,-0.4099909090909091,35.06363636363636,0.0552,2
2002-01-04,0.0,0.2317909090909091,-0.38514545454545457,35.18181818181818,0.0729,2
2002-01-05,0.0009090909090909091,0.2240181818181818,-0.3897363636363636,35.663636363636364,0.0785,2
2002-01-06,0.17,0.22536363636363638,-0.4264636363636363,35.28181818181818,0.097,2
2002-01-07,0.0,0.22764545454545457,-0.42639090909090904,35.59090909090909,0.0421,2
2002-01-08,0.01909090909090909,0.22569999999999998,-0.3918909090909091,34.68181818181818,0.0949,2
2002-01-09,0.0,0.23852727272727273,-0.40533636363636366,35.78181818181818,0.0968,2
2002-01-10,0.07181818181818182,0.21642727272727272,-0.42420909090909087,35.36363636363637,0.1186,2
2002-01-11,0.09090909090909091,0.21736363636363637,-0.39547272727272725,35.42727272727273,0.1471,2
2002-01-12,0.0,0.22337272727272728,-0.3911727272727273,35.42727272727273,0.1074,2
2002-01-13,0.08272727272727273,0.21939090909090908,-0.3987727272727273,35.63636363636363,0.1011,2
2002-01-14,0.0,0.22399090909090907,-0.3896636363636363,35.93636363636364,0.0693,2
2002-01-15,0.28,0.2317181818181818,-0.42386363636363633,36.38181818181818,0.1115,2
2002-01-16,0.04454545454545455,0.22212727272727273,-0.3820454545454545,36.03636363636363,0.0806,2
2002-01-17,0.0,0.22058181818181818,-0.4094545454545454,36.29090909090909,0.099,2
2002-01-18,0.04181818181818182,0.22606363636363636,-0.4122363636363637,36.40909090909091,0.0835,2
2002-01-19,0.1390909090909091,0.22399090909090907,-0.37980909090909093,36.154545454545456,0.1479,2
2002-01-20,0.04,0.22797272727272724,-0.39167272727272723,36.654545454545456,0.1178,2
2002-01-21,0.0009090909090909091,0.2182818181818182,-0.39687272727272727,36.50909090909091,0.0794,2
2002-01-22,0.007272727272727273,0.21809090909090909,-0.3745727272727273,36.53636363636363,0.1234,2
2002-01-23,0.06363636363636363,0.2215272727272727,-0.39483636363636365,37.10909090909091,0.1435,2
2002-01-24,0.049090909090909095,0.22657272727272726,-0.40180000000000005,36.88181818181818,0.1009,2
2002-01-25,0.07727272727272727,0.2283181818181818,-0.3749,36.86363636363637,0.1242,2
2002-01-26,0.21454545454545454,0.21514545454545456,-0.40047272727272726,37.10909090909091,0.0883,2
2002-01-27,0.004545454545454546,0.21893636363636365,-0.4075454545454545,37.25454545454546,0.0966,2
2002-01-28,0.0,0.2226,-0.40235454545454546,36.85454545454545,0.0883,2
2002-01-29,0.0,0.23012727272727274,-0.3950272727272727,37.22727272727273,0.0522,2
2002-01-30,0.026363636363636367,0.2293909090909091,-0.41704545454545455,36.76363636363636,0.1023,2
2002-01-31,0.03727272727272727,0.21576363636363638,-0.37680909090909087,37.690909090909095,0.1249,2
2002-02-01,0.0,0.21492727272727272,-0.3818363636363636,37.77272727272727,0.1175,2
2002-02-02,0.06545454545454546,0.21906363636363635,-0.40242727272727274,37.56363636363636,0.0232,2
2002-02-03,0.0,0.23450909090909092,-0.4049454545454545,37.90909090909091,0.0647,2
2002-02-04,0.0,0.22254545454545455,-0.4374909090909091,38.22727272727273,0.0845,2
2002-02-05,0.14454545454545456,0.2265727272727273,-0.405,37.86363636363637,0.0409,2
2002-02-06,0.005454545454545454,0.22914545454545454,-0.3909181818181819,37.52727272727273,0.0583,2
2002-02-07,0.0,0.2322909090909091,-0.4022272727272727,38.38181818181818,0.111,2
2002-02-08,0.08727272727272727,0.22949090909090908,-0.4276,38.18181818181818,0.0981,2
2002-02-09,0.0,0.2234909090909091,-0.40217272727272724,38.800000000000004,0.1033,2
2002-02-10,0.0,0.22335454545454547,-0.3754454545454546,38.518181818181816,0.0253,2
2002-02-11,0.06363636363636363,0.22719090909090908,-0.4204636363636363,38.60909090909091,0.0814,2
2002-02-12,0.12272727272727274,0.23096363636363637,-0.3956181818181818,38.699999999999996,0.0095,2
2002-02-13,0.007272727272727273,0.2250090909090909,-0.35462727272727274,38.52727272727273,0.0473,2
2002-02-14,0.013636363636363636,0.21408181818181815,-0.38281818181818184,39.06363636363636,0.0895,2
2002-02-15,0.13818181818181818,0.2269909090909091,-0.39707272727272724,38.92727272727273,0.0181,2
2002-02-16,0.03272727272727272,0.23474545454545453,-0.3953909090909091,39.190909090909095,0.0196,2
2002-02-17,0.10727272727272728,0.2207090909090909,-0.40258181818181815,39.32727272727273,0.0563,2
2002-02-18,0.0,0.21843636363636365,-0.4283272727272727,39.27272727272727,0.0885,2
2002-02-19,0.0,0.2325636363636364,-0.41843636363636366,39.61818181818182,0.0436,2
2002-02-20,0.04454545454545455,0.22355454545454548,-0.3721909090909091,39.800000000000004,0.0311,2
2002-02-21,0.0,0.22195454545454546,-0.3860818181818182,39.20909090909091,0.061,2
2002-02-22,0.0,0.22438181818181818,-0.39987272727272727,40.24545454545454,0.0787,2
2002-02-23,0.09272727272727273,0.2224909090909091,-0.42820909090909093,39.845454545454544,0.0655,2
2002-02-24,0.026363636363636363,0.21226363636363638,-0.41497272727272727,40.0,0.0233,2
2002-02-25,0.0,0.22192727272727272,-0.40693636363636365,39.91818181818182,0.0639,2
2002-02-26,0.05272727272727273,0.23436363636363636,-0.38632727272727274,40.04545454545455,0.0318,2
2002-02-27,0.1890909090909091,0.22638181818181816,-0.3869363636363636,40.554545454545455,0.0,2
2002-02-28,0.05272727272727273,0.2268272727272727,-0.38976363636363637,40.27272727272727,0.0571,2
2002-03-01,0.0,0.2315636363636364,-0.4105636363636363,40.50909090909091,0.0614,2
2002-03-02,0.0,0.22085454545454547,-0.4047,40.61818181818182,0.0076,2
2002-03-03,0.0,0.23812727272727274,-0.3767,40.58181818181818,0.0288,2
2002-03-04,0.0,0.2269727272727273,-0.4184909090909091,40.77272727272727,0.0717,2
2002-03-05,0.0009090909090909091,0.2288818181818182,-0.4305727272727273,41.08181818181818,0.0302,2
2002-03-06,0.0,0.23371818181818182,-0.41913636363636364,41.08181818181818,0.0189,2
2002-03-07,0.0,0.2262818181818182,-0.38027272727272726,41.14545454545455,0.0566,2
2002-03-08,0.0,0.22588181818181818,-0.4043909090909091,41.29090909090909,0.0683,2
2002-03-09,0.0,0.22376363636363636,-0.41509090909090907,40.836363636363636,0.0286,2
2002-03-10,0.0,0.22793636363636363,-0.41526363636363633,41.309090909090905,0.0462,2
2002-03-11,0.0009090909090909091,0.23055454545454548,-0.37931818181818183,41.14545454545455,0.0499,2
2002-03-12,0.0,0.2202909090909091,-0.40381818181818185,41.56363636363636,0.0611,2
2002-03-13,0.0018181818181818182,0.22177272727272726,-0.40869090909090905,41.47272727272727,0.0009,2
2002-03-14,0.0018181818181818182,0.23075454545454546,-0.4234727272727273,41.41818181818182,0.0366,2
2002-03-15,0.0,0.2134090909090909,-0.3870363636363636,42.04545454545455,0.0883,2
2002-03-16,0.0036363636363636364,0.22698181818181817,-0.4138454545454545,42.154545454545456,0.0393,2
2002-03-17,0.0,0.22377272727272726,-0.43335454545454544,41.97272727272727,0.0228,2
2002-03-18,0.0018181818181818182,0.21895454545454546,-0.40333636363636366,41.96363636363637,0.0212,2
2002-03-19,0.0018181818181818182,0.21859090909090909,-0.40459090909090906,42.50909090909091,0.0859,2
2002-03-20,0.0018181818181818182,0.21154545454545454,-0.41479090909090915,42.32727272727273,0.0234,2
2002-03-21,0.0,0.22065454545454546,-0.4135363636363636,42.11818181818182,0.0203,2
2002-03-22,0.0,0.21545454545454545,-0.39936363636363637,42.24545454545454,0.0485,2
2002-03-23,0.010909090909090908,0.21593636363636365,-0.39879090909090914,42.445454545454545,0.0478,2
2002-03-24,0.0,0.2219909090909091,-0.41333636363636367,42.627272727272725,0.0196,2
2002-03-25,0.004545454545454546,0.23138181818181816,-0.3901545454545454,42.54545454545455,0.0,2
2002-03-26,0.0018181818181818182,0.23004545454545455,-0.3752545454545455,42.60909090909092,0.0294,2
2002-03-27,0.01090909090909091,0.2183818181818182,-0.4097181818181818,42.91818181818182,0.0058,2
2002-03-28,0.018181818181818184,0.22568181818181818,-0.4073363636363636,43.02727272727273,0.0304,2
2002-03-29,0.0,0.2139181818181818,-0.41492727272727276,42.627272727272725,0.0055,2
2002-03-30,0.0,0.22143636363636363,-0.3708727272727273,42.92727272727273,0.0385,2
2002-03-31,0.02,0.21806363636363635,-0.37296363636363633,42.945454545454545,0.0656,2
2002-04-01,2.5254545454545454,0.22663636363636364,-0.3757909090909091,43.6,0.0,2
2002-04-02,1.1872727272727273,0.22465454545454547,-0.39134545454545455,43.99090909090909,0.0263,2
2002-04-03,0.24818181818181817,0.2302,-0.3767,44.29090909090909,0.0,2
2002-04-04,0.3354545454545455,0.2214818181818182,-0.39145454545454544,43.699999999999996,0.0163,2
2002-04-05,0.03636363636363637,0.21981818181818183,-0.41017272727272724,44.190909090909095,0.0469,2
2002-04-06,0.08090909090909092,0.22779999999999997,-0.40503636363636364,44.6,0.033,2
2002-04-07,0.8063636363636363,0.22260909090909092,-0.38738181818181816,44.054545454545455,0.0275,2
2002-04-08,0.520909090909091,0.22743636363636363,-0.39247272727272725,44.06363636363636,0.0,2
2002-04-09,0.22727272727272727,0.23087272727272729,-0.39581818181818185,44.29090909090909,0.0074,2
2002-04-10,0.7545454545454546,0.2272909090909091,-0.3991454545454545,44.31818181818182,0.0424,2
2002-04-11,0.08363636363636363,0.23406363636363636,-0.40135454545454546,44.17272727272727,0.0,2
2002-04-12,0.32545454545454544,0.2345818181818182,-0.3598909090909091,44.345454545454544,0.0,2
2002-04-13,0.7954545454545454,0.22376363636363636,-0.3861818181818182,44.58181818181818,0.0133,2
2002-04-14,0.05,0.23744545454545454,-0.38322727272727275,44.981818181818184,0.0232,2
2002-04-15,0.09454545454545454,0.2207727272727273,-0.4045272727272727,45.17272727272727,0.0594,2
2002-04-16,0.27,0.22618181818181818,-0.39573636363636366,44.70909090909091,0.0364,2
2002-04-17,0.8090909090909091,0.23347272727272728,-0.3977272727272727,44.97272727272727,0.017,2
2002-04-18,0.4854545454545454,0.22564545454545454,-0.4168090909090909,44.78181818181818,0.0,2
2002-04-19,0.03272727272727272,0.2249,-0.4050090909090909,45.09090909090909,0.0,2
2002-04-20,0.22363636363636363,0.22520909090909091,-0.4162181818181818,44.86363636363637,0.0,2
2002-04-21,0.06545454545454545,0.2371818181818182,-0.39396363636363635,45.59090909090909,0.0,2
2002-04-22,0.0,0.22850909090909088,-0.42006363636363636,45.38181818181818,0.0,2
2002-04-23,0.3009090909090909,0.23871818181818183,-0.39171818181818185,44.654545454545456,0.0,2
2002-04-24,0.4763636363636364,0.23121818181818182,-0.38242727272727267,45.50909090909091,0.0216,2
2002-04-25,0.2772727272727273,0.2364272727272727,-0.37947272727272724,45.481818181818184,0.0,2
2002-04-26,0.16818181818181818,0.23576363636363637,-0.3568090909090909,44.9,0.0003,2
2002-04-27,1.2336363636363636,0.23093636363636366,-0.3738090909090909,45.4,0.0337,2
2002-04-28,0.880909090909091,0.23806363636363637,-0.36267272727272726,45.49090909090909,0.019,2
2002-04-29,0.5245454545454545,0.23393636363636364,-0.3924818181818182,45.54545454545455,0.0074,2
2002-04-30,0.026363636363636363,0.23646363636363635,-0.36356363636363637,45.481818181818184,0.0,2
2002-05-01,0.0,0.24251818181818183,-0.1846,46.04545454545455,0.0777,2
2002-05-02,1.2827272727272727,0.24427272727272725,-0.17529090909090908,45.6,0.0283,2
2002-05-03,0.3890909090909091,0.2384090909090909,-0.1922727272727273,45.836363636363636,0.0941,2
2002-05-04,0.28,0.23749090909090909,-0.19525454545454546,45.08181818181818,0.057,2
2002-05-05,1.6509090909090909,0.2375,-0.16675454545454546,46.08181818181818,0.0851,2
2002-05-06,0.39545454545454545,0.23961818181818184,-0.1832,45.97272727272727,0.0444,2
2002-05-07,1.0527272727272727,0.24615454545454546,-0.17884545454545456,45.800000000000004,0.057,2
2002-05-08,0.4390909090909091,0.2515181818181818,-0.1854909090909091,45.74545454545454,0.0921,2
2002-05-09,1.0518181818181818,0.25424545454545455,-0.1684,45.72727272727273,0.0717,2
2002-05-10,0.7563636363636363,0.2546272727272727,-0.1836636363636364,45.97272727272727,0.0767,2
2002-05-11,1.1881818181818182,0.2488090909090909,-0.16220909090909091,45.76363636363636,0.017,2
2002-05-12,0.6854545454545454,0.26256363636363633,-0.17333636363636365,45.77272727272727,0.0605,2
2002-05-13,0.6636363636363636,0.25534545454545454,-0.15914545454545453,46.018181818181816,0.0119,2
2002-05-14,0.5436363636363636,0.2530818181818182,-0.17363636363636364,46.58181818181818,0.0,2
2002-05-15,0.17272727272727273,0.2541727272727273,-0.1763,46.445454545454545,0.0472,2
2002-05-16,0.5627272727272727,0.2610181818181818,-0.17072727272727273,45.83636363636364,0.0573,2
2002-05-17,0.9627272727272728,0.25221818181818184,-0.14994545454545455,45.85454545454545,0.0912,2
2002-05-18,0.3490909090909091,0.2540909090909091,-0.16295454545454546,45.79090909090909,0.0777,2
2002-05-19,1.5518181818181818,0.26044545454545454,-0.1485,45.654545454545456,0.0744,2
2002-05-20,0.5818181818181819,0.2675363636363636,-0.17020000000000002,45.42727272727273,0.0369,2
2002-05-21,0.8127272727272726,0.2707818181818182,-0.14979090909090909,46.54545454545455,0.0189,2
2002-05-22,1.469090909090909,0.2717818181818182,-0.14116363636363635,45.800000000000004,0.0825,2
2002-05-23,1.1836363636363638,0.2733181818181818,-0.13438181818181819,46.0,0.0528,2
2002-05-24,0.6818181818181818,0.2742181818181818,-0.13722727272727273,46.4,0.0719,2
2002-05-25,2.3154545454545454,0.28255454545454545,-0.13513636363636364,46.18181818181818,0.0701,2
2002-05-26,2.1990909090909088,0.2762,-0.13471818181818182,45.63636363636363,0.0708,2
2002-05-27,1.3690909090909091,0.28095454545454546,-0.12785454545454544,46.00909090909091,0.0972,1
2002-05-28,3.9472727272727273,0.2716090909090909,-0.09769090909090909,45.92727272727273,0.1354,2
2002-05-29,0.8181818181818182,0.2878545454545454,-0.13349090909090908,46.11818181818182,0.0955,2
2002-05-30,1.9772727272727273,0.2787909090909091,-0.11442727272727272,46.127272727272725,0.106,2
2002-05-31,1.0218181818181817,0.29161818181818183,-0.11569090909090908,45.690909090909095,0.1034,1
2002-06-01,3.1872727272727275,0.2954454545454545,-0.0870909090909091,46.28181818181818,0.1289,2
2002-06-02,3.0236363636363635,0.2825,-0.07657272727272728,45.72727272727273,0.0901,1
2002-06-03,1.2272727272727273,0.2993,-0.10059090909090909,45.53636363636363,0.0569,2
2002-06-04,0.18727272727272729,0.31415454545454546,-0.10909090909090909,45.91818181818182,0.1358,1
2002-06-05,2.8372727272727274,0.3014727272727273,-0.07716363636363636,45.5,0.0746,1
2002-06-06,0.4072727272727273,0.30286363636363633,-0.10199090909090908,45.58181818181818,0.1434,1
2002-06-07,0.09454545454545454,0.3120363636363636,-0.09896363636363636,45.93636363636364,0.0483,1
2002-06-08,0.0,0.31326363636363636,-0.07512727272727272,45.35454545454545,0.0474,1
2002-06-09,4.637272727272727,0.32013636363636366,-0.04829090909090909,45.372727272727275,0.1262,1
2002-06-10,2.3327272727272725,0.3183818181818182,-0.0713,45.25454545454546,0.0777,1
2002-06-11,12.010909090909092,0.3283,0.0528,45.199999999999996,0.1776,1
2002-06-12,1.5381818181818183,0.32627272727272727,-0.06273636363636363,45.36363636363637,0.1483,1
2002-06-13,6.5609090909090915,0.3428727272727273,0.006363636363636366,45.52727272727273,0.1091,1
2002-06-14,11.629090909090909,0.34506363636363635,0.06114545454545455,45.21818181818182,0.1611,1
2002-06-15,6.226363636363636,0.3624181818181818,-0.007090909090909092,45.24545454545454,0.2271,1
2002-06-16,8.397272727272728,0.36669090909090907,0.004336363636363637,45.18181818181818,0.2284,1
2002-06-17,4.8518181818181825,0.3729727272727273,-0.007109090909090909,45.22727272727273,0.1914,0
2002-06-18,9.464545454545455,0.37936363636363635,0.046890909090909094,45.35454545454545,0.2163,1
2002-06-19,4.012727272727273,0.3805818181818182,-0.018927272727272723,45.018181818181816,0.1857,1
2002-06-20,7.813636363636363,0.39156363636363634,0.046536363636363626,45.21818181818182,0.2509,1
2002-06-21,7.50090909090909,0.4045272727272727,0.02044545454545454,44.690909090909095,0.2279,1
2002-06-22,9.628181818181817,0.4048363636363636,0.06254545454545454,44.41818181818182,0.2397,1
2002-06-23,7.998181818181817,0.4161909090909091,0.054145454545454545,44.51818181818182,0.1949,1
2002-06-24,8.306363636363637,0.41757272727272726,0.07790909090909091,43.85454545454545,0.2215,1
2002-06-25,15.266363636363637,0.4451181818181818,0.13193636363636363,44.86363636363637,0.2925,0
2002-06-26,12.052727272727275,0.4501181818181818,0.10465454545454546,44.56363636363636,0.3129,0
2002-06-27,12.27818181818182,0.4511090909090909,0.08855454545454546,44.49090909090909,0.2849,1
2002-06-28,12.543636363636363,0.4618818181818182,0.1025090909090909,44.309090909090905,0.3235,0
2002-06-29,24.05545454545455,0.4767090909090909,0.14061818181818184,43.57272727272727,0.3466,0
2002-06-30,18.086363636363636,0.49008181818181823,0.17856363636363637,43.53636363636363,0.3666,0
2002-07-01,16.384545454545453,0.501990909090909,0.16037272727272728,43.11818181818182,0.4762,0
2002-07-02,8.501818181818182,0.5105636363636363,0.08682727272727273,43.72727272727273,0.3817,0
2002-07-03,21.017272727272726,0.5314272727272727,0.17996363636363635,43.190909090909095,0.4786,0
2002-07-04,21.569999999999997,0.5437090909090909,0.18393636363636362,43.31818181818182,0.4155,0
2002-07-05,6.795454545454546,0.5505454545454546,0.09612727272727274,42.67272727272727,0.4256,0
2002-07-06,31.611818181818183,0.5571454545454546,0.2707909090909091,43.11818181818182,0.5601,0
2002-07-07,24.537272727272725,0.5707636363636364,0.2466181818181818,43.08181818181818,0.5153,0
2002-07-08,29.863636363636363,0.5957909090909091,0.2726363636363636,42.75454545454546,0.5363,0
2002-07-09,18.80363636363636,0.6097181818181818,0.21963636363636363,42.06363636363636,0.5765,0
2002-07-10,23.905454545454543,0.6036636363636364,0.2417818181818182,42.06363636363636,0.6014,0
2002-07-11,26.706363636363633,0.6250727272727272,0.2605,42.263636363636365,0.5532,0
2002-07-12,45.905454545454546,0.6337818181818182,0.37132727272727273,42.654545454545456,0.7046,0
2002-07-13,33.07272727272727,0.6398181818181818,0.30672727272727274,41.9,0.696,0
2002-07-14,27.424545454545456,0.647290909090909,0.3023909090909091,42.1,0.7454,0
2002-07-15,38.81363636363637,0.6534545454545454,0.3402090909090909,42.190909090909095,0.6926,0
2002-07-16,33.6109090909091,0.6553,0.3346363636363636,41.88181818181818,0.7242,0
2002-07-17,40.32636363636364,0.6695272727272727,0.2964,41.58181818181818,0.7151,0
2002-07-18,24.924545454545456,0.6716818181818182,0.2227818181818182,41.74545454545454,0.6278,1
2002-07-19,36.09090909090909,0.6740272727272727,0.3456909090909091,41.127272727272725,0.7064,0
2002-07-20,24.127272727272725,0.6732545454545454,0.2983454545454545,41.345454545454544,0.6939,0
2002-07-21,32.64636363636363,0.6762272727272728,0.2540545454545455,40.89090909090909,0.6667,0
2002-07-22,17.900000000000002,0.6818090909090909,0.2528727272727273,41.018181818181816,0.7117,0
2002-07-23,25.181818181818183,0.6940727272727273,0.31403636363636367,40.554545454545455,0.7644,0
2002-07-24,33.60363636363636,0.6842181818181818,0.3958272727272727,41.06363636363636,0.7816,0
2002-07-25,20.94090909090909,0.6961454545454546,0.3024272727272727,40.50909090909091,0.738,0
2002-07-26,32.1390909090909,0.7002454545454545,0.3150909090909091,40.28181818181818,0.6651,0
2002-07-27,24.135454545454547,0.7073545454545455,0.2716,40.199999999999996,0.6612,0
2002-07-28,30.736363636363638,0.7056,0.33088181818181817,40.300000000000004,0.6996,0
2002-07-29,41.49727272727273,0.6980272727272727,0.3728818181818182,40.56363636363636,0.7524,0
2002-07-30,31.571818181818177,0.7099000000000001,0.34684545454545457,39.22727272727273,0.7341,0
2002-07-31,18.212727272727275,0.7265,0.2654,39.63636363636363,0.712,0
2002-08-01,30.516363636363636,0.7326090909090909,0.3135909090909091,39.836363636363636,0.7419,0
2002-08-02,30.38,0.7256545454545454,0.3146909090909091,39.43636363636364,0.7435,0
2002-08-03,30.682727272727274,0.7321727272727273,0.24353636363636363,38.763636363636365,0.678,0
2002-08-04,43.79545454545455,0.7269181818181818,0.3812545454545454,39.28181818181818,0.7545,0
2002-08-05,30.415454545454544,0.7372181818181819,0.3502363636363636,39.41818181818182,0.7621,0
2002-08-06,32.01272727272727,0.7324090909090909,0.3251272727272727,39.20909090909091,0.7405,0
2002-08-07,27.280909090909088,0.7446363636363637,0.23336363636363638,38.872727272727275,0.696,0
2002-08-08,27.58909090909091,0.7494545454545455,0.2797909090909091,39.20909090909091,0.7104,0
2002-08-09,37.39090909090909,0.7482818181818182,0.3113454545454546,38.70909090909091,0.732,0
2002-08-10,29.09,0.7425090909090909,0.3193909090909091,38.46363636363637,0.7469,0
2002-08-11,33.60727272727273,0.7630454545454545,0.31580909090909093,38.36363636363637,0.6979,0
2002-08-12,21.491818181818182,0.7619636363636364,0.2709727272727273,38.554545454545455,0.7449,0
2002-08-13,28.439999999999998,0.7595363636363637,0.33621818181818186,38.52727272727273,0.7088,0
2002-08-14,12.224545454545455,0.7602,0.20512727272727274,38.163636363636364,0.6851,0
2002-08-15,19.727272727272727,0.769581818181818,0.2338909090909091,38.13636363636363,0.6612,0
2002-08-16,25.285454545454545,0.7660272727272727,0.3046,37.85454545454545,0.6855,0
2002-08-17,29.0,0.7692363636363637,0.2902909090909091,38.23636363636364,0.6516,0
2002-08-18,31.329090909090908,0.7759454545454545,0.27854545454545454,38.24545454545454,0.6514,0
2002-08-19,32.17272727272727,0.7682636363636365,0.2896,37.6,0.7333,0
2002-08-20,34.41727272727273,0.7681545454545454,0.2661090909090909,38.04545454545455,0.6998,0
2002-08-21,29.584545454545456,0.7660181818181818,0.28514545454545454,37.945454545454545,0.7433,0
2002-08-22,12.340909090909092,0.7755818181818182,0.16956363636363636,37.45454545454545,0.6724,0
2002-08-23,19.156363636363636,0.7733909090909091,0.21333636363636366,37.56363636363636,0.6377,0
2002-08-24,27.313636363636363,0.7743272727272728,0.2143818181818182,37.372727272727275,0.6524,0
2002-08-25,11.63090909090909,0.7745000000000001,0.14964545454545453,37.39090909090909,0.6296,0
2002-08-26,23.163636363636364,0.7822181818181818,0.23703636363636366,36.96363636363637,0.6284,0
2002-08-27,15.108181818181817,0.7711636363636363,0.18086363636363637,37.13636363636363,0.5389,0
2002-08-28,8.558181818181819,0.7794272727272727,0.10284545454545455,36.78181818181818,0.502,0
2002-08-29,13.360909090909091,0.7701818181818182,0.14323636363636363,36.9,0.5371,0
2002-08-30,6.965454545454545,0.7696545454545455,0.07528181818181819,36.85454545454545,0.4621,0
2002-08-31,29.484545454545458,0.767709090909091,0.26173636363636366,36.9,0.5418,0
2002-09-01,14.887272727272727,0.7767545454545455,0.1222909090909091,36.74545454545454,0.5113,0
2002-09-02,6.422727272727273,0.770818181818182,0.060463636363636365,36.61818181818182,0.3738,0
2002-09-03,22.86,0.7595363636363637,0.1613181818181818,36.627272727272725,0.5367,0
2002-09-04,20.57,0.773090909090909,0.18681818181818183,36.800000000000004,0.5103,0
2002-09-05,7.163636363636363,0.7775181818181818,0.045645454545454545,36.36363636363637,0.4327,0
2002-09-06,14.757272727272726,0.7667,0.13075454545454546,36.41818181818182,0.5122,0
2002-09-07,7.726363636363637,0.7630545454545454,0.04087272727272727,36.17272727272727,0.4252,0
2002-09-08,11.027272727272727,0.7621181818181818,0.04875454545454545,36.800000000000004,0.4373,0
2002-09-09,17.696363636363635,0.7577909090909091,0.1537090909090909,36.1,0.4988,0
2002-09-10,3.7345454545454544,0.7556090909090909,0.0046909090909090885,36.20909090909091,0.3927,0
2002-09-11,5.162727272727273,0.7666363636363637,-0.006063636363636366,36.25454545454546,0.3546,0
2002-09-12,5.861818181818182,0.7426545454545455,0.015627272727272726,35.91818181818182,0.3457,0
2002-09-13,9.646363636363636,0.759609090909091,0.04370909090909091,36.0,0.3289,0
2002-09-14,4.181818181818182,0.7352272727272727,-0.004863636363636364,36.154545454545456,0.3237,0
2002-09-15,7.98,0.727990909090909,0.018818181818181817,35.49090909090909,0.2533,0
2002-09-16,6.565454545454545,0.7300727272727272,0.009718181818181822,35.836363636363636,0.3506,0
2002-09-17,0.20363636363636364,0.7219454545454546,-0.07556363636363636,35.86363636363637,0.2402,0
2002-09-18,5.640909090909091,0.7158,-0.034727272727272725,35.52727272727273,0.1938,0
2002-09-19,1.0218181818181817,0.7066272727272728,-0.06762727272727273,35.49090909090909,0.2499,0
2002-09-20,4.329090909090909,0.6934636363636364,-0.04234545454545455,35.90909090909091,0.2605,0
2002-09-21,7.766363636363637,0.6912909090909092,-0.019036363636363636,35.72727272727273,0.2625,0
2002-09-22,5.751818181818181,0.6794545454545454,-0.04286363636363637,34.92727272727273,0.2672,0
2002-09-23,3.401818181818182,0.6792272727272727,-0.05275454545454545,34.809090909090905,0.2561,0
2002-09-24,4.622727272727273,0.6688181818181819,-0.05931818181818182,35.36363636363637,0.2267,0
2002-09-25,1.0636363636363635,0.6473727272727273,-0.07734545454545455,35.07272727272727,0.2828,0
2002-09-26,0.3418181818181818,0.6563636363636364,-0.10983636363636365,34.86363636363637,0.2572,0
2002-09-27,1.4045454545454545,0.640190909090909,-0.08234545454545456,35.0,0.1641,0
2002-09-28,1.1818181818181819,0.6209181818181818,-0.10617272727272727,35.372727272727275,0.1807,0
2002-09-29,1.270909090909091,0.6275,-0.09876363636363637,34.74545454545454,0.2434,0
2002-09-30,2.367272727272727,0.6019909090909091,-0.1025909090909091,34.5,0.1824,0
2002-10-01,1.497272727272727,0.5938181818181818,-0.1164090909090909,34.60909090909091,0.1565,0
2002-10-02,1.2554545454545456,0.5842363636363637,-0.11065454545454546,35.054545454545455,0.1766,0
2002-10-03,0.8354545454545454,0.5583545454545454,-0.11346363636363636,34.70909090909091,0.2088,0
2002-10-04,2.3390909090909093,0.5637454545454545,-0.1105,34.663636363636364,0.1917,0
2002-10-05,0.16363636363636364,0.5348727272727273,-0.1315818181818182,34.93636363636364,0.1895,0
2002-10-06,1.279090909090909,0.5420636363636363,-0.12200000000000001,34.76363636363636,0.1422,0
2002-10-07,1.6218181818181818,0.5151181818181818,-0.12221818181818182,34.336363636363636,0.2131,0
2002-10-08,1.7309090909090907,0.5270181818181818,-0.1287,34.699999999999996,0.1753,0
2002-10-09,0.0,0.501,-0.1402727272727273,34.02727272727273,0.2121,0
2002-10-10,0.5281818181818182,0.5019545454545454,-0.13878181818181817,34.53636363636363,0.1727,0
2002-10-11,3.3763636363636365,0.49963636363636366,-0.11349090909090909,34.63636363636363,0.1774,0
2002-10-12,0.8227272727272728,0.4869181818181818,-0.1497,34.73636363636364,0.1773,0
2002-10-13,0.7681818181818181,0.4703545454545454,-0.14324545454545456,34.29090909090909,0.156,0
2002-10-14,0.8836363636363637,0.47077272727272723,-0.14214545454545455,34.20909090909091,0.1728,0
2002-10-15,0.7172727272727273,0.4446,-0.1520090909090909,34.054545454545455,0.1408,0
2002-10-16,0.6163636363636363,0.4522363636363637,-0.16543636363636363,34.18181818181818,0.1258,0
2002-10-17,1.1727272727272728,0.4490272727272728,-0.13663636363636364,33.75454545454546,0.2315,0
2002-10-18,0.5172727272727273,0.43169090909090907,-0.15274545454545455,34.127272727272725,0.175,1
2002-10-19,0.8045454545454547,0.4303181818181818,-0.14795454545454545,33.845454545454544,0.1855,0
2002-10-20,0.34454545454545454,0.42152727272727275,-0.16564545454545454,33.53636363636363,0.1857,1
2002-10-21,0.10272727272727272,0.4232090909090909,-0.1551818181818182,34.190909090909095,0.1581,1
2002-10-22,0.03636363636363637,0.4135,-0.16538181818181819,34.49090909090909,0.125,1
2002-10-23,0.5218181818181818,0.40137272727272727,-0.16869090909090909,34.10909090909091,0.1027,1
2002-10-24,0.05454545454545454,0.3973636363636364,-0.17068181818181818,33.92727272727273,0.1697,1
2002-10-25,0.0,0.3818363636363636,-0.17596363636363635,33.63636363636363,0.202,1
2002-10-26,0.13272727272727272,0.39087272727272726,-0.1663090909090909,33.60909090909091,0.1223,1
2002-10-27,0.36272727272727273,0.38547272727272724,-0.15295454545454545,33.96363636363637,0.1672,1
2002-10-28,0.0,0.3805,-0.16126363636363636,33.46363636363637,0.1582,1
2002-10-29,0.15363636363636363,0.37536363636363634,-0.17827272727272728,33.29090909090909,0.0849,1
2002-10-30,0.12545454545454546,0.3729181818181818,-0.15488181818181818,33.74545454545454,0.1269,1
2002-10-31,0.10636363636363635,0.36835454545454543,-0.15682727272727273,33.10909090909091,0.1687,1
2002-11-01,0.0,0.3669,-0.36013636363636364,33.154545454545456,0.0855,1
2002-11-02,0.0,0.3563909090909091,-0.3876818181818182,33.445454545454545,0.1122,1
2002-11-03,0.40545454545454546,0.3498727272727273,-0.37975454545454546,33.61818181818182,0.1307,2
2002-11-04,0.0,0.3509,-0.3996636363636364,33.93636363636364,0.0996,2
2002-11-05,0.0,0.3503181818181818,-0.37639999999999996,33.70909090909091,0.0329,1
2002-11-06,0.0,0.3186090909090909,-0.37682727272727273,33.72727272727273,0.1171,1
2002-11-07,0.04090909090909091,0.33591818181818184,-0.35416363636363635,33.49090909090909,0.1213,2
2002-11-08,0.0,0.3347,-0.3891,33.42727272727273,0.1577,2
2002-11-09,0.009090909090909092,0.3169818181818182,-0.4085090909090909,33.60909090909091,0.1072,1
2002-11-10,0.07363636363636364,0.3201727272727273,-0.43390909090909086,33.38181818181818,0.0919,2
2002-11-11,0.0,0.3120727272727273,-0.40597272727272726,33.14545454545454,0.1301,2
2002-11-12,0.0,0.3095454545454545,-0.3852909090909091,33.27272727272727,0.17,2
2002-11-13,0.015454545454545455,0.31376363636363636,-0.37184545454545453,33.481818181818184,0.0895,2
2002-11-14,0.04,0.31067272727272727,-0.3678272727272727,33.42727272727273,0.1799,2
2002-11-15,0.007272727272727273,0.30823636363636364,-0.38686363636363635,32.872727272727275,0.1196,2
2002-11-16,0.0,0.2988090909090909,-0.4039363636363636,32.92727272727273,0.1285,2
2002-11-17,0.0,0.3049363636363636,-0.4093636363636364,33.78181818181818,0.131,2
2002-11-18,0.02090909090909091,0.28965454545454544,-0.4174090909090909,33.13636363636363,0.1096,2
2002-11-19,0.0,0.2893090909090909,-0.41840000000000005,33.45454545454545,0.117,2
2002-11-20,0.0,0.28547272727272727,-0.4011545454545455,33.58181818181818,0.1036,2
2002-11-21,0.0,0.2819181818181818,-0.4279727272727273,33.03636363636363,0.1166,2
2002-11-22,0.0,0.28765454545454544,-0.4119090909090909,33.21818181818182,0.0987,2
2002-11-23,0.0,0.2773,-0.36288181818181814,33.14545454545454,0.109,2
2002-11-24,0.0,0.2743090909090909,-0.3793909090909091,33.35454545454545,0.1519,2
2002-11-25,0.0,0.26938181818181817,-0.39342727272727274,33.13636363636363,0.0918,2
2002-11-26,0.0,0.2832181818181818,-0.40310909090909086,33.418181818181814,0.1143,2
2002-11-27,0.0,0.27044545454545454,-0.3436090909090909,33.90909090909091,0.1313,1
2002-11-28,0.02909090909090909,0.27404545454545454,-0.3758909090909091,33.336363636363636,0.1423,2
2002-11-29,0.0,0.27008181818181815,-0.38870909090909095,33.63636363636363,0.1069,2
2002-11-30,0.004545454545454546,0.2671181818181818,-0.38692727272727273,33.1,0.08,2
2002-12-01,0.04363636363636363,0.26227272727272727,-0.4084454545454545,33.08181818181818,0.1632,2
2002-12-02,0.0,0.2597,-0.4145,33.38181818181818,0.0776,2
2002-12-03,0.08727272727272727,0.25376363636363636,-0.38335454545454545,33.6,0.0735,2
2002-12-04,0.04818181818181819,0.2592,-0.3957272727272727,33.018181818181816,0.0933,2
2002-12-05,0.0,0.25271818181818184,-0.4131636363636364,33.72727272727273,0.1449,2
2002-12-06,0.0,0.24779090909090906,-0.42755454545454546,33.90909090909091,0.1062,2
2002-12-07,0.0,0.26081818181818184,-0.3800454545454546,33.82727272727273,0.1138,2
2002-12-08,0.14727272727272728,0.24926363636363635,-0.43582727272727273,33.25454545454546,0.1381,2
2002-12-09,0.02,0.2401727272727273,-0.4037636363636363,33.56363636363636,0.1194,2
2002-12-10,0.0036363636363636364,0.2529727272727273,-0.3938272727272727,33.336363636363636,0.1521,2
2002-12-11,0.005454545454545454,0.25274545454545455,-0.40093636363636365,34.027272727272724,0.1622,2
2002-12-12,0.0,0.24394545454545458,-0.4215363636363636,33.78181818181818,0.1203,2
2002-12-13,0.0,0.2556727272727273,-0.3936454545454545,34.07272727272727,0.1001,2
2002-12-14,0.0,0.23739999999999997,-0.37610000000000005,33.95454545454545,0.101,2
2002-12-15,0.0018181818181818182,0.2328,-0.41208181818181816,33.90909090909091,0.0732,2
2002-12-16,0.10090909090909092,0.24167272727272726,-0.34682727272727276,33.445454545454545,0.1878,1
2002-12-17,0.0,0.23182727272727274,-0.4349363636363636,34.18181818181818,0.0695,2
2002-12-18,0.10636363636363638,0.23626363636363637,-0.4121090909090909,34.29090909090909,0.0807,2
2002-12-19,0.0,0.23456363636363636,-0.3568727272727273,34.1,0.1498,2
2002-12-20,0.14454545454545456,0.24215454545454546,-0.38212727272727276,34.345454545454544,0.1542,2
2002-12-21,0.0,0.25027272727272726,-0.41259999999999997,34.18181818181818,0.0592,2
2002-12-22,0.015454545454545455,0.23247272727272728,-0.4080363636363637,33.93636363636364,0.1451,2
2002-12-23,0.05,0.23791818181818183,-0.3776363636363636,34.699999999999996,0.1175,2
2002-12-24,0.02909090909090909,0.23124545454545453,-0.39098181818181815,34.127272727272725,0.1313,2
2002-12-25,0.0,0.24260909090909094,-0.4149181818181818,34.627272727272725,0.068,2
2002-12-26,0.0,0.2296,-0.4137272727272727,34.70909090909091,0.11,2
2002-12-27,0.03272727272727272,0.2461818181818182,-0.3995454545454545,34.49090909090909,0.1362,2
2002-12-28,0.004545454545454546,0.23324545454545456,-0.39440000000000003,34.70909090909091,0.0643,2
2002-12-29,0.04181818181818182,0.23775454545454544,-0.41447272727272727,34.75454545454546,0.1361,2
2002-12-30,0.004545454545454546,0.23847272727272725,-0.38599090909090905,34.309090909090905,0.0979,2
2002-12-31,0.0,0.22665454545454544,-0.4092636363636364,34.518181818181816,0.1366,2
2003-01-01,0.01363636363636364,0.21614545454545456,-0.38480000000000003,35.02727272727273,0.1779,2
2003-01-02,0.0,0.2137363636363636,-0.4727727272727273,34.554545454545455,0.1446,2
2003-01-03,0.006363636363636364,0.21863636363636363,-0.4054818181818182,35.1,0.1169,2
2003-01-04,0.0,0.2218454545454545,-0.39186363636363636,34.945454545454545,0.0409,2
2003-01-05,0.12363636363636363,0.20930909090909092,-0.43313636363636365,35.20909090909091,0.1188,2
2003-01-06,0.022727272727272728,0.20549090909090906,-0.3872090909090909,35.25454545454546,0.0772,2
2003-01-07,0.0,0.21070909090909093,-0.3952454545454545,35.27272727272727,0.131,2
2003-01-08,0.09545454545454544,0.2051818181818182,-0.3994818181818182,35.5,0.105,2
2003-01-09,0.0,0.2070090909090909,-0.41240000000000004,36.04545454545455,0.1121,2
2003-01-10,0.0,0.20739090909090907,-0.4065909090909091,35.39090909090909,0.0894,2
2003-01-11,0.15363636363636363,0.2122090909090909,-0.3857090909090909,35.6,0.0593,2
2003-01-12,0.0,0.2214272727272727,-0.41096363636363636,35.418181818181814,0.0411,2
2003-01-13,0.014545454545454545,0.20395454545454547,-0.39555454545454544,36.08181818181818,0.0394,2
2003-01-14,0.0,0.20248181818181818,-0.39369090909090904,35.663636363636364,0.1302,2
2003-01-15,0.0,0.2118090909090909,-0.41668181818181815,36.14545454545454,0.0747,2
2003-01-16,0.030000000000000002,0.2014090909090909,-0.3840818181818182,35.90909090909091,0.1314,2
2003-01-17,0.0,0.20932727272727272,-0.3739272727272727,36.20909090909091,0.0987,2
2003-01-18,0.022727272727272728,0.20488181818181816,-0.40864545454545453,36.38181818181818,0.0879,2
2003-01-19,0.01636363636363636,0.21093636363636364,-0.3657727272727273,36.09090909090909,0.0907,2
2003-01-20,0.07181818181818181,0.2109181818181818,-0.40243636363636365,36.85454545454545,0.1239,2
2003-01-21,0.0,0.2127,-0.3737363636363637,36.372727272727275,0.0402,2
2003-01-22,0.15999999999999998,0.21892727272727272,-0.41752727272727275,36.690909090909095,0.0762,2
2003-01-23,0.2072727272727273,0.2160909090909091,-0.42067272727272725,36.72727272727273,0.0549,2
2003-01-24,0.07454545454545454,0.20770909090909087,-0.3915363636363636,36.67272727272727,0.0832,2
2003-01-25,0.04818181818181819,0.21530000000000002,-0.4135363636363636,36.82727272727273,0.1006,2
2003-01-26,0.1790909090909091,0.21733636363636363,-0.37714545454545456,36.627272727272725,0.0909,2
2003-01-27,0.0,0.21561818181818182,-0.3806545454545454,36.81818181818182,0.0617,2
2003-01-28,0.15,0.21892727272727272,-0.34957272727272726,36.82727272727273,0.0763,2
2003-01-29,0.1409090909090909,0.2195363636363636,-0.4093636363636364,37.27272727272727,0.023,2
2003-01-30,0.0,0.21632727272727273,-0.38329090909090907,37.018181818181816,0.034,2
2003-01-31,0.060000000000000005,0.21956363636363638,-0.40301818181818183,37.809090909090905,0.0372,2
2003-02-01,0.10454545454545454,0.20491818181818183,-0.39455454545454544,37.97272727272727,0.137,2
2003-02-02,0.031818181818181815,0.2127,-0.40106363636363634,37.76363636363636,0.0243,2
2003-02-03,0.04818181818181819,0.21747272727272726,-0.4018181818181818,37.89090909090909,0.1174,2
2003-02-04,0.06909090909090909,0.20303636363636365,-0.39353636363636363,37.79090909090909,0.1109,2
2003-02-05,0.0,0.2167272727272727,-0.4044272727272727,38.018181818181816,0.0977,2
2003-02-06,0.0,0.21806363636363635,-0.39480909090909094,38.300000000000004,0.0265,2
2003-02-07,0.0,0.2160909090909091,-0.4097909090909091,37.81818181818182,0.0476,2
2003-02-08,0.01636363636363636,0.21445454545454545,-0.4117545454545455,38.54545454545455,0.0389,2
2003-02-09,0.03727272727272728,0.21551818181818183,-0.40758181818181816,38.63636363636363,0.0915,2
2003-02-10,0.0,0.20948181818181819,-0.41906363636363636,38.199999999999996,0.0152,2
2003-02-11,0.04727272727272727,0.20723636363636364,-0.38923636363636366,38.95454545454545,0.089,2
2003-02-12,0.0,0.21816363636363637,-0.42940909090909085,38.43636363636364,0.0305,2
2003-02-13,0.05454545454545454,0.22845454545454544,-0.3933,38.699999999999996,0.0349,2
2003-02-14,0.015454545454545455,0.22572727272727275,-0.3976181818181818,38.45454545454545,0.0609,2
2003-02-15,0.0,0.21480909090909092,-0.39004545454545453,39.20909090909091,0.033,2
2003-02-16,0.0,0.22514545454545454,-0.41005454545454545,39.22727272727273,0.0882,2
2003-02-17,0.0036363636363636364,0.21312727272727272,-0.3942090909090909,39.07272727272727,0.0783,2
2003-02-18,0.0,0.22823636363636365,-0.38115454545454547,39.57272727272727,0.092,2
2003-02-19,0.056363636363636366,0.2251909090909091,-0.4133818181818182,39.27272727272727,0.1122,2
2003-02-20,0.0,0.21434545454545456,-0.3933090909090909,39.59090909090909,0.0555,2
2003-02-21,0.03818181818181818,0.2241818181818182,-0.4225090909090909,39.481818181818184,0.0729,2
2003-02-22,0.1427272727272727,0.21043636363636364,-0.40899090909090907,39.809090909090905,0.0295,2
2003-02-23,0.03727272727272727,0.21410909090909092,-0.4077727272727273,40.345454545454544,0.0366,2
2003-02-24,0.0,0.2125,-0.4279545454545455,39.79090909090909,0.0571,2
2003-02-25,0.0,0.21485454545454544,-0.4012363636363636,40.21818181818182,0.0541,2
2003-02-26,0.0,0.21530000000000002,-0.4277909090909091,40.26363636363636,0.0302,2
2003-02-27,0.07454545454545455,0.21834545454545456,-0.4035,40.190909090909095,0.0513,2
2003-02-28,0.0,0.2116818181818182,-0.4241818181818182,40.0,0.0475,2
2003-03-01,0.0,0.22210909090909092,-0.40351818181818183,40.699999999999996,0.0074,2
2003-03-02,0.0,0.2205,-0.39852727272727273,40.32727272727273,0.0,2
2003-03-03,0.0,0.20982727272727272,-0.41620909090909086,40.309090909090905,0.083,2
2003-03-04,0.0009090909090909091,0.22530909090909093,-0.4163545454545455,41.42727272727273,0.0,2
2003-03-05,0.0,0.20467272727272726,-0.40068181818181814,40.88181818181818,0.0405,2
2003-03-06,0.0,0.2157181818181818,-0.3784636363636364,40.38181818181818,0.0234,2
2003-03-07,0.0,0.2092090909090909,-0.3842727272727273,41.018181818181816,0.048,2
2003-03-08,0.0,0.21227272727272728,-0.3867909090909091,41.481818181818184,0.0198,2
2003-03-09,0.0,0.2097090909090909,-0.3868181818181818,40.9,0.0095,2
2003-03-10,0.0,0.22302727272727274,-0.3584,41.67272727272727,0.0381,2
2003-03-11,0.0,0.2191181818181818,-0.4080272727272727,41.690909090909095,0.0294,2
2003-03-12,0.0,0.2201272727272727,-0.4077454545454545,41.38181818181818,0.0507,2
2003-03-13,0.0,0.21284545454545453,-0.4062545454545454,41.43636363636364,0.0631,2
2003-03-14,0.0,0.21242727272727271,-0.37710000000000005,41.481818181818184,0.0486,2
2003-03-15,0.0009090909090909091,0.21560909090909092,-0.4262181818181818,41.845454545454544,0.0258,2
2003-03-16,0.0,0.2062090909090909,-0.3987363636363636,41.79090909090909,0.0017,2
2003-03-17,0.0,0.22115454545454546,-0.39916363636363633,41.78181818181818,0.0684,2
2003-03-18,0.0,0.21586363636363634,-0.3789,42.13636363636363,0.0384,2
2003-03-19,0.009090909090909092,0.21087272727272727,-0.365,42.38181818181818,0.0,2
2003-03-20,0.0,0.2125,-0.40299999999999997,42.06363636363636,0.043,2
2003-03-21,0.0009090909090909091,0.21175454545454545,-0.38198181818181814,42.372727272727275,0.0394,2
2003-03-22,0.012727272727272728,0.21569090909090907,-0.41478181818181814,42.54545454545455,0.0,2
2003-03-23,0.004545454545454546,0.22438181818181818,-0.40845454545454546,42.74545454545454,0.0803,2
2003-03-24,0.00818181818181818,0.21436363636363637,-0.4104545454545454,42.90909090909091,0.0579,2
2003-03-25,0.011818181818181818,0.21873636363636362,-0.3865636363636364,42.24545454545454,0.0137,2
2003-03-26,0.0,0.20965454545454545,-0.39193636363636364,42.46363636363637,0.0262,2
2003-03-27,0.006363636363636364,0.2136818181818182,-0.4134727272727272,42.88181818181818,0.0541,2
2003-03-28,0.0,0.21096363636363635,-0.38361818181818186,42.91818181818182,0.0252,2
2003-03-29,0.006363636363636363,0.2210181818181818,-0.39589090909090907,43.38181818181818,0.0581,2
2003-03-30,0.0,0.21602727272727273,-0.3725181818181818,43.345454545454544,0.0,2
2003-03-31,0.0,0.21842727272727272,-0.42065454545454545,43.00909090909091,0.0,2
2003-04-01,0.021818181818181816,0.21782727272727273,-0.4223454545454546,44.372727272727275,0.0002,2
2003-04-02,0.5018181818181818,0.20823636363636364,-0.3851636363636363,44.03636363636364,0.0,2
2003-04-03,0.2563636363636364,0.21831818181818183,-0.40037272727272727,43.981818181818184,0.0283,2
2003-04-04,0.0,0.2129181818181818,-0.4183727272727273,44.77272727272727,0.0111,2
2003-04-05,0.9236363636363637,0.22457272727272726,-0.39743636363636364,44.23636363636364,0.0,2
2003-04-06,0.4799999999999999,0.22364545454545456,-0.3708090909090909,44.518181818181816,0.021,2
2003-04-07,1.0918181818181818,0.20456363636363636,-0.3802,44.845454545454544,0.0,2
2003-04-08,0.0036363636363636364,0.21095454545454545,-0.4126454545454545,44.518181818181816,0.03,2
2003-04-09,0.0,0.21451818181818183,-0.41631818181818186,44.981818181818184,0.0,2
2003-04-10,0.5990909090909091,0.21902727272727274,-0.39123636363636366,45.03636363636363,0.0097,2
2003-04-11,0.2,0.22054545454545457,-0.37610000000000005,44.96363636363637,0.0057,2
2003-04-12,0.18999999999999997,0.2152,-0.37577272727272726,45.31818181818182,0.0,2
2003-04-13,0.03818181818181818,0.22143636363636363,-0.4248090909090909,45.309090909090905,0.0098,2
2003-04-14,0.14454545454545456,0.22229090909090907,-0.38898181818181815,45.35454545454545,0.0255,2
2003-04-15,0.47181818181818186,0.21629999999999996,-0.3814181818181818,44.56363636363636,0.0,2
2003-04-16,0.40363636363636357,0.21084545454545456,-0.4069272727272727,45.40909090909091,0.0036,2
2003-04-17,0.9627272727272728,0.21724545454545455,-0.3997090909090909,45.14545454545455,0.056,2
2003-04-18,0.14454545454545453,0.22691818181818182,-0.4099272727272727,45.554545454545455,0.0512,2
2003-04-19,1.5045454545454546,0.22344545454545453,-0.3900636363636364,45.20909090909091,0.0634,2
2003-04-20,0.78,0.21433636363636363,-0.38074545454545455,46.190909090909095,0.0147,2
2003-04-21,0.15818181818181817,0.22125454545454543,-0.3635909090909091,45.64545454545455,0.0051,2
2003-04-22,0.5063636363636363,0.22394545454545456,-0.35414545454545454,45.73636363636364,0.0342,2
2003-04-23,0.26999999999999996,0.22930909090909093,-0.38692727272727273,46.20909090909091,0.0,2
2003-04-24,1.1245454545454547,0.2265818181818182,-0.37006363636363643,46.04545454545455,0.044,2
2003-04-25,0.40090909090909094,0.2402909090909091,-0.38696363636363634,45.9,0.0,2
2003-04-26,0.13,0.23057272727272726,-0.34566363636363634,45.445454545454545,0.0241,2
2003-04-27,0.7554545454545455,0.2242727272727273,-0.42375454545454544,45.74545454545454,0.0248,2
2003-04-28,0.660909090909091,0.22846363636363637,-0.3462454545454545,45.78181818181818,0.0,2
2003-04-29,0.4454545454545454,0.22899090909090908,-0.40846363636363636,45.372727272727275,0.0544,2
2003-04-30,0.609090909090909,0.24936363636363634,-0.36479090909090905,45.800000000000004,0.0,2
2003-05-01,0.2990909090909091,0.23044545454545454,-0.1738909090909091,46.07272727272727,0.0248,2
2003-05-02,0.6036363636363636,0.23334545454545452,-0.1769272727272727,45.73636363636364,0.0767,2
2003-05-03,0.47181818181818186,0.2371818181818182,-0.18113636363636365,45.90909090909091,0.0533,2
2003-05-04,0.2690909090909091,0.23596363636363638,-0.17506363636363637,46.17272727272728,0.0009,2
2003-05-05,3.5490909090909097,0.23678181818181818,-0.14958181818181818,46.49090909090909,0.0339,2
2003-05-06,0.4063636363636363,0.23909090909090908,-0.17352727272727272,46.336363636363636,0.0584,2
2003-05-07,0.5936363636363636,0.23708181818181817,-0.1812090909090909,45.872727272727275,0.0891,2
2003-05-08,1.25,0.2382090909090909,-0.18211818181818182,46.18181818181818,0.0509,2
2003-05-09,1.6163636363636364,0.2456,-0.15462727272727272,46.054545454545455,0.0534,2
2003-05-10,0.4854545454545454,0.23579999999999998,-0.16319090909090908,46.35454545454545,0.0908,2
2003-05-11,0.2,0.25284545454545454,-0.1767,46.17272727272727,0.0603,2
2003-05-12,1.0172727272727273,0.24491818181818178,-0.16017272727272727,46.6,0.0577,2
2003-05-13,0.8645454545454545,0.2517,-0.15499090909090907,46.13636363636363,0.0136,2
2003-05-14,0.25545454545454543,0.2518818181818182,-0.17201818181818182,45.554545454545455,0.0699,2
2003-05-15,1.87,0.25177272727272726,-0.1539818181818182,46.49090909090909,0.0,2
2003-05-16,1.0027272727272727,0.24322727272727274,-0.16837272727272729,45.86363636363637,0.0271,2
2003-05-17,2.916363636363636,0.2621363636363636,-0.13136363636363638,46.372727272727275,0.0678,2
2003-05-18,1.110909090909091,0.2545,-0.16290000000000002,46.20909090909091,0.0597,2
2003-05-19,0.9854545454545455,0.2620454545454545,-0.16132727272727274,46.67272727272727,0.0506,2
2003-05-20,1.0509090909090908,0.2653,-0.1549909090909091,46.654545454545456,0.054,2
2003-05-21,2.881818181818182,0.2575363636363636,-0.13715454545454547,46.07272727272727,0.0858,2
2003-05-22,1.2545454545454544,0.25377272727272726,-0.14507272727272727,46.163636363636364,0.0962,2
2003-05-23,2.2227272727272727,0.2647818181818182,-0.13161818181818183,46.38181818181818,0.0873,2
2003-05-24,1.8045454545454547,0.26597272727272725,-0.13873636363636363,46.1,0.0668,2
2003-05-25,3.105454545454545,0.2681818181818182,-0.12052727272727273,46.09090909090909,0.0214,1
2003-05-26,0.5390909090909091,0.2717272727272727,-0.1451090909090909,46.03636363636363,0.0748,2
2003-05-27,1.360909090909091,0.27537272727272727,-0.11574545454545455,45.79090909090909,0.1149,1
2003-05-28,1.3581818181818182,0.2803090909090909,-0.1297,46.68181818181818,0.0722,2
2003-05-29,2.6572727272727272,0.28405454545454545,-0.10542727272727272,45.60909090909091,0.1362,2
2003-05-30,1.119090909090909,0.27705454545454544,-0.11086363636363637,46.28181818181818,0.0827,2
2003-05-31,0.980909090909091,0.28762727272727273,-0.11789999999999999,45.45454545454545,0.057,1
2003-06-01,0.0,0.29011818181818183,-0.11764545454545455,46.127272727272725,0.0563,1
2003-06-02,1.29,0.2838727272727273,-0.09683636363636362,45.85454545454545,0.0451,1
2003-06-03,4.574545454545454,0.28956363636363636,-0.0683,46.709090909090904,0.0787,2
2003-06-04,1.3227272727272728,0.2927272727272727,-0.0800090909090909,45.31818181818182,0.1364,1
2003-06-05,3.5900000000000003,0.29760000000000003,-0.059463636363636364,46.32727272727273,0.0614,1
2003-06-06,6.054545454545454,0.2959454545454545,-0.043445454545454544,46.27272727272727,0.1689,1
2003-06-07,3.6036363636363635,0.2993181818181818,-0.03919090909090909,45.93636363636364,0.1103,1
2003-06-08,8.787272727272727,0.3219727272727273,-0.0016090909090909105,45.58181818181818,0.1776,1
2003-06-09,10.163636363636364,0.3294181818181818,-0.015754545454545455,45.47272727272727,0.122,1
2003-06-10,5.668181818181818,0.33345454545454545,-0.039827272727272725,46.04545454545455,0.1976,1
2003-06-11,9.284545454545453,0.32477272727272727,-0.004736363636363637,45.336363636363636,0.1881,1
2003-06-12,7.287272727272727,0.34243636363636365,-0.03899090909090908,45.57272727272727,0.2115,1
2003-06-13,6.221818181818182,0.34507272727272725,-0.027936363636363638,44.945454545454545,0.2215,1
2003-06-14,4.224545454545455,0.3522363636363636,-0.010218181818181819,45.50909090909091,0.2151,1
2003-06-15,2.0454545454545454,0.3483,-0.03708181818181819,45.518181818181816,0.1917,1
2003-06-16,5.658181818181818,0.35740909090909095,0.007427272727272726,45.5,0.252,1
2003-06-17,3.561818181818182,0.3644454545454545,-0.020999999999999998,45.04545454545455,0.1881,1
2003-06-18,15.892727272727273,0.37289999999999995,0.07747272727272726,45.74545454545454,0.2344,1
2003-06-19,13.871818181818183,0.38985454545454545,0.08294545454545454,45.42727272727273,0.3074,0
2003-06-20,17.730909090909094,0.38624545454545456,0.12269999999999999,45.23636363636364,0.2837,0
2003-06-21,18.737272727272728,0.40429090909090915,0.12028181818181817,44.89090909090909,0.3071,0
2003-06-22,3.880909090909091,0.4022363636363636,0.008472727272727274,44.61818181818182,0.2489,1
2003-06-23,10.965454545454547,0.4265272727272727,0.09434545454545452,44.67272727272727,0.3252,0
2003-06-24,20.991818181818182,0.43449999999999994,0.17151818181818182,44.690909090909095,0.4311,0
2003-06-25,7.7309090909090905,0.43699090909090904,0.06070909090909091,44.518181818181816,0.3387,1
2003-06-26,12.701818181818181,0.45432727272727275,0.11044545454545455,45.17272727272727,0.3156,0
2003-06-27,9.855454545454545,0.45836363636363636,0.0803090909090909,44.40909090909091,0.3785,0
2003-06-28,14.131818181818181,0.4725818181818182,0.13821818181818182,44.23636363636364,0.3218,0
2003-06-29,15.988181818181818,0.4812272727272727,0.1565,44.82727272727272,0.3472,1
2003-06-30,24.745454545454546,0.4934272727272727,0.1292909090909091,44.60909090909091,0.4282,0
2003-07-01,9.916363636363636,0.5047545454545455,0.10028181818181818,43.236363636363635,0.3873,0
2003-07-02,18.924545454545456,0.5205090909090909,0.1958,43.20909090909091,0.424,0
2003-07-03,5.782727272727272,0.5196454545454545,0.07522727272727273,43.27272727272727,0.3561,0
2003-07-04,23.634545454545457,0.5277181818181819,0.1968272727272727,43.02727272727273,0.452,0
2003-07-05,15.86909090909091,0.5319,0.17483636363636365,43.1,0.482,0
2003-07-06,13.22181818181818,0.5559000000000001,0.1772,42.86363636363637,0.41,1
2003-07-07,29.88181818181818,0.5587636363636364,0.2785272727272727,42.800000000000004,0.4719,0
2003-07-08,19.172727272727272,0.5730363636363637,0.19574545454545456,42.46363636363637,0.5046,0
2003-07-09,4.495454545454546,0.5686727272727272,0.08914545454545454,42.52727272727273,0.3674,0
2003-07-10,21.38818181818182,0.5706272727272726,0.24931818181818183,42.68181818181818,0.5423,0
2003-07-11,19.136363636363637,0.5845818181818182,0.22000909090909093,42.52727272727273,0.4898,0
2003-07-12,13.340000000000002,0.5860545454545455,0.1732,42.57272727272727,0.5087,0
2003-07-13,31.479999999999997,0.5973999999999999,0.3004818181818182,41.85454545454545,0.5497,0
2003-07-14,27.334545454545456,0.6087545454545454,0.2892909090909091,42.154545454545456,0.5258,0
2003-07-15,29.76090909090909,0.6255181818181819,0.3351090909090909,42.26363636363636,0.5405,0
2003-07-16,16.845454545454547,0.6311545454545455,0.1907090909090909,41.627272727272725,0.5708,0
2003-07-17,41.85181818181818,0.6329454545454545,0.32884545454545455,41.64545454545455,0.6861,0
2003-07-18,19.328181818181818,0.6461272727272728,0.24492727272727272,41.18181818181818,0.6629,0
2003-07-19,23.80181818181818,0.6463272727272728,0.2891909090909091,41.654545454545456,0.6585,0
2003-07-20,35.49181818181818,0.6498363636363637,0.33337272727272727,41.18181818181818,0.7227,0
2003-07-21,15.362727272727273,0.6511818181818182,0.23697272727272728,41.08181818181818,0.6855,0
2003-07-22,28.321818181818177,0.6579,0.31965454545454547,41.1,0.6975,0
2003-07-23,23.44818181818182,0.6722363636363636,0.25330909090909093,41.22727272727273,0.6871,0
2003-07-24,20.13181818181818,0.6730181818181818,0.26694545454545454,40.654545454545456,0.6741,0
2003-07-25,30.70909090909091,0.6852909090909091,0.3084090909090909,40.836363636363636,0.6876,0
2003-07-26,31.875454545454545,0.6857090909090909,0.3297818181818182,40.23636363636364,0.7558,0
2003-07-27,34.58363636363636,0.6863545454545454,0.3307454545454545,40.300000000000004,0.679,0
2003-07-28,32.417272727272724,0.6909818181818181,0.3180636363636364,40.77272727272727,0.6934,0
2003-07-29,45.43454545454545,0.6965727272727272,0.39038181818181816,40.5,0.7851,0
2003-07-30,23.462727272727275,0.7059545454545455,0.2698090909090909,40.22727272727273,0.7175,0
2003-07-31,35.42909090909091,0.6939090909090909,0.2948181818181818,40.0,0.6764,0
2003-08-01,46.33,0.7050454545454545,0.41206363636363635,40.04545454545455,0.8047,0
2003-08-02,42.54727272727273,0.7002,0.4118818181818181,39.63636363636363,0.7339,0
2003-08-03,21.542727272727273,0.7129454545454545,0.24925454545454545,39.36363636363637,0.7076,0
2003-08-04,33.54363636363637,0.7190272727272727,0.3641,39.309090909090905,0.7722,0
2003-08-05,20.95,0.7140363636363637,0.24552727272727273,39.25454545454546,0.7599,0
2003-08-06,46.04454545454546,0.7250272727272727,0.4007727272727273,39.445454545454545,0.8349,0
2003-08-07,28.935454545454544,0.7252636363636363,0.32496363636363634,39.345454545454544,0.7552,0
2003-08-08,31.920909090909092,0.7278727272727273,0.31179090909090906,39.04545454545455,0.681,0
2003-08-09,31.81,0.7263818181818181,0.2876909090909091,38.73636363636364,0.7836,0
2003-08-10,33.00090909090909,0.7327727272727272,0.31875454545454546,38.82727272727273,0.7233,0
2003-08-11,32.71909090909091,0.7399545454545454,0.3332363636363636,38.46363636363636,0.7382,0
2003-08-12,22.900000000000002,0.7393272727272727,0.30833636363636363,39.11818181818182,0.711,0
2003-08-13,39.593636363636364,0.746,0.35505454545454546,38.95454545454545,0.7321,0
2003-08-14,22.04,0.7344,0.26222727272727275,38.445454545454545,0.7267,0
2003-08-15,24.684545454545454,0.7412,0.2863545454545455,38.08181818181818,0.7683,0
2003-08-16,31.083636363636366,0.7477,0.25895454545454544,37.836363636363636,0.7463,0
2003-08-17,24.087272727272726,0.7445818181818182,0.21092727272727274,38.07272727272727,0.7003,0
2003-08-18,22.228181818181817,0.7435818181818181,0.25733636363636364,37.77272727272727,0.7412,0
2003-08-19,14.253636363636362,0.7437727272727273,0.1811,38.127272727272725,0.6873,0
2003-08-20,25.16909090909091,0.7506818181818182,0.24863636363636363,37.70909090909091,0.7235,0
2003-08-21,19.479090909090907,0.7502,0.19696363636363634,37.981818181818184,0.5624,0
2003-08-22,21.986363636363635,0.754390909090909,0.18570909090909088,38.163636363636364,0.6154,0
2003-08-23,21.355454545454545,0.7495181818181819,0.23516363636363638,37.518181818181816,0.603,0
2003-08-24,13.910000000000002,0.7380818181818182,0.16157272727272728,37.07272727272727,0.5775,0
2003-08-25,16.16,0.7479636363636364,0.16865454545454545,37.07272727272727,0.5069,0
2003-08-26,23.07,0.7506090909090909,0.2277090909090909,37.38181818181818,0.5847,0
2003-08-27,12.90272727272727,0.7511545454545455,0.125,37.481818181818184,0.5387,0
2003-08-28,17.663636363636364,0.7457545454545454,0.1789,37.06363636363636,0.5219,0
2003-08-29,9.798181818181819,0.7431727272727272,0.11800909090909091,36.75454545454546,0.5606,0
2003-08-30,7.9372727272727275,0.7429181818181818,0.07850909090909092,36.699999999999996,0.4771,0
2003-08-31,6.109090909090909,0.7576454545454545,0.0686,37.28181818181818,0.4334,0
2003-09-01,7.871818181818182,0.7536454545454546,0.08068181818181819,36.85454545454545,0.4587,0
2003-09-02,8.187272727272727,0.7473636363636363,0.08726363636363636,37.0,0.4412,0
2003-09-03,19.634545454545453,0.7410818181818182,0.1678909090909091,36.47272727272727,0.4127,0
2003-09-04,10.798181818181819,0.742909090909091,0.09973636363636364,36.71818181818182,0.4225,0
2003-09-05,12.0,0.7402181818181819,0.07390909090909091,36.63636363636363,0.288,0
2003-09-06,7.515454545454546,0.7293727272727272,0.06311818181818182,36.372727272727275,0.3497,0
2003-09-07,9.379999999999999,0.7378545454545455,0.05010909090909091,36.36363636363637,0.4025,0
2003-09-08,12.965454545454547,0.7379636363636363,0.10473636363636364,36.23636363636364,0.4175,0
2003-09-09,4.0190909090909095,0.7451363636363637,0.019154545454545455,36.00909090909091,0.4293,0
2003-09-10,8.69909090909091,0.7297090909090909,0.03940909090909091,36.32727272727272,0.4017,0
2003-09-11,8.67090909090909,0.7258181818181818,0.03786363636363637,35.86363636363637,0.3289,0
2003-09-12,16.076363636363638,0.7221272727272727,0.09646363636363636,36.09090909090909,0.3443,0
2003-09-13,7.74,0.7232090909090909,0.007799999999999999,35.68181818181818,0.3348,0
2003-09-14,0.7809090909090909,0.7185,-0.046427272727272734,36.14545454545454,0.3361,0
2003-09-15,9.852727272727272,0.7086272727272728,0.03594545454545455,36.345454545454544,0.2885,0
2003-09-16,3.5372727272727276,0.7045363636363636,-0.019590909090909093,35.9,0.3111,0
2003-09-17,12.541818181818183,0.6929363636363637,0.06911818181818181,36.02727272727273,0.3342,0
2003-09-18,6.70090909090909,0.6917454545454546,-0.012654545454545448,35.78181818181818,0.3344,0
2003-09-19,7.057272727272727,0.6849272727272727,0.006918181818181817,35.945454545454545,0.3103,0
2003-09-20,7.844545454545454,0.6736272727272727,-0.00401818181818182,35.5,0.3494,0
2003-09-21,2.049090909090909,0.6680363636363637,-0.06796363636363636,35.29090909090909,0.253,0
2003-09-22,7.350909090909091,0.6699727272727273,-0.0021181818181818194,35.68181818181818,0.2856,0
2003-09-23,1.460909090909091,0.654809090909091,-0.07851818181818182,35.54545454545455,0.2753,0
2003-09-24,4.736363636363636,0.6485818181818181,-0.04170909090909091,35.518181818181816,0.2927,0
2003-09-25,3.1236363636363635,0.6295090909090909,-0.05490909090909091,35.41818181818182,0.3442,0
2003-09-26,2.502727272727273,0.6281909090909091,-0.07402727272727273,35.20909090909091,0.2615,0
2003-09-27,2.340909090909091,0.6001,-0.07696363636363636,35.20909090909091,0.1759,0
2003-09-28,2.8636363636363638,0.5936272727272727,-0.08102727272727273,34.97272727272727,0.2431,0
2003-09-29,0.4436363636363636,0.6000000000000001,-0.10370909090909092,35.47272727272727,0.1847,0
2003-09-30,2.83,0.5837727272727272,-0.0756090909090909,35.309090909090905,0.2142,0
2003-10-01,2.9981818181818185,0.5926454545454546,-0.06788181818181818,34.77272727272727,0.2371,0
2003-10-02,0.34363636363636363,0.5719818181818183,-0.10773636363636364,34.91818181818182,0.1939,0
2003-10-03,4.78090909090909,0.5620545454545455,-0.06110909090909091,34.4,0.1594,0
2003-10-04,1.0463636363636366,0.5511181818181818,-0.10723636363636363,34.96363636363637,0.1762,0
2003-10-05,1.4809090909090907,0.5389454545454545,-0.11414545454545455,34.89090909090909,0.1529,0
2003-10-06,2.1227272727272726,0.5363363636363636,-0.11061818181818181,34.60909090909091,0.2446,0
2003-10-07,1.8863636363636365,0.5241727272727273,-0.11312727272727273,34.73636363636364,0.2558,0
2003-10-08,0.0,0.5160636363636364,-0.1296818181818182,34.70909090909091,0.1998,0
2003-10-09,3.2100000000000004,0.5126454545454545,-0.0874,34.554545454545455,0.2473,0
2003-10-10,1.4363636363636363,0.5165909090909091,-0.12413636363636363,34.018181818181816,0.1935,0
2003-10-11,1.07,0.4989909090909091,-0.13085454545454545,33.981818181818184,0.1915,0
2003-10-12,0.18545454545454546,0.4862090909090909,-0.1403909090909091,33.845454545454544,0.2098,0
2003-10-13,0.38636363636363635,0.48279090909090905,-0.13376363636363636,34.190909090909095,0.1709,0
2003-10-14,0.5927272727272727,0.45675454545454547,-0.12990000000000002,34.800000000000004,0.1983,0
2003-10-15,0.0,0.4622090909090909,-0.15839090909090908,34.40909090909091,0.1753,0
2003-10-16,0.8281818181818181,0.44748181818181815,-0.14834545454545453,34.663636363636364,0.1425,0
2003-10-17,0.9327272727272727,0.44202727272727277,-0.13832727272727274,34.26363636363636,0.1829,0
2003-10-18,0.32909090909090905,0.4380818181818182,-0.15078181818181818,34.10909090909091,0.1344,0
2003-10-19,0.15181818181818182,0.4326636363636363,-0.14642727272727274,34.127272727272725,0.1739,0
2003-10-20,0.31,0.4197272727272727,-0.14881818181818182,33.99090909090909,0.1657,0
2003-10-21,0.8554545454545455,0.4076,-0.1419181818181818,33.67272727272727,0.1754,1
2003-10-22,0.0,0.39147272727272725,-0.1565,33.79090909090909,0.1586,1
2003-10-23,0.26272727272727275,0.3983727272727273,-0.1507,33.99090909090909,0.1513,1
2003-10-24,0.15,0.3874909090909091,-0.16116363636363637,33.71818181818182,0.1809,1
2003-10-25,0.0,0.38011818181818186,-0.15211818181818182,33.845454545454544,0.1577,1
2003-10-26,0.45909090909090905,0.3665090909090909,-0.14621818181818183,33.627272727272725,0.1525,1
2003-10-27,0.0,0.37785454545454544,-0.1532,33.372727272727275,0.0977,1
2003-10-28,0.045454545454545456,0.37420000000000003,-0.1554090909090909,33.29090909090909,0.1627,1
2003-10-29,0.0,0.3561818181818182,-0.15585454545454544,33.300000000000004,0.0994,1
2003-10-30,0.04363636363636363,0.36177272727272725,-0.15975454545454545,33.36363636363637,0.163,1
2003-10-31,0.1590909090909091,0.3608363636363636,-0.16826363636363637,33.22727272727273,0.1611,1
2003-11-01,0.0,0.3573727272727273,-0.3770909090909091,33.18181818181818,0.0983,1
2003-11-02,0.0,0.3412545454545455,-0.4066636363636364,33.92727272727273,0.0585,2
2003-11-03,0.0,0.3383181818181818,-0.38429090909090907,33.78181818181818,0.097,2
2003-11-04,0.0,0.3338090909090909,-0.3905272727272727,33.26363636363636,0.143,1
2003-11-05,0.0,0.32932727272727275,-0.38377272727272727,33.699999999999996,0.105,1
2003-11-06,0.0,0.32477272727272727,-0.3791363636363636,33.57272727272727,0.1199,1
2003-11-07,0.0,0.3135,-0.38830000000000003,32.90909090909091,0.1501,1
2003-11-08,0.0,0.3030909090909091,-0.3855272727272727,33.30909090909091,0.1632,2
2003-11-09,0.007272727272727273,0.30882727272727273,-0.39131818181818184,33.29090909090909,0.1596,2
2003-11-10,0.0,0.30634545454545453,-0.43405454545454547,33.43636363636364,0.1194,2
2003-11-11,0.0,0.29873636363636363,-0.3887181818181818,33.26363636363636,0.089,2
2003-11-12,0.0,0.2887272727272727,-0.39442727272727274,33.10909090909091,0.0776,2
2003-11-13,0.0,0.29260909090909093,-0.39469090909090904,32.836363636363636,0.1415,2
2003-11-14,0.03636363636363637,0.28041818181818184,-0.36924545454545454,33.78181818181818,0.1092,2
2003-11-15,0.0,0.276,-0.3972545454545454,33.32727272727273,0.1403,2
2003-11-16,0.0,0.2937181818181818,-0.4074454545454545,33.58181818181818,0.1164,2
2003-11-17,0.0,0.2883545454545455,-0.42269090909090906,33.06363636363636,0.145,2
2003-11-18,0.049090909090909095,0.27800909090909093,-0.4190454545454545,33.39090909090909,0.0983,2
2003-11-19,0.0,0.2763181818181818,-0.4078818181818182,33.35454545454546,0.1126,1
2003-11-20,0.03090909090909091,0.2746909090909091,-0.38059090909090904,32.90909090909091,0.1849,2
2003-11-21,0.0,0.2778,-0.4120909090909091,32.6,0.1316,2
2003-11-22,0.010909090909090908,0.2637454545454545,-0.40715454545454544,33.61818181818182,0.1143,2
2003-11-23,0.015454545454545455,0.2565818181818182,-0.38308181818181813,33.75454545454546,0.1055,2
2003-11-24,0.0,0.2595272727272727,-0.3855363636363636,33.27272727272727,0.1264,2
2003-11-25,0.01,0.26982727272727275,-0.39332727272727275,33.68181818181818,0.0947,2
2003-11-26,0.0018181818181818182,0.24943636363636362,-0.40602727272727274,32.654545454545456,0.1684,2
2003-11-27,0.0,0.2540636363636363,-0.4389181818181818,33.199999999999996,0.1999,2
2003-11-28,0.028181818181818183,0.2544909090909091,-0.4219818181818182,33.27272727272727,0.1188,1
2003-11-29,0.0036363636363636364,0.2591545454545454,-0.3806636363636364,32.809090909090905,0.1632,2
2003-11-30,0.0,0.24683636363636363,-0.40976363636363633,33.39090909090909,0.0923,2
2003-12-01,0.0,0.24551818181818186,-0.4001181818181818,33.82727272727273,0.1362,2
2003-12-02,0.0,0.2468181818181818,-0.4011545454545455,33.42727272727273,0.1434,2
2003-12-03,0.13363636363636364,0.2574272727272727,-0.3937909090909091,33.06363636363636,0.0765,2
2003-12-04,0.02,0.24002727272727273,-0.4007181818181818,33.61818181818182,0.1372,2
2003-12-05,0.0,0.25470909090909094,-0.3876272727272727,33.518181818181816,0.1287,2
2003-12-06,0.0,0.24000000000000002,-0.3823636363636363,33.53636363636363,0.0629,2
2003-12-07,0.0,0.24983636363636366,-0.40850000000000003,33.53636363636363,0.1462,2
2003-12-08,0.14545454545454548,0.2417272727272727,-0.4112363636363636,33.49090909090909,0.1126,2
2003-12-09,0.0,0.2402,-0.39581818181818185,33.70909090909091,0.2359,2
2003-12-10,0.0,0.24215454545454546,-0.4068454545454545,33.77272727272727,0.0709,2
2003-12-11,0.0,0.22219090909090908,-0.3881272727272727,33.54545454545455,0.0768,2
2003-12-12,0.1309090909090909,0.22756363636363638,-0.3910636363636364,33.31818181818182,0.1065,2
2003-12-13,0.002727272727272727,0.23441818181818183,-0.4194090909090909,34.154545454545456,0.0825,2
2003-12-14,0.1509090909090909,0.24474545454545457,-0.41167272727272725,33.663636363636364,0.1359,2
2003-12-15,0.056363636363636366,0.23864545454545452,-0.4292909090909091,34.02727272727273,0.0477,2
2003-12-16,0.0,0.23099999999999998,-0.3849636363636364,34.199999999999996,0.0964,2
2003-12-17,0.019090909090909092,0.22716363636363637,-0.4193818181818182,33.93636363636364,0.1251,2
2003-12-18,0.05,0.23384545454545452,-0.3739454545454546,34.29090909090909,0.0688,2
2003-12-19,0.08727272727272727,0.24250909090909092,-0.4146,34.24545454545454,0.131,2
2003-12-20,0.0,0.24119090909090907,-0.39632727272727275,34.199999999999996,0.1233,2
2003-12-21,0.0,0.23589090909090912,-0.40594545454545455,34.0,0.1367,2
2003-12-22,0.005454545454545454,0.22300000000000003,-0.4101181818181818,34.52727272727273,0.1175,2
2003-12-23,0.06818181818181818,0.22593636363636363,-0.36336363636363633,33.92727272727273,0.1608,2
2003-12-24,0.0,0.22404545454545455,-0.41619999999999996,34.18181818181818,0.1247,2
2003-12-25,0.08090909090909092,0.21995454545454549,-0.39224545454545456,34.56363636363636,0.1192,2
2003-12-26,0.0,0.22140909090909092,-0.4158636363636364,34.53636363636363,0.1122,2
2003-12-27,0.0,0.22182727272727273,-0.36554545454545456,34.300000000000004,0.1679,2
2003-12-28,0.03636363636363636,0.22379999999999997,-0.3700272727272727,34.4,0.0958,2
2003-12-29,0.0,0.224,-0.38880909090909094,34.41818181818182,0.0911,2
2003-12-30,0.07363636363636364,0.21566363636363636,-0.3686,34.43636363636364,0.1275,2
2003-12-31,0.0,0.22738181818181816,-0.40504545454545454,34.88181818181818,0.1272,2
2004-01-01,0.07272727272727274,0.22670909090909094,-0.38346363636363634,34.82727272727273,0.0951,2
2004-01-02,0.04181818181818182,0.23410909090909093,-0.4310363636363636,35.25454545454546,0.1515,2
2004-01-03,0.007272727272727273,0.2275818181818182,-0.4152181818181818,35.00909090909091,0.107,2
2004-01-04,0.030000000000000002,0.24409999999999998,-0.4140272727272727,34.88181818181818,0.0543,2
2004-01-05,0.0,0.23496363636363637,-0.4040545454545455,35.300000000000004,0.1137,2
2004-01-06,0.08818181818181818,0.2367181818181818,-0.39230909090909094,35.20909090909091,0.1155,2
2004-01-07,0.0,0.2309181818181818,-0.3730727272727272,35.518181818181816,0.0943,2
2004-01-08,0.0,0.2377454545454545,-0.36410909090909094,35.57272727272727,0.095,2
2004-01-09,0.1690909090909091,0.23356363636363636,-0.41013636363636363,35.481818181818184,0.0977,2
2004-01-10,0.0,0.2256181818181818,-0.43369090909090907,35.654545454545456,0.1064,2
2004-01-11,0.22363636363636363,0.22306363636363635,-0.38740909090909087,35.78181818181818,0.0884,2
2004-01-12,0.0,0.22901818181818182,-0.40299999999999997,35.45454545454545,0.163,2
2004-01-13,0.0,0.23433636363636365,-0.4135,36.18181818181818,0.109,2
2004-01-14,0.0,0.2370727272727273,-0.40269090909090904,35.85454545454545,0.1175,2
2004-01-15,0.0,0.23217272727272728,-0.4233636363636364,36.10909090909091,0.022,2
2004-01-16,0.07636363636363636,0.2326909090909091,-0.3879090909090909,35.95454545454545,0.0659,2
2004-01-17,0.0,0.24014545454545455,-0.4157,36.336363636363636,0.0769,2
2004-01-18,0.0,0.23657272727272727,-0.3835454545454546,36.127272727272725,0.0785,2
2004-01-19,0.10272727272727272,0.23241818181818183,-0.3887727272727273,36.49090909090909,0.1117,2
2004-01-20,0.0,0.2356272727272727,-0.38134545454545454,36.71818181818182,0.0949,2
2004-01-21,0.0,0.23594545454545457,-0.3953181818181818,36.90909090909091,0.0282,2
2004-01-22,0.13727272727272727,0.23270909090909092,-0.3906181818181818,36.70909090909091,0.0688,2
2004-01-23,0.0,0.2319181818181818,-0.4144909090909091,36.86363636363637,0.0412,2
2004-01-24,0.0,0.2455181818181818,-0.37687272727272725,36.699999999999996,0.0381,2
2004-01-25,0.0,0.23945454545454545,-0.41308181818181816,36.981818181818184,0.0671,2
2004-01-26,0.11,0.23550000000000001,-0.41563636363636364,36.71818181818182,0.1416,2
2004-01-27,0.0,0.24061818181818181,-0.3981545454545454,37.39090909090909,0.0819,2
2004-01-28,0.0,0.22934545454545455,-0.35868181818181816,37.21818181818182,0.0685,2
2004-01-29,0.02,0.23782727272727272,-0.42029090909090905,37.50909090909091,0.0231,2
2004-01-30,0.0,0.23088181818181816,-0.3884272727272728,37.627272727272725,0.0015,2
2004-01-31,0.17181818181818181,0.23033636363636364,-0.37598181818181814,37.70909090909091,0.0866,2
2004-02-01,0.08181818181818182,0.24210909090909088,-0.39982727272727275,37.89090909090909,0.1475,2
2004-02-02,0.021818181818181816,0.22267272727272724,-0.37981818181818183,37.663636363636364,0.0976,2
2004-02-03,0.014545454545454545,0.22845454545454544,-0.3911727272727273,38.17272727272728,0.1355,2
2004-02-04,0.028181818181818183,0.23752727272727273,-0.4032,38.00909090909091,0.0575,2
2004-02-05,0.0890909090909091,0.2360909090909091,-0.41515454545454544,38.00909090909091,0.1195,2
2004-02-06,0.0,0.2299090909090909,-0.3709363636363637,38.25454545454546,0.0945,2
2004-02-07,0.0,0.23336363636363638,-0.3890909090909091,37.92727272727273,0.0256,2
2004-02-08,0.0,0.24078181818181818,-0.3797272727272727,38.0,0.0996,2
2004-02-09,0.014545454545454545,0.23750909090909092,-0.43635454545454544,38.31818181818182,0.0797,2
2004-02-10,0.01,0.23909090909090908,-0.385409090909091,38.38181818181818,0.0673,2
2004-02-11,0.0018181818181818182,0.23981818181818182,-0.39659090909090905,38.61818181818182,0.0783,2
2004-02-12,0.28,0.23140909090909093,-0.39109090909090904,38.9,0.0352,2
2004-02-13,0.023636363636363636,0.23045454545454547,-0.4042,38.90909090909091,0.0179,2
2004-02-14,0.10090909090909092,0.23890000000000003,-0.38244545454545453,38.99090909090909,0.0288,2
2004-02-15,0.0,0.23695454545454545,-0.4246272727272727,38.945454545454545,0.0229,2
2004-02-16,0.10454545454545454,0.2367181818181818,-0.35809090909090907,39.800000000000004,0.0579,2
2004-02-17,0.004545454545454546,0.23704545454545453,-0.4110909090909091,39.53636363636363,0.0574,2
2004-02-18,0.04363636363636364,0.23194545454545457,-0.4074090909090909,39.663636363636364,0.0233,2
2004-02-19,0.023636363636363636,0.23559090909090907,-0.3904272727272727,39.45454545454545,0.0329,2
2004-02-20,0.04,0.23943636363636364,-0.4201181818181818,39.56363636363636,0.0451,2
2004-02-21,0.0,0.2338909090909091,-0.3776545454545454,40.0,0.053,2
2004-02-22,0.058181818181818175,0.23322727272727273,-0.42115454545454545,39.82727272727273,0.0264,2
2004-02-23,0.17181818181818184,0.23363636363636367,-0.3830363636363636,39.78181818181818,0.0417,2
2004-02-24,0.0,0.23109090909090907,-0.4141363636363637,39.627272727272725,0.0551,2
2004-02-25,0.07818181818181819,0.23207272727272726,-0.3829636363636364,39.845454545454544,0.0714,2
2004-02-26,0.03818181818181818,0.23724545454545456,-0.4052545454545454,40.31818181818182,0.0159,2
2004-02-27,0.0,0.2263272727272727,-0.37858181818181813,40.06363636363637,0.0444,2
2004-02-28,0.09090909090909091,0.2322363636363636,-0.38272727272727275,40.28181818181818,0.0625,2
2004-02-29,0.10363636363636365,0.2410909090909091,-0.4021181818181818,40.95454545454545,0.0377,2
2004-03-01,0.0,0.23600000000000002,-0.38084545454545454,40.59090909090909,0.0916,2
2004-03-02,0.0,0.23367272727272728,-0.3794909090909091,40.99090909090909,0.0694,2
2004-03-03,0.0,0.23981818181818182,-0.37932727272727274,40.99090909090909,0.0587,2
2004-03-04,0.0,0.2419090909090909,-0.41409999999999997,41.11818181818182,0.0302,2
2004-03-05,0.0,0.22605454545454548,-0.36570909090909093,41.03636363636364,0.0283,2
2004-03-06,0.0,0.23914545454545452,-0.3966454545454546,40.800000000000004,0.0146,2
2004-03-07,0.0,0.24236363636363636,-0.3854545454545455,40.99090909090909,0.009,2
2004-03-08,0.0,0.24430909090909092,-0.4149272727272727,41.35454545454545,0.0,2
2004-03-09,0.0,0.2383727272727273,-0.42219090909090906,41.25454545454546,0.0108,2
2004-03-10,0.0,0.23932727272727272,-0.39380000000000004,40.76363636363636,0.0192,2
2004-03-11,0.0,0.24006363636363634,-0.4008818181818182,41.445454545454545,0.0577,2
2004-03-12,0.0,0.22838181818181819,-0.3741,41.836363636363636,0.0499,2
2004-03-13,0.0009090909090909091,0.2401090909090909,-0.3962636363636364,41.67272727272727,0.0448,2
2004-03-14,0.0,0.2261,-0.38987272727272726,41.63636363636363,0.0,2
2004-03-15,0.0,0.23186363636363636,-0.40958181818181816,41.845454545454544,0.0746,2
2004-03-16,0.0,0.23159090909090907,-0.37921818181818184,42.39090909090909,0.0453,2
2004-03-17,0.0,0.23391818181818183,-0.4008181818181818,41.61818181818182,0.0081,2
2004-03-18,0.0009090909090909091,0.24799999999999997,-0.3888909090909091,42.199999999999996,0.0032,2
2004-03-19,0.0036363636363636364,0.2351818181818182,-0.3957818181818182,42.199999999999996,0.0849,2
2004-03-20,0.0,0.23415454545454545,-0.3790454545454546,42.481818181818184,0.0588,2
2004-03-21,0.0,0.23109090909090907,-0.3790909090909091,42.36363636363637,0.089,2
2004-03-22,0.0,0.2410363636363636,-0.3940454545454546,42.5,0.0252,2
2004-03-23,0.0,0.23196363636363637,-0.40763636363636363,42.73636363636364,0.0045,2
2004-03-24,0.0,0.24754545454545454,-0.37519090909090913,43.11818181818182,0.1035,2
2004-03-25,0.00818181818181818,0.24366363636363636,-0.4127545454545455,42.72727272727273,0.0075,2
2004-03-26,0.0,0.2322909090909091,-0.4052818181818182,43.24545454545454,0.0456,2
2004-03-27,0.0,0.22800909090909088,-0.40302727272727273,42.63636363636363,0.0074,2
2004-03-28,0.0,0.24746363636363639,-0.3866181818181818,43.154545454545456,0.0186,2
2004-03-29,0.0,0.2449727272727273,-0.3888909090909091,42.88181818181818,0.0277,2
2004-03-30,0.0,0.23352727272727272,-0.40535454545454547,43.445454545454545,0.0063,2
2004-03-31,0.0,0.2333909090909091,-0.4025727272727273,43.872727272727275,0.0129,2
2004-04-01,0.7045454545454545,0.23240909090909093,-0.4285818181818181,43.527272727272724,0.0221,2
2004-04-02,0.010909090909090908,0.24426363636363638,-0.39261818181818187,43.35454545454545,0.0,2
2004-04-03,2.0436363636363635,0.23803636363636363,-0.39146363636363635,44.13636363636363,0.0263,2
2004-04-04,0.09636363636363637,0.23747272727272728,-0.4023818181818182,44.64545454545455,0.0092,2
2004-04-05,0.0,0.24221818181818183,-0.39749090909090906,43.57272727272727,0.0127,2
2004-04-06,0.8454545454545456,0.2371181818181818,-0.3603636363636364,44.518181818181816,0.0135,2
2004-04-07,0.6145454545454545,0.23864545454545452,-0.36288181818181814,44.0,0.0007,2
2004-04-08,0.0,0.2432909090909091,-0.4195727272727273,44.054545454545455,0.0878,2
2004-04-09,0.05181818181818181,0.24696363636363639,-0.4149818181818182,44.336363636363636,0.0005,2
2004-04-10,1.3545454545454545,0.24083636363636363,-0.3588090909090909,45.31818181818182,0.0,2
2004-04-11,0.3790909090909091,0.2370727272727273,-0.4231909090909091,44.52727272727273,0.0,2
2004-04-12,0.7045454545454546,0.23300909090909092,-0.38696363636363634,44.554545454545455,0.0,2
2004-04-13,0.5909090909090909,0.23101818181818182,-0.38080909090909093,44.09090909090909,0.0,2
2004-04-14,0.046363636363636364,0.24273636363636364,-0.4112272727272728,43.85454545454545,0.0,2
2004-04-15,0.024545454545454547,0.24147272727272728,-0.41880909090909085,44.85454545454545,0.0,2
2004-04-16,1.1409090909090909,0.2406727272727273,-0.38786363636363635,44.809090909090905,0.0277,2
2004-04-17,0.34727272727272723,0.24166363636363639,-0.42719090909090907,44.38181818181818,0.0151,2
2004-04-18,0.4854545454545454,0.24520909090909093,-0.3884090909090909,45.0,0.0242,2
2004-04-19,0.8136363636363636,0.2530636363636364,-0.38985454545454545,44.74545454545454,0.0,2
2004-04-20,0.03363636363636364,0.24425454545454545,-0.41415454545454544,45.26363636363636,0.0,2
2004-04-21,0.3854545454545455,0.24075454545454544,-0.3850454545454545,45.054545454545455,0.0,2
2004-04-22,0.10181818181818182,0.2509363636363636,-0.42088181818181813,44.75454545454546,0.0135,2
2004-04-23,0.9618181818181818,0.24805454545454547,-0.39595454545454545,44.95454545454545,0.0,2
2004-04-24,1.041818181818182,0.23549090909090908,-0.38985454545454545,45.08181818181818,0.0,2
2004-04-25,1.3427272727272728,0.2578,-0.34472727272727277,45.11818181818182,0.056,2
2004-04-26,0.3663636363636364,0.2381909090909091,-0.37647272727272724,44.90909090909091,0.0,2
2004-04-27,0.7127272727272728,0.24611818181818182,-0.40210909090909086,45.29090909090909,0.0256,2
2004-04-28,0.8227272727272726,0.25231818181818183,-0.3742090909090909,45.25454545454546,0.0731,2
2004-04-29,2.315454545454546,0.24226363636363635,-0.34350909090909093,45.14545454545455,0.0288,2
2004-04-30,0.0,0.25660909090909095,-0.40541818181818184,45.54545454545455,0.002,2
2004-05-01,0.35545454545454547,0.26489999999999997,-0.1994818181818182,45.27272727272727,0.06,2
2004-05-02,0.028181818181818183,0.2590727272727273,-0.17475454545454544,44.89090909090909,0.065,2
2004-05-03,1.5836363636363637,0.25983636363636364,-0.1575181818181818,45.31818181818182,0.0577,2
2004-05-04,0.5309090909090909,0.2615181818181818,-0.17363636363636362,45.481818181818184,0.1133,2
2004-05-05,0.14818181818181816,0.25786363636363635,-0.17515454545454545,45.67272727272727,0.0634,2
2004-05-06,0.5654545454545454,0.2641,-0.1731909090909091,45.59090909090909,0.0179,2
2004-05-07,0.5009090909090909,0.2631363636363636,-0.17913636363636362,45.345454545454544,0.0249,2
2004-05-08,0.09,0.2604090909090909,-0.1758727272727273,45.39090909090909,0.0537,2
2004-05-09,1.1190909090909091,0.25743636363636363,-0.17777272727272728,45.75454545454546,0.0664,2
2004-05-10,2.3145454545454545,0.2604727272727273,-0.16302727272727272,45.699999999999996,0.0,2
2004-05-11,1.7300000000000002,0.2742636363636364,-0.1686090909090909,45.53636363636364,0.0697,2
2004-05-12,1.6672727272727272,0.2671454545454546,-0.15142727272727272,45.42727272727273,0.1225,2
2004-05-13,0.01909090909090909,0.2675,-0.15525454545454545,45.71818181818182,0.0988,2
2004-05-14,0.72,0.2740545454545455,-0.17726363636363637,45.445454545454545,0.0668,2
2004-05-15,0.8109090909090909,0.27694545454545455,-0.16074545454545455,45.79090909090909,0.0752,2
2004-05-16,0.43818181818181823,0.26785454545454546,-0.16463636363636364,45.68181818181818,0.0543,2
2004-05-17,1.6681818181818182,0.2665090909090909,-0.15804545454545454,46.018181818181816,0.0376,2
2004-05-18,1.3518181818181818,0.28844545454545456,-0.14022727272727273,45.699999999999996,0.0614,2
2004-05-19,1.4254545454545455,0.28595454545454546,-0.14413636363636362,45.82727272727273,0.0685,2
2004-05-20,0.5454545454545455,0.2848818181818182,-0.15430909090909092,45.309090909090905,0.056,2
2004-05-21,3.1145454545454543,0.28506363636363635,-0.12813636363636363,45.46363636363637,0.0747,2
2004-05-22,3.7,0.2868636363636364,-0.10861818181818182,45.554545454545455,0.0297,2
2004-05-23,1.7372727272727273,0.29265454545454544,-0.14201818181818182,45.836363636363636,0.1496,2
2004-05-24,2.1218181818181816,0.29042727272727276,-0.12610909090909092,45.68181818181818,0.0438,1
2004-05-25,0.6372727272727272,0.302,-0.14509090909090908,45.42727272727273,0.1082,1
2004-05-26,3.9718181818181817,0.2982181818181818,-0.1101,45.77272727272727,0.1167,1
2004-05-27,1.971818181818182,0.29761818181818184,-0.1146,45.554545454545455,0.1485,1
2004-05-28,0.7018181818181819,0.30716363636363636,-0.11583636363636364,45.72727272727273,0.1258,1
2004-05-29,2.61,0.29051818181818184,-0.10448181818181818,45.690909090909095,0.1071,2
2004-05-30,1.4145454545454546,0.31736363636363635,-0.12380000000000001,45.6,0.0886,2
2004-05-31,1.4427272727272726,0.306,-0.1076909090909091,45.554545454545455,0.0463,1
2004-06-01,1.250909090909091,0.3160090909090909,-0.09072727272727273,45.154545454545456,0.0793,1
2004-06-02,2.861818181818182,0.30676363636363635,-0.07915454545454546,45.35454545454545,0.0897,1
2004-06-03,1.1472727272727274,0.3201818181818182,-0.08771818181818182,44.981818181818184,0.0663,1
2004-06-04,1.008181818181818,0.32614545454545457,-0.10758181818181818,45.445454545454545,0.125,1
2004-06-05,3.312727272727273,0.3218272727272727,-0.06216363636363637,45.18181818181818,0.1169,1
2004-06-06,1.7827272727272727,0.31995454545454544,-0.09447272727272726,45.31818181818182,0.1307,1
2004-06-07,0.7336363636363636,0.3333,-0.07324545454545454,45.018181818181816,0.079,1
2004-06-08,7.783636363636364,0.3424,-0.007845454545454544,44.58181818181818,0.0786,1
2004-06-09,2.362727272727273,0.35210909090909087,-0.06130909090909091,44.99090909090909,0.0994,1
2004-06-10,10.318181818181818,0.3483636363636364,0.039,44.77272727272727,0.119,1
2004-06-11,3.089090909090909,0.36417272727272726,-0.025036363636363634,45.26363636363636,0.1028,1
2004-06-12,11.328181818181816,0.36622727272727273,0.0527181818181818,45.21818181818182,0.2212,1
2004-06-13,5.6863636363636365,0.3760545454545454,-0.0007090909090909092,44.91818181818182,0.1747,0
2004-06-14,1.7854545454545454,0.38286363636363635,-0.042772727272727275,45.17272727272727,0.1771,1
2004-06-15,16.03272727272727,0.3861272727272727,0.11257272727272727,44.63636363636363,0.2413,0
2004-06-16,16.076363636363638,0.40826363636363633,0.12092727272727273,45.018181818181816,0.2695,0
2004-06-17,3.994545454545454,0.41864545454545454,0.0012545454545454552,44.872727272727275,0.3069,0
2004-06-18,22.993636363636366,0.42416363636363635,0.17756363636363634,44.836363636363636,0.369,0
2004-06-19,9.94090909090909,0.4409363636363636,0.05840909090909092,44.663636363636364,0.3452,0
2004-06-20,14.08,0.4410545454545455,0.08902727272727273,44.82727272727273,0.3346,1
2004-06-21,4.219090909090909,0.4459818181818182,0.0104,44.43636363636364,0.3038,0
2004-06-22,6.65090909090909,0.4517454545454545,0.04734545454545455,44.23636363636364,0.3065,0
2004-06-23,17.173636363636362,0.4618909090909091,0.14350909090909092,43.99090909090909,0.2899,0
2004-06-24,8.225454545454545,0.4694636363636364,0.0845,44.43636363636364,0.2869,0
2004-06-25,12.33,0.4833454545454545,0.1225090909090909,44.09090909090909,0.3377,0
2004-06-26,30.96090909090909,0.49583636363636363,0.18687272727272727,43.86363636363637,0.3931,0
2004-06-27,15.71,0.5246454545454546,0.15315454545454543,43.336363636363636,0.372,1
2004-06-28,14.432727272727272,0.525190909090909,0.10345454545454545,43.481818181818184,0.3861,0
2004-06-29,22.19363636363636,0.5418272727272727,0.24206363636363637,43.9,0.4618,0
2004-06-30,12.796363636363635,0.5568545454545455,0.1148,43.554545454545455,0.4178,0
2004-07-01,17.491818181818182,0.5620181818181819,0.16065454545454544,43.02727272727273,0.4419,0
2004-07-02,30.00090909090909,0.5622545454545455,0.31289090909090905,43.10909090909091,0.5568,0
2004-07-03,41.36727272727273,0.577690909090909,0.38238181818181816,42.54545454545455,0.6001,0
2004-07-04,24.135454545454547,0.6011,0.19469090909090908,43.0,0.5813,0
2004-07-05,42.75818181818182,0.6212545454545455,0.27441818181818184,42.77272727272727,0.6502,0
2004-07-06,29.28727272727273,0.6199090909090909,0.2581272727272727,42.63636363636363,0.6993,0
2004-07-07,38.692727272727275,0.644909090909091,0.2671181818181818,42.945454545454545,0.6922,0
2004-07-08,22.65909090909091,0.6412636363636364,0.2174818181818182,42.809090909090905,0.5944,0
2004-07-09,35.69,0.6522363636363636,0.28185454545454547,42.127272727272725,0.7174,0
2004-07-10,23.747272727272726,0.6526545454545455,0.26525454545454547,42.58181818181818,0.6695,0
2004-07-11,30.136363636363637,0.6721090909090909,0.28294545454545456,42.06363636363636,0.6641,0
2004-07-12,16.816363636363636,0.6751636363636364,0.2498,41.90909090909091,0.6984,0
2004-07-13,38.349090909090904,0.6741454545454546,0.38970909090909084,41.78181818181818,0.7258,0
2004-07-14,17.977272727272727,0.6866,0.2383,41.31818181818182,0.6664,0
2004-07-15,43.87,0.6893636363636364,0.38022727272727275,41.554545454545455,0.8035,0
2004-07-16,31.60181818181818,0.6955727272727272,0.3719272727272727,41.372727272727275,0.7379,0
2004-07-17,31.46,0.7049545454545455,0.36564545454545455,41.127272727272725,0.7564,0
2004-07-18,40.85727272727273,0.6972363636363637,0.4134909090909091,41.018181818181816,0.7442,0
2004-07-19,29.117272727272724,0.7060545454545455,0.2903909090909091,40.97272727272727,0.7321,0
2004-07-20,32.60636363636364,0.709809090909091,0.3896454545454546,40.79090909090909,0.7644,0
2004-07-21,37.14272727272727,0.7186,0.44128181818181816,40.699999999999996,0.7136,0
2004-07-22,39.653636363636366,0.7124363636363636,0.3531,40.89090909090909,0.755,0
2004-07-23,26.31,0.7251363636363636,0.3417090909090909,40.690909090909095,0.7655,0
2004-07-24,35.04272727272728,0.7257545454545454,0.3805363636363637,40.42727272727273,0.7377,0
2004-07-25,36.36272727272728,0.7382727272727273,0.40050909090909087,40.06363636363636,0.7824,0
2004-07-26,31.775454545454544,0.7378181818181818,0.32196363636363634,40.43636363636364,0.7092,0
2004-07-27,35.33,0.7441090909090909,0.4123545454545454,40.018181818181816,0.7248,0
2004-07-28,45.61818181818182,0.7409181818181818,0.3985181818181818,39.79090909090909,0.7982,0
2004-07-29,36.84909090909091,0.7519636363636363,0.44144545454545453,39.77272727272727,0.7744,0
2004-07-30,34.67727272727273,0.7617545454545455,0.34252727272727274,39.518181818181816,0.7486,0
2004-07-31,36.08,0.7516454545454546,0.36622727272727273,39.68181818181818,0.7624,0
2004-08-01,34.49090909090909,0.7700727272727274,0.4074363636363636,39.26363636363636,0.8261,0
2004-08-02,40.00454545454546,0.7690363636363636,0.44079090909090907,39.199999999999996,0.7932,0
2004-08-03,39.600909090909084,0.7676090909090909,0.4112,39.17272727272727,0.7949,0
2004-08-04,40.12909090909091,0.7664363636363636,0.42338181818181825,39.03636363636364,0.7202,0
2004-08-05,17.46181818181818,0.7743636363636365,0.30126363636363634,38.809090909090905,0.7562,0
2004-08-06,16.935454545454544,0.7655909090909091,0.2787,38.77272727272727,0.7588,0
2004-08-07,40.343636363636364,0.7662818181818182,0.39968181818181814,38.99090909090909,0.797,0
2004-08-08,37.268181818181816,0.7776454545454545,0.36805454545454547,38.90909090909091,0.7338,0
2004-08-09,33.912727272727274,0.7813636363636364,0.34065454545454543,39.08181818181818,0.7715,0
2004-08-10,30.98818181818182,0.7803363636363637,0.34400909090909093,38.11818181818182,0.7373,0
2004-08-11,26.63,0.7866909090909092,0.3502818181818182,38.690909090909095,0.7092,0
2004-08-12,34.233636363636364,0.7875636363636364,0.3830727272727273,38.36363636363637,0.8022,0
2004-08-13,23.614545454545453,0.7790181818181818,0.30264545454545455,38.199999999999996,0.6958,0
2004-08-14,38.056363636363635,0.7818454545454546,0.38034545454545454,38.28181818181818,0.728,0
2004-08-15,14.82181818181818,0.787809090909091,0.24493636363636365,37.809090909090905,0.7394,0
2004-08-16,20.645454545454545,0.7880454545454545,0.25371818181818184,37.67272727272727,0.6945,0
2004-08-17,44.04454545454546,0.7963090909090909,0.3286454545454545,37.627272727272725,0.7604,0
2004-08-18,30.639090909090907,0.798290909090909,0.33233636363636365,37.78181818181818,0.7974,0
2004-08-19,27.39727272727273,0.7944363636363636,0.29463636363636364,37.81818181818182,0.7396,0
2004-08-20,24.394545454545458,0.7851818181818182,0.26595454545454544,37.67272727272727,0.758,0
2004-08-21,27.020909090909093,0.7921818181818182,0.2631818181818182,37.28181818181818,0.6406,0
2004-08-22,29.08272727272727,0.7941272727272728,0.32174545454545456,37.20909090909091,0.7404,0
2004-08-23,18.875454545454545,0.7935636363636364,0.19878181818181817,37.25454545454546,0.6579,0
2004-08-24,9.287272727272727,0.7978090909090909,0.13601818181818182,36.79090909090909,0.6599,0
2004-08-25,27.020000000000003,0.7922999999999999,0.2988,37.127272727272725,0.6463,0
2004-08-26,14.026363636363635,0.7965272727272729,0.16768181818181818,37.28181818181818,0.5653,0
2004-08-27,16.245454545454546,0.7955636363636365,0.1920909090909091,36.9,0.6108,0
2004-08-28,35.66181818181818,0.7893272727272728,0.31428181818181816,37.09090909090909,0.6973,0
2004-08-29,23.63090909090909,0.8003272727272727,0.20858181818181817,36.20909090909091,0.5637,0
2004-08-30,8.793636363636365,0.7947727272727273,0.10200000000000001,36.663636363636364,0.5291,0
2004-08-31,28.87272727272727,0.7918090909090908,0.2400909090909091,36.85454545454545,0.6616,0
2004-09-01,13.063636363636363,0.7907545454545454,0.14782727272727272,36.70909090909091,0.5574,0
2004-09-02,34.72272727272727,0.788309090909091,0.20102727272727272,36.52727272727273,0.6227,0
2004-09-03,24.481818181818184,0.7887000000000001,0.20880909090909092,36.45454545454545,0.6889,0
2004-09-04,11.835454545454546,0.7895636363636364,0.1049909090909091,36.21818181818182,0.58,0
2004-09-05,17.298181818181817,0.7920909090909092,0.16286363636363635,36.663636363636364,0.5681,0
2004-09-06,5.558181818181819,0.7858545454545454,0.022018181818181822,36.1,0.4829,0
2004-09-07,14.010000000000002,0.7867636363636364,0.11229090909090908,35.90909090909091,0.4811,0
2004-09-08,1.5918181818181816,0.7787727272727273,-0.004145454545454543,36.32727272727273,0.44,0
2004-09-09,6.021818181818182,0.7878818181818182,0.026609090909090912,35.800000000000004,0.3838,0
2004-09-10,18.60181818181818,0.7869545454545454,0.11769090909090908,36.199999999999996,0.4258,0
2004-09-11,12.56,0.7793272727272726,0.08973636363636363,35.845454545454544,0.3964,0
2004-09-12,7.5227272727272725,0.7704090909090909,0.005254545454545455,36.163636363636364,0.3559,0
2004-09-13,10.066363636363635,0.7702454545454546,0.03995454545454546,35.74545454545455,0.3693,0
2004-09-14,2.290909090909091,0.7632636363636365,-0.035081818181818186,35.73636363636364,0.3091,0
2004-09-15,5.4809090909090905,0.7645181818181819,-0.0006727272727272759,35.300000000000004,0.3652,0
2004-09-16,5.931818181818182,0.7438363636363636,-0.0228,35.60909090909091,0.3427,0
2004-09-17,10.087272727272726,0.7474,0.03027272727272727,35.68181818181818,0.3053,0
2004-09-18,1.9836363636363636,0.7435454545454546,-0.047109090909090906,35.627272727272725,0.2483,0
2004-09-19,4.994545454545454,0.7312636363636364,-0.03491818181818182,34.981818181818184,0.3148,0
2004-09-20,0.0,0.7292909090909091,-0.08255454545454545,35.199999999999996,0.2804,0
2004-09-21,6.124545454545455,0.7081454545454545,-0.03700909090909091,35.09090909090909,0.2782,0
2004-09-22,8.77,0.7087727272727272,-0.0032727272727272744,35.054545454545455,0.2627,0
2004-09-23,6.025454545454545,0.710709090909091,-0.0449,35.04545454545455,0.2622,0
2004-09-24,4.290909090909091,0.6977,-0.06611818181818181,35.300000000000004,0.291,0
2004-09-25,0.0,0.6914272727272727,-0.09513636363636363,35.20909090909091,0.2247,0
2004-09-26,7.248181818181819,0.6944818181818182,-0.030772727272727275,35.32727272727273,0.2446,0
2004-09-27,4.90090909090909,0.6768454545454545,-0.05718181818181818,34.88181818181818,0.2803,0
2004-09-28,3.130909090909091,0.6693818181818182,-0.10172727272727272,35.09090909090909,0.3082,0
2004-09-29,5.15090909090909,0.6638545454545455,-0.06827272727272728,34.68181818181818,0.2378,0
2004-09-30,1.461818181818182,0.6552545454545454,-0.1043,34.64545454545455,0.2206,0
2004-10-01,0.0,0.6352636363636364,-0.13082727272727274,35.57272727272727,0.1255,0
2004-10-02,1.3409090909090908,0.6121818181818182,-0.12167272727272728,34.61818181818182,0.2192,0
2004-10-03,1.0136363636363637,0.6029727272727272,-0.11366363636363636,34.75454545454546,0.2138,0
2004-10-04,0.42363636363636364,0.5960818181818182,-0.12703636363636364,34.57272727272727,0.2153,0
2004-10-05,0.6218181818181818,0.5828818181818182,-0.13655454545454546,34.699999999999996,0.1395,0
2004-10-06,0.519090909090909,0.5604727272727273,-0.12818181818181817,34.57272727272727,0.1816,0
2004-10-07,1.5845454545454545,0.5443727272727273,-0.12365454545454546,34.78181818181818,0.185,0
2004-10-08,3.0136363636363637,0.5494818181818182,-0.11834545454545455,34.29090909090909,0.227,0
2004-10-09,0.49272727272727274,0.5431090909090909,-0.1476090909090909,34.663636363636364,0.1548,0
2004-10-10,1.5836363636363637,0.5206909090909091,-0.13218181818181818,34.03636363636363,0.2101,0
2004-10-11,0.51,0.5220636363636364,-0.15532727272727273,34.46363636363637,0.1664,0
2004-10-12,0.0,0.5182818181818182,-0.15355454545454547,34.21818181818182,0.1694,0
2004-10-13,0.5881818181818181,0.49808181818181824,-0.14725454545454544,33.654545454545456,0.1797,0
2004-10-14,0.8109090909090909,0.4986727272727273,-0.1402,34.61818181818182,0.1808,0
2004-10-15,0.060000000000000005,0.4863818181818182,-0.15582727272727273,34.26363636363636,0.1108,0
2004-10-16,0.0,0.4847090909090909,-0.17673636363636364,34.054545454545455,0.1826,0
2004-10-17,0.0,0.47070909090909085,-0.17515454545454545,33.96363636363637,0.1271,0
2004-10-18,0.0,0.4616727272727273,-0.16422727272727272,33.91818181818182,0.0845,0
2004-10-19,0.0,0.45020000000000004,-0.1752,34.154545454545456,0.1595,0
2004-10-20,0.060000000000000005,0.4486818181818182,-0.17701818181818182,34.127272727272725,0.1645,0
2004-10-21,0.4327272727272727,0.43512727272727275,-0.17001818181818182,34.11818181818182,0.1232,1
2004-10-22,0.0,0.42799090909090914,-0.16454545454545455,33.91818181818182,0.0986,0
2004-10-23,0.0,0.4235090909090909,-0.18191818181818184,33.54545454545455,0.1372,1
2004-10-24,0.07363636363636364,0.4178909090909091,-0.1856,33.54545454545455,0.1864,1
2004-10-25,0.14363636363636365,0.4073363636363636,-0.1763727272727273,33.699999999999996,0.091,1
2004-10-26,0.15818181818181817,0.4057545454545455,-0.17303636363636363,33.61818181818182,0.0949,1
2004-10-27,0.0,0.3906,-0.17997272727272728,33.92727272727273,0.0909,1
2004-10-28,0.2681818181818182,0.39094545454545454,-0.16950909090909091,33.654545454545456,0.1659,1
2004-10-29,0.12272727272727274,0.37740909090909097,-0.1937636363636364,33.872727272727275,0.1566,1
2004-10-30,0.10818181818181817,0.37870000000000004,-0.2001090909090909,33.6,0.0922,1
2004-10-31,0.12818181818181817,0.37867272727272727,-0.17813636363636365,32.91818181818182,0.1437,1
2004-11-01,0.0,0.37103636363636366,-0.3825363636363637,33.49090909090909,0.1001,2
2004-11-02,0.2863636363636364,0.36854545454545456,-0.4254909090909091,33.58181818181818,0.0953,1
2004-11-03,0.0,0.36568181818181816,-0.4012,33.50909090909091,0.0875,2
2004-11-04,0.021818181818181816,0.3488636363636364,-0.3889818181818182,33.190909090909095,0.1134,1
2004-11-05,0.0,0.3524909090909091,-0.37479999999999997,33.17272727272727,0.1045,1
2004-11-06,0.0,0.33638181818181817,-0.4371181818181818,33.35454545454545,0.202,2
2004-11-07,0.0,0.32707272727272724,-0.4102636363636364,32.88181818181818,0.1521,1
2004-11-08,0.05,0.33249999999999996,-0.3963636363636364,33.199999999999996,0.1166,2
2004-11-09,0.0,0.33846363636363636,-0.3795545454545454,33.56363636363636,0.1397,2
2004-11-10,0.15000000000000002,0.3265909090909091,-0.4071181818181818,33.47272727272727,0.0904,1
2004-11-11,0.017272727272727273,0.33893636363636365,-0.37879090909090907,33.481818181818184,0.096,2
2004-11-12,0.0,0.32438181818181816,-0.4068090909090909,33.163636363636364,0.122,2
2004-11-13,0.051818181818181826,0.3270818181818182,-0.38462727272727276,33.40909090909091,0.1215,2
2004-11-14,0.0,0.3125636363636364,-0.3751181818181818,33.27272727272727,0.1086,1
2004-11-15,0.10272727272727272,0.31037272727272724,-0.3771181818181818,32.92727272727273,0.103,2
2004-11-16,0.0,0.31532727272727273,-0.39236363636363636,33.309090909090905,0.1366,2
2004-11-17,0.01,0.30517272727272726,-0.4188272727272727,33.599999999999994,0.1048,2
2004-11-18,0.04181818181818182,0.3033818181818182,-0.3814818181818182,33.300000000000004,0.0943,2
2004-11-19,0.018181818181818184,0.29414545454545454,-0.3812454545454545,33.71818181818182,0.091,2
2004-11-20,0.0,0.2992181818181818,-0.4225818181818182,33.518181818181816,0.113,2
2004-11-21,0.0,0.2985,-0.3995454545454545,33.13636363636363,0.1125,2
2004-11-22,0.0,0.2929272727272727,-0.42865454545454545,33.35454545454545,0.0581,2
2004-11-23,0.0,0.28877272727272724,-0.3937181818181818,33.06363636363636,0.1055,2
2004-11-24,0.013636363636363636,0.2916181818181818,-0.40852727272727274,33.36363636363637,0.1205,2
2004-11-25,0.0,0.2867545454545455,-0.3986909090909091,33.345454545454544,0.1215,2
2004-11-26,0.028181818181818183,0.28851818181818184,-0.43923636363636365,33.309090909090905,0.0993,2
2004-11-27,0.0,0.2857181818181818,-0.3892181818181818,33.56363636363636,0.1138,2
2004-11-28,0.004545454545454546,0.27159090909090905,-0.3921272727272727,33.64545454545455,0.1156,2
2004-11-29,0.0,0.27453636363636363,-0.3971727272727273,33.43636363636364,0.1302,2
2004-11-30,0.009090909090909092,0.2788909090909091,-0.41769090909090906,33.163636363636364,0.0888,2
2004-12-01,0.004545454545454546,0.26580909090909094,-0.44108181818181813,33.82727272727273,0.0636,2
2004-12-02,0.0,0.2701090909090909,-0.38074545454545455,33.59090909090909,0.1102,2
2004-12-03,0.02727272727272727,0.2530090909090909,-0.4224818181818181,33.309090909090905,0.0902,2
2004-12-04,0.17909090909090908,0.2722818181818182,-0.3765181818181818,33.336363636363636,0.1491,2
2004-12-05,0.0,0.2645272727272727,-0.42972727272727274,33.60909090909091,0.1291,2
2004-12-06,0.0,0.2645818181818182,-0.3814818181818182,33.61818181818182,0.1228,2
2004-12-07,0.09181818181818181,0.2625727272727273,-0.4263272727272728,33.699999999999996,0.129,2
2004-12-08,0.06727272727272728,0.2614181818181818,-0.40790000000000004,33.39090909090909,0.1094,2
2004-12-09,0.15000000000000002,0.266,-0.40663636363636363,33.57272727272727,0.1055,2
2004-12-10,0.0,0.2676090909090909,-0.39023636363636366,33.35454545454545,0.1556,2
2004-12-11,0.0,0.26930909090909094,-0.4212909090909091,33.690909090909095,0.0848,2
2004-12-12,0.03909090909090909,0.26142727272727273,-0.4216454545454545,34.36363636363637,0.1168,2
2004-12-13,0.045454545454545456,0.2614090909090909,-0.42157272727272727,33.90909090909091,0.1063,2
2004-12-14,0.0,0.24843636363636365,-0.4062727272727273,33.73636363636364,0.0953,2
2004-12-15,0.05090909090909091,0.2600454545454545,-0.40015454545454543,33.836363636363636,0.0994,2
2004-12-16,0.11818181818181817,0.25856363636363633,-0.41638181818181824,34.11818181818182,0.0941,2
2004-12-17,0.0,0.2545636363636363,-0.4113090909090909,34.0,0.1209,2
2004-12-18,0.0,0.2453909090909091,-0.4103545454545454,34.49090909090909,0.1426,2
2004-12-19,0.03727272727272727,0.2509363636363636,-0.41690909090909095,34.31818181818182,0.131,2
2004-12-20,0.0,0.2466,-0.4121636363636364,34.40909090909091,0.0715,2
2004-12-21,0.0,0.24418181818181817,-0.3797272727272727,34.18181818181818,0.0368,2
2004-12-22,0.1390909090909091,0.2474,-0.3999636363636363,34.372727272727275,0.0849,2
2004-12-23,0.0,0.2560818181818182,-0.4309727272727273,34.02727272727273,0.1169,2
2004-12-24,0.0,0.2367909090909091,-0.44085454545454544,34.30909090909091,0.1192,2
2004-12-25,0.028181818181818183,0.247,-0.4211181818181818,34.41818181818182,0.0893,2
2004-12-26,0.09545454545454546,0.25623636363636365,-0.4271545454545454,34.336363636363636,0.1217,2
2004-12-27,0.042727272727272725,0.23466363636363638,-0.39483636363636365,33.845454545454544,0.0847,2
2004-12-28,0.0,0.23844545454545454,-0.3962181818181818,34.57272727272727,0.1011,2
2004-12-29,0.07727272727272727,0.25184545454545454,-0.4169909090909091,35.06363636363636,0.0635,2
2004-12-30,0.0,0.23376363636363634,-0.3624636363636364,35.199999999999996,0.1053,2
2004-12-31,0.0,0.2389363636363636,-0.3961545454545455,35.07272727272727,0.1581,2
2005-01-01,0.11636363636363636,0.24934545454545454,-0.3881363636363636,34.47272727272727,0.044,2
2005-01-02,0.0,0.2437909090909091,-0.4162909090909091,35.0,0.1211,2
2005-01-03,0.0,0.22906363636363636,-0.36660909090909094,34.85454545454545,0.122,2
2005-01-04,0.0,0.24078181818181818,-0.39269090909090903,35.24545454545454,0.1401,2
2005-01-05,0.060000000000000005,0.2325909090909091,-0.4311,35.127272727272725,0.1258,2
2005-01-06,0.0,0.23968181818181816,-0.4076909090909091,35.46363636363637,0.1117,2
2005-01-07,0.0,0.2401727272727273,-0.4194727272727273,35.68181818181818,0.1143,2
2005-01-08,0.058181818181818175,0.24080000000000001,-0.3852818181818182,35.4,0.1121,2
2005-01-09,0.0018181818181818182,0.23776363636363637,-0.3986545454545455,35.481818181818184,0.1087,2
2005-01-10,0.09636363636363637,0.2385818181818182,-0.4351545454545454,35.78181818181818,0.0902,2
2005-01-11,0.017272727272727273,0.23476363636363634,-0.3804727272727273,35.47272727272727,0.0883,2
2005-01-12,0.0,0.24057272727272727,-0.41594545454545456,35.5,0.1286,2
2005-01-13,0.07363636363636364,0.23225454545454546,-0.4016090909090909,35.75454545454546,0.1224,2
2005-01-14,0.03909090909090909,0.2362,-0.41441818181818185,35.845454545454544,0.1028,2
2005-01-15,0.06818181818181818,0.2404,-0.39888181818181817,36.14545454545455,0.0865,2
2005-01-16,0.042727272727272725,0.2364818181818182,-0.40004545454545454,36.581818181818186,0.0936,2
2005-01-17,0.0,0.2486,-0.39133636363636365,36.22727272727273,0.0367,2
2005-01-18,0.05818181818181818,0.239,-0.40467272727272724,35.75454545454546,0.0138,2
2005-01-19,0.0,0.24093636363636364,-0.4018727272727273,36.71818181818182,0.0313,2
2005-01-20,0.0,0.24664545454545453,-0.3974727272727273,36.190909090909095,0.0855,2
2005-01-21,0.021818181818181816,0.2397090909090909,-0.3904363636363637,36.6,0.1052,2
2005-01-22,0.0,0.24534545454545456,-0.4081090909090909,37.08181818181818,0.0679,2
2005-01-23,0.0,0.24596363636363636,-0.38580000000000003,36.800000000000004,0.053,2
2005-01-24,0.11454545454545455,0.24582727272727273,-0.4376181818181818,37.06363636363636,0.0545,2
2005-01-25,0.0,0.23568181818181821,-0.41758181818181817,36.81818181818182,0.0748,2
2005-01-26,0.0,0.2412181818181818,-0.3695272727272727,36.81818181818182,0.0912,2
2005-01-27,0.08727272727272727,0.2425272727272727,-0.42714545454545455,37.00909090909091,0.0885,2
2005-01-28,0.0,0.24081818181818182,-0.4089181818181818,37.199999999999996,0.0556,2
2005-01-29,0.046363636363636364,0.2455909090909091,-0.41494545454545456,37.26363636363636,0.0597,2
2005-01-30,0.021818181818181816,0.2440909090909091,-0.3681181818181818,37.36363636363637,0.044,2
2005-01-31,0.10545454545454547,0.24896363636363636,-0.41100909090909094,37.02727272727273,0.1271,2
2005-02-01,0.0018181818181818182,0.24953636363636364,-0.4055363636363636,37.95454545454545,0.0488,2
2005-02-02,0.0,0.2438,-0.40210909090909086,37.76363636363636,0.0915,2
2005-02-03,0.20545454545454545,0.23446363636363635,-0.41028181818181814,37.71818181818182,0.0925,2
2005-02-04,0.030000000000000002,0.2416,-0.3657363636363637,37.71818181818182,0.0612,2
2005-02-05,0.05090909090909091,0.24087272727272727,-0.37995454545454543,37.77272727272727,0.0863,2
2005-02-06,0.0,0.23750909090909092,-0.3661,38.60909090909091,0.1097,2
2005-02-07,0.029999999999999995,0.2439181818181818,-0.4052454545454545,38.945454545454545,0.0154,2
2005-02-08,0.011818181818181818,0.23667272727272728,-0.39092727272727273,37.845454545454544,0.0018,2
2005-02-09,0.011818181818181818,0.24255454545454544,-0.39723636363636367,38.372727272727275,0.1034,2
2005-02-10,0.034545454545454546,0.24232727272727272,-0.3966454545454546,38.59090909090909,0.0512,2
2005-02-11,0.08,0.24712727272727272,-0.4315454545454545,38.57272727272727,0.1214,2
2005-02-12,0.07181818181818182,0.23258181818181817,-0.4162363636363636,39.36363636363637,0.1036,2
2005-02-13,0.05272727272727273,0.2452181818181818,-0.41854545454545455,38.809090909090905,0.0698,2
2005-02-14,0.021818181818181816,0.24784545454545456,-0.3709272727272727,38.981818181818184,0.0177,2
2005-02-15,0.1890909090909091,0.2293818181818182,-0.39325454545454547,39.13636363636363,0.0579,2
2005-02-16,0.17,0.2290727272727273,-0.38911818181818175,39.02727272727273,0.0236,2
2005-02-17,0.2918181818181818,0.23557272727272727,-0.4069090909090909,39.199999999999996,0.0178,2
2005-02-18,0.0,0.24446363636363636,-0.39740000000000003,39.300000000000004,0.009,2
2005-02-19,0.14818181818181816,0.2409,-0.38625454545454546,39.627272727272725,0.074,2
2005-02-20,0.004545454545454546,0.24413636363636365,-0.39199090909090906,39.39090909090909,0.0419,2
2005-02-21,0.0,0.2457090909090909,-0.40645454545454546,39.40909090909091,0.1223,2
2005-02-22,0.09636363636363637,0.23849090909090911,-0.38450909090909086,39.90909090909091,0.0408,2
2005-02-23,0.0,0.2355636363636364,-0.42968181818181816,39.43636363636364,0.0314,2
2005-02-24,0.04090909090909091,0.24285454545454543,-0.3973909090909091,40.29090909090909,0.045,2
2005-02-25,0.0,0.2514363636363636,-0.38710909090909096,40.054545454545455,0.0783,2
2005-02-26,0.03636363636363637,0.24114545454545455,-0.40236363636363637,40.654545454545456,0.0047,2
2005-02-27,0.04272727272727273,0.2335181818181818,-0.4229545454545454,40.300000000000004,0.0,2
2005-02-28,0.0890909090909091,0.2501090909090909,-0.39756363636363634,40.690909090909095,0.0599,2
2005-03-01,0.0,0.2375,-0.42516363636363635,40.57272727272727,0.0594,2
2005-03-02,0.0,0.23603636363636363,-0.4053727272727273,40.67272727272727,0.0232,2
2005-03-03,0.0,0.24466363636363636,-0.4120181818181818,40.845454545454544,0.0341,2
2005-03-04,0.0,0.24800000000000003,-0.40052727272727273,41.20909090909091,0.0371,2
2005-03-05,0.0,0.24312727272727272,-0.4076636363636364,40.836363636363636,0.0,2
2005-03-06,0.0,0.23463636363636364,-0.41371818181818176,41.08181818181818,0.0352,2
2005-03-07,0.0,0.23637272727272726,-0.4268181818181818,41.10909090909091,0.0431,2
2005-03-08,0.0018181818181818182,0.24744545454545452,-0.38845454545454544,41.372727272727275,0.027,2
2005-03-09,0.0009090909090909091,0.24561818181818182,-0.41225454545454543,41.22727272727273,0.0659,2
2005-03-10,0.0009090909090909091,0.22825454545454546,-0.4511545454545454,41.58181818181818,0.0317,2
2005-03-11,0.0,0.2310727272727273,-0.4692363636363636,41.58181818181818,0.0,2
2005-03-12,0.0,0.23521818181818183,-0.39625454545454547,41.81818181818182,0.0048,2
2005-03-13,0.0,0.2385090909090909,-0.4033545454545454,41.81818181818182,0.0,2
2005-03-14,0.0,0.2463909090909091,-0.38465454545454547,41.99090909090909,0.0737,2
2005-03-15,0.0,0.2396,-0.3833727272727273,41.68181818181818,0.0,2
2005-03-16,0.0,0.2444909090909091,-0.40290909090909094,41.85454545454546,0.0201,2
2005-03-17,0.002727272727272727,0.23685454545454546,-0.4089181818181818,42.127272727272725,0.0645,2
2005-03-18,0.0018181818181818182,0.2467181818181818,-0.40045454545454545,42.13636363636363,0.0089,2
2005-03-19,0.0,0.24267272727272726,-0.4069090909090909,42.309090909090905,0.0129,2
2005-03-20,0.0,0.23306363636363636,-0.3768909090909091,42.61818181818182,0.0256,2
2005-03-21,0.0,0.23923636363636366,-0.3921454545454546,42.29090909090909,0.0195,2
2005-03-22,0.0,0.23536363636363636,-0.4152454545454546,42.809090909090905,0.0855,2
2005-03-23,0.0018181818181818182,0.23545454545454544,-0.43614545454545456,42.63636363636363,0.1033,2
2005-03-24,0.0,0.2429818181818182,-0.36527272727272725,42.4,0.0147,2
2005-03-25,0.0,0.23918181818181816,-0.3952,42.93636363636364,0.0174,2
2005-03-26,0.0018181818181818182,0.24684545454545456,-0.37678181818181816,43.018181818181816,0.0205,2
2005-03-27,0.0018181818181818182,0.24858181818181818,-0.3955181818181818,43.11818181818182,0.0,2
2005-03-28,0.0,0.23815454545454545,-0.40354545454545454,43.20909090909091,0.0469,2
2005-03-29,0.0,0.2524181818181818,-0.4115272727272727,43.13636363636363,0.0,2
2005-03-30,0.0,0.23925454545454547,-0.4337363636363636,42.91818181818182,0.0383,2
2005-03-31,0.0,0.24273636363636364,-0.397,42.78181818181818,0.0686,2
2005-04-01,1.4800000000000002,0.24283636363636363,-0.40846363636363636,43.70909090909091,0.0457,2
2005-04-02,1.5336363636363637,0.24074545454545457,-0.37328181818181816,43.4,0.0427,2
2005-04-03,0.5854545454545454,0.2386181818181818,-0.3982272727272727,43.67272727272727,0.0511,2
2005-04-04,1.0472727272727271,0.23921818181818183,-0.36448181818181813,43.50909090909091,0.0,2
2005-04-05,0.7536363636363638,0.2356909090909091,-0.3649909090909091,43.52727272727273,0.0464,2
2005-04-06,0.03727272727272727,0.24183636363636365,-0.39097272727272725,43.88181818181818,0.0,2
2005-04-07,0.5690909090909091,0.25830909090909093,-0.3708,43.35454545454545,0.0668,2
2005-04-08,0.06272727272727273,0.2580090909090909,-0.3841818181818182,44.17272727272728,0.0,2
2005-04-09,0.12363636363636364,0.24836363636363637,-0.3926636363636364,43.77272727272727,0.0203,2
2005-04-10,0.20545454545454545,0.24003636363636363,-0.3739454545454546,44.00909090909091,0.0297,2
2005-04-11,1.767272727272727,0.23940909090909093,-0.41277272727272724,43.663636363636364,0.0227,2
2005-04-12,1.5845454545454545,0.24452727272727273,-0.35495454545454547,43.981818181818184,0.0068,2
2005-04-13,0.1827272727272727,0.24917272727272727,-0.41281818181818186,43.93636363636364,0.118,2
2005-04-14,0.8545454545454544,0.25181818181818183,-0.38238181818181816,44.40909090909091,0.0335,2
2005-04-15,0.0,0.25376363636363636,-0.3800636363636363,44.22727272727273,0.0114,2
2005-04-16,0.04454545454545455,0.24475454545454545,-0.3902181818181818,44.445454545454545,0.0301,2
2005-04-17,0.30272727272727273,0.25544545454545453,-0.38048181818181814,44.31818181818182,0.0525,2
2005-04-18,0.41090909090909095,0.24336363636363637,-0.4255272727272727,45.154545454545456,0.054,2
2005-04-19,0.04363636363636363,0.26241818181818183,-0.3771181818181818,43.95454545454545,0.0019,2
2005-04-20,0.7872727272727272,0.25470909090909094,-0.37576363636363636,44.17272727272727,0.0067,2
2005-04-21,0.17363636363636364,0.25621818181818184,-0.42278181818181815,44.75454545454546,0.0436,2
2005-04-22,0.6272727272727273,0.25896363636363634,-0.3896545454545455,44.709090909090904,0.0,2
2005-04-23,0.028181818181818183,0.25436363636363635,-0.42485454545454543,44.76363636363636,0.0266,2
2005-04-24,0.3963636363636363,0.2457090909090909,-0.40768181818181815,44.872727272727275,0.0303,2
2005-04-25,0.01636363636363636,0.2591727272727273,-0.4151727272727273,44.92727272727273,0.0,2
2005-04-26,1.7836363636363637,0.2650454545454546,-0.36062727272727274,44.22727272727273,0.0167,2
2005-04-27,0.47818181818181815,0.25666363636363637,-0.3922636363636363,44.690909090909095,0.0009,2
2005-04-28,0.20545454545454545,0.25436363636363635,-0.3725454545454545,45.127272727272725,0.0136,2
2005-04-29,2.2745454545454544,0.25827272727272726,-0.3891,44.472727272727276,0.0497,2
2005-04-30,0.4681818181818182,0.2534090909090909,-0.35793636363636366,44.41818181818182,0.0,2
2005-05-01,0.7036363636363636,0.25928181818181817,-0.17950909090909092,45.02727272727273,0.0265,2
2005-05-02,0.24454545454545454,0.2595272727272727,-0.17373636363636363,45.00909090909091,0.0847,2
2005-05-03,0.07454545454545454,0.25861818181818186,-0.17976363636363638,44.9,0.1003,2
2005-05-04,0.14818181818181816,0.26880909090909094,-0.18406363636363637,45.018181818181816,0.0682,2
2005-05-05,1.1154545454545455,0.2578181818181818,-0.1725909090909091,45.81818181818182,0.1209,2
2005-05-06,0.8118181818181818,0.2671454545454546,-0.16142727272727272,45.18181818181818,0.0364,2
2005-05-07,0.6472727272727273,0.2696363636363637,-0.1882181818181818,45.21818181818182,0.0358,2
2005-05-08,0.31727272727272726,0.2699818181818182,-0.1889,44.981818181818184,0.0617,2
2005-05-09,0.0,0.26613636363636367,-0.1911272727272727,44.91818181818182,0.0811,2
2005-05-10,1.4390909090909092,0.27044545454545454,-0.16996363636363637,44.73636363636364,0.0677,2
2005-05-11,0.33090909090909093,0.25885454545454545,-0.17827272727272728,45.127272727272725,0.0403,2
2005-05-12,0.29545454545454547,0.2678909090909091,-0.17615454545454545,45.79090909090909,0.0529,2
2005-05-13,0.7745454545454545,0.2773818181818182,-0.1666,45.28181818181818,0.064,2
2005-05-14,0.07909090909090909,0.2745909090909091,-0.1650181818181818,45.03636363636363,0.019,2
2005-05-15,0.13636363636363635,0.2827545454545455,-0.17833636363636363,45.53636363636363,0.0548,2
2005-05-16,0.4863636363636364,0.2817545454545454,-0.1546909090909091,45.554545454545455,0.07,2
2005-05-17,0.19181818181818186,0.2801181818181818,-0.1712909090909091,45.39090909090909,0.0625,2
2005-05-18,0.82,0.27745454545454545,-0.14983636363636366,45.35454545454545,0.082,2
2005-05-19,1.2227272727272729,0.2863727272727273,-0.14364545454545455,45.22727272727273,0.0697,2
2005-05-20,0.34,0.28854545454545455,-0.1577727272727273,45.27272727272727,0.0681,2
2005-05-21,1.4254545454545455,0.2913090909090909,-0.134,45.43636363636364,0.1012,1
2005-05-22,3.171818181818182,0.27943636363636365,-0.11955454545454546,45.08181818181818,0.0699,1
2005-05-23,0.5109090909090909,0.28532727272727276,-0.14765454545454545,44.88181818181818,0.1158,1
2005-05-24,1.5990909090909091,0.28748181818181817,-0.13728181818181817,45.88181818181818,0.0623,2
2005-05-25,2.7554545454545454,0.2838909090909091,-0.11459090909090909,45.5,0.1055,2
2005-05-26,3.1,0.2965,-0.11717272727272726,45.4,0.15,2
2005-05-27,0.32181818181818184,0.29901818181818185,-0.12646363636363636,45.49090909090909,0.0749,1
2005-05-28,1.761818181818182,0.2903727272727273,-0.13482727272727274,45.11818181818182,0.0928,2
2005-05-29,1.1509090909090909,0.29915454545454545,-0.1096,45.27272727272727,0.0541,1
2005-05-30,5.574545454545454,0.3069636363636363,-0.07654545454545456,45.0,0.1143,1
2005-05-31,1.9272727272727272,0.31213636363636366,-0.11019090909090909,45.309090909090905,0.1249,1
2005-06-01,3.4872727272727273,0.32343636363636363,-0.0867,44.99090909090909,0.097,1
2005-06-02,3.726363636363636,0.3233,-0.0955,45.75454545454546,0.1482,1
2005-06-03,4.556363636363637,0.3106363636363636,-0.061427272727272726,44.95454545454545,0.1293,1
2005-06-04,3.0336363636363632,0.3235,-0.07436363636363635,44.872727272727275,0.1172,1
2005-06-05,8.79090909090909,0.33487272727272727,-0.011609090909090913,45.6,0.1206,1
2005-06-06,3.8736363636363635,0.3463090909090909,-0.06618181818181817,45.24545454545454,0.1596,1
2005-06-07,3.627272727272727,0.34965454545454544,-0.0694090909090909,44.97272727272727,0.154,1
2005-06-08,7.054545454545454,0.35261818181818183,-0.019899999999999998,45.02727272727273,0.1411,1
2005-06-09,10.501818181818182,0.37025454545454545,-0.013263636363636361,45.3,0.1974,1
2005-06-10,5.219090909090909,0.3675818181818182,-0.04363636363636363,44.9,0.1671,1
2005-06-11,0.8645454545454545,0.36560000000000004,-0.0632090909090909,44.68181818181818,0.1575,1
2005-06-12,6.66,0.37914545454545456,-0.013127272727272732,44.43636363636364,0.1345,1
2005-06-13,11.568181818181818,0.3889818181818182,0.05630909090909091,44.53636363636363,0.1916,0
2005-06-14,6.612727272727273,0.3852818181818182,0.020254545454545456,44.72727272727273,0.1907,0
2005-06-15,12.16909090909091,0.41140000000000004,0.03438181818181819,44.29090909090909,0.27,0
2005-06-16,11.974545454545455,0.4167090909090909,0.05586363636363636,44.85454545454545,0.2342,1
2005-06-17,3.2409090909090907,0.41951818181818185,-0.013036363636363636,44.6,0.1814,0
2005-06-18,11.754545454545456,0.4379090909090909,0.06510909090909091,44.24545454545454,0.29,0
2005-06-19,16.14,0.44213636363636366,0.1194090909090909,44.300000000000004,0.2925,0
2005-06-20,10.156363636363636,0.4501545454545454,0.07421818181818182,44.08181818181818,0.2824,0
2005-06-21,8.387272727272729,0.46355454545454544,0.04417272727272727,44.42727272727273,0.3508,0
2005-06-22,9.181818181818182,0.475,0.07000909090909091,44.17272727272727,0.2941,0
2005-06-23,13.44,0.48822727272727273,0.10746363636363636,44.13636363636363,0.3696,0
2005-06-24,12.704545454545455,0.5001818181818182,0.11517272727272726,44.481818181818184,0.339,0
2005-06-25,18.64090909090909,0.5105090909090909,0.1743818181818182,43.809090909090905,0.3875,0
2005-06-26,13.295454545454545,0.5209363636363636,0.13602727272727272,43.699999999999996,0.3771,1
2005-06-27,8.704545454545455,0.5230909090909092,0.07554545454545454,43.654545454545456,0.3042,0
2005-06-28,16.524545454545454,0.5322727272727273,0.1673909090909091,43.345454545454544,0.4388,0
2005-06-29,19.066363636363636,0.5421818181818182,0.1650909090909091,43.13636363636363,0.4061,1
2005-06-30,17.35909090909091,0.5454363636363637,0.19947272727272727,43.68181818181818,0.4241,1
2005-07-01,31.482727272727274,0.5741727272727273,0.26388181818181816,43.14545454545455,0.4571,0
2005-07-02,29.544545454545457,0.5967090909090909,0.2694090909090909,42.64545454545455,0.5574,0
2005-07-03,23.39272727272727,0.604909090909091,0.26189090909090906,43.56363636363636,0.5356,0
2005-07-04,9.65,0.6065545454545455,0.14181818181818182,42.554545454545455,0.4555,0
2005-07-05,13.495454545454544,0.6127090909090909,0.18411818181818182,42.97272727272727,0.5525,0
2005-07-06,19.176363636363636,0.6274818181818183,0.24226363636363635,42.93636363636364,0.5117,0
2005-07-07,16.903636363636362,0.6402,0.2391818181818182,43.0,0.5146,0
2005-07-08,40.307272727272725,0.6533454545454546,0.3620272727272727,42.62727272727273,0.6287,0
2005-07-09,20.921818181818182,0.6566090909090909,0.20362727272727274,42.809090909090905,0.5164,0
2005-07-10,23.905454545454543,0.6685363636363637,0.26935454545454546,42.27272727272727,0.5647,0
2005-07-11,40.46909090909091,0.6874818181818182,0.30867272727272727,42.54545454545455,0.6725,0
2005-07-12,17.532727272727275,0.6778181818181818,0.2597,42.28181818181818,0.623,0
2005-07-13,37.87181818181818,0.6989,0.3936,41.76363636363636,0.7478,0
2005-07-14,15.67818181818182,0.6916818181818182,0.22896363636363637,42.300000000000004,0.7201,0
2005-07-15,47.25727272727273,0.707409090909091,0.3608636363636364,42.0,0.6603,0
2005-07-16,40.593636363636364,0.7087090909090908,0.41393636363636366,41.836363636363636,0.7241,0
2005-07-17,44.120000000000005,0.7193636363636364,0.4072818181818182,41.900000000000006,0.7866,0
2005-07-18,31.220000000000002,0.7329090909090908,0.37620000000000003,41.57272727272727,0.7412,0
2005-07-19,34.42272727272727,0.7340545454545455,0.3739545454545455,41.345454545454544,0.7595,0
2005-07-20,49.90090909090909,0.7369818181818182,0.5036545454545455,41.00909090909091,0.7937,0
2005-07-21,34.29636363636364,0.7466636363636364,0.38640909090909087,41.345454545454544,0.7096,0
2005-07-22,67.6590909090909,0.7592909090909091,0.47759999999999997,40.981818181818184,0.7806,0
2005-07-23,46.96909090909091,0.7573363636363637,0.45362727272727277,40.836363636363636,0.8163,0
2005-07-24,41.93,0.7557636363636363,0.38391818181818177,40.85454545454545,0.7597,0
2005-07-25,41.81454545454545,0.7628909090909091,0.4356818181818181,40.54545454545455,0.7614,0
2005-07-26,43.10636363636364,0.7600545454545454,0.43603636363636367,40.45454545454545,0.7438,0
2005-07-27,54.942727272727275,0.7686272727272727,0.4591090909090909,39.99090909090909,0.8218,0
2005-07-28,45.70909090909091,0.7814636363636364,0.45408181818181814,39.95454545454545,0.7659,0
2005-07-29,68.82090909090908,0.7867363636363636,0.4434909090909091,39.699999999999996,0.7857,0
2005-07-30,37.051818181818184,0.7918090909090908,0.43000000000000005,39.38181818181818,0.7739,0
2005-07-31,30.431818181818183,0.7945636363636364,0.3924909090909091,39.71818181818182,0.7951,0
2005-08-01,40.983636363636364,0.7925363636363637,0.4203363636363637,39.60909090909092,0.8031,0
2005-08-02,50.58909090909091,0.7930909090909091,0.4515181818181819,39.154545454545456,0.7827,0
2005-08-03,55.76818181818182,0.7966000000000001,0.4443818181818182,39.29090909090909,0.7721,0
2005-08-04,37.872727272727275,0.7926909090909091,0.40116363636363633,38.93636363636364,0.7801,0
2005-08-05,29.283636363636365,0.7928363636363636,0.3859727272727273,38.40909090909091,0.7401,0
2005-08-06,43.93090909090909,0.8009818181818182,0.47151818181818184,38.68181818181818,0.7252,0
2005-08-07,47.81363636363637,0.8090181818181819,0.45289090909090907,38.97272727272727,0.7999,0
2005-08-08,25.861818181818183,0.8144272727272728,0.3680727272727273,38.49090909090909,0.7939,0
2005-08-09,45.88181818181818,0.8053272727272728,0.38044545454545453,38.22727272727273,0.8207,0
2005-08-10,18.221818181818183,0.8008272727272728,0.2787272727272727,38.263636363636365,0.8011,0
2005-08-11,26.007272727272724,0.8200636363636363,0.2852545454545454,38.22727272727273,0.7567,0
2005-08-12,42.83090909090909,0.8139090909090908,0.4544727272727273,38.17272727272727,0.7495,0
2005-08-13,56.09909090909091,0.8231454545454546,0.3959909090909091,38.0,0.763,0
2005-08-14,25.952727272727273,0.8147545454545455,0.32522727272727275,37.45454545454545,0.7389,0
2005-08-15,17.04,0.8262818181818182,0.25575454545454546,37.70909090909091,0.773,0
2005-08-16,28.25272727272727,0.8276727272727272,0.3749363636363636,37.85454545454545,0.7465,0
2005-08-17,20.348181818181818,0.8190090909090909,0.30569090909090907,37.554545454545455,0.7693,0
2005-08-18,42.98,0.8232363636363637,0.39038181818181816,37.627272727272725,0.7492,0
2005-08-19,30.481818181818184,0.8351454545454545,0.2994181818181818,37.54545454545455,0.7506,0
2005-08-20,28.74909090909091,0.8361999999999999,0.30423636363636364,37.336363636363636,0.7525,0
2005-08-21,34.37090909090909,0.8265545454545454,0.32436363636363635,37.300000000000004,0.7634,0
2005-08-22,18.849090909090908,0.8243090909090909,0.2487181818181818,37.03636363636364,0.757,0
2005-08-23,26.08,0.8240454545454546,0.3210363636363636,37.163636363636364,0.7404,0
2005-08-24,32.52727272727273,0.8182909090909092,0.30205454545454546,37.054545454545455,0.7524,0
2005-08-25,23.094545454545457,0.8210727272727273,0.2295090909090909,37.190909090909095,0.7129,0
2005-08-26,12.076363636363636,0.8307272727272728,0.12732727272727276,37.28181818181818,0.6777,0
2005-08-27,19.895454545454545,0.8364818181818182,0.2250909090909091,36.90909090909091,0.6626,0
2005-08-28,19.13909090909091,0.8338545454545454,0.21139090909090907,36.99090909090909,0.6547,0
2005-08-29,23.495454545454546,0.8301363636363637,0.19939090909090906,36.91818181818182,0.6364,0
2005-08-30,15.645454545454545,0.8314272727272727,0.18913636363636363,36.59090909090909,0.551,0
2005-08-31,31.203636363636363,0.8258727272727273,0.3086272727272727,36.81818181818182,0.5638,0
2005-09-01,23.03909090909091,0.8277727272727272,0.17322727272727273,36.32727272727273,0.5974,0
2005-09-02,12.710909090909091,0.8207454545454546,0.13453636363636365,36.27272727272727,0.5864,0
2005-09-03,12.412727272727272,0.8265636363636364,0.10517272727272728,36.345454545454544,0.6152,0
2005-09-04,10.331818181818182,0.8291636363636364,0.10465454545454546,36.00909090909091,0.5359,0
2005-09-05,8.030909090909091,0.8161272727272727,0.08257272727272727,36.336363636363636,0.5375,0
2005-09-06,34.598181818181814,0.8221363636363637,0.20825454545454544,36.20909090909091,0.5994,0
2005-09-07,9.891818181818183,0.8224818181818182,0.08497272727272728,36.63636363636363,0.4642,0
2005-09-08,8.850909090909092,0.8138181818181818,0.07128181818181818,36.08181818181818,0.406,0
2005-09-09,10.988181818181818,0.8063181818181818,0.07478181818181817,36.07272727272727,0.47,0
2005-09-10,14.084545454545456,0.8082181818181818,0.10579090909090909,36.26363636363636,0.4815,0
2005-09-11,3.5936363636363637,0.8027000000000001,0.0027454545454545435,36.10909090909091,0.387,0
2005-09-12,21.365454545454543,0.8006818181818182,0.15007272727272727,35.809090909090905,0.4661,0
2005-09-13,9.874545454545455,0.7938090909090909,0.05452727272727273,35.336363636363636,0.4501,0
2005-09-14,5.294545454545454,0.8001181818181817,-0.004409090909090912,35.78181818181818,0.3281,0
2005-09-15,5.891818181818182,0.7884727272727272,-0.015554545454545458,36.300000000000004,0.2903,0
2005-09-16,6.503636363636363,0.7784636363636364,-0.004863636363636363,36.00909090909091,0.3003,0
2005-09-17,9.387272727272729,0.7713363636363636,0.029863636363636356,35.85454545454545,0.322,0
2005-09-18,4.320909090909091,0.7782090909090909,-0.03392727272727272,35.25454545454546,0.3557,0
2005-09-19,4.681818181818182,0.7719545454545454,-0.03142727272727273,35.78181818181818,0.3216,0
2005-09-20,5.11,0.7615454545454546,-0.025845454545454546,35.67272727272727,0.2763,0
2005-09-21,3.875454545454545,0.7539272727272728,-0.05714545454545455,34.945454545454545,0.2769,0
2005-09-22,2.230909090909091,0.7465909090909091,-0.07844545454545454,35.23636363636364,0.23,0
2005-09-23,8.249090909090908,0.7439999999999999,-0.025790909090909087,35.699999999999996,0.2768,0
2005-09-24,7.315454545454545,0.7269545454545455,-0.036754545454545456,35.22727272727273,0.2683,0
2005-09-25,3.378181818181818,0.7213363636363637,-0.07465454545454546,35.57272727272727,0.2191,0
2005-09-26,5.932727272727272,0.7005181818181818,-0.05116363636363636,35.1,0.2013,0
2005-09-27,1.6163636363636364,0.7023363636363636,-0.10053636363636363,34.690909090909095,0.2876,0
2005-09-28,7.959090909090909,0.6878181818181818,-0.04022727272727273,35.29090909090909,0.3318,0
2005-09-29,4.570909090909091,0.6745363636363636,-0.08887272727272727,34.61818181818182,0.2526,0
2005-09-30,1.2518181818181817,0.6636454545454545,-0.11270909090909091,35.309090909090905,0.2187,0
2005-10-01,4.12,0.6418545454545455,-0.09607272727272727,34.96363636363637,0.2594,0
2005-10-02,0.0,0.648209090909091,-0.13463636363636364,35.07272727272727,0.2252,0
2005-10-03,3.766363636363636,0.6333363636363637,-0.1109090909090909,34.32727272727273,0.2218,0
2005-10-04,1.2536363636363637,0.6347181818181818,-0.1305090909090909,34.99090909090909,0.1742,0
2005-10-05,1.1872727272727273,0.6262727272727273,-0.1404,34.87272727272727,0.1674,0
2005-10-06,3.929090909090909,0.6107363636363636,-0.10252727272727272,35.03636363636363,0.1849,0
2005-10-07,0.7909090909090909,0.5710090909090909,-0.13948181818181818,34.63636363636363,0.2187,0
2005-10-08,1.3845454545454545,0.5894909090909091,-0.14276363636363637,34.43636363636364,0.2219,0
2005-10-09,1.9236363636363636,0.5818636363636364,-0.1494181818181818,34.22727272727273,0.1429,0
2005-10-10,0.0,0.5586636363636364,-0.1544818181818182,34.54545454545455,0.1801,0
2005-10-11,1.0481818181818183,0.5585363636363637,-0.15194545454545455,34.13636363636363,0.1915,0
2005-10-12,0.9345454545454547,0.5253636363636364,-0.1700818181818182,34.53636363636363,0.0982,0
2005-10-13,0.7618181818181817,0.5273,-0.15754545454545454,34.30909090909091,0.2067,0
2005-10-14,0.0,0.5315363636363636,-0.14942727272727271,34.699999999999996,0.1533,0
2005-10-15,0.0,0.5065727272727273,-0.1707181818181818,33.836363636363636,0.1718,0
2005-10-16,0.3272727272727272,0.5084909090909091,-0.17394545454545454,34.02727272727273,0.1209,0
2005-10-17,0.3963636363636364,0.48957272727272727,-0.17613636363636365,34.07272727272727,0.1434,0
2005-10-18,1.6854545454545453,0.49429090909090906,-0.1502090909090909,34.36363636363637,0.1863,0
2005-10-19,1.02,0.48353636363636365,-0.15874545454545455,34.23636363636364,0.1879,0
2005-10-20,0.719090909090909,0.47981818181818187,-0.16667272727272728,34.76363636363636,0.1497,0
2005-10-21,0.0,0.4622636363636364,-0.17750000000000002,33.93636363636364,0.1393,0
2005-10-22,0.4690909090909091,0.4540181818181818,-0.1897181818181818,34.309090909090905,0.1571,0
2005-10-23,0.08181818181818182,0.44458181818181813,-0.1811727272727273,33.64545454545455,0.1155,0
2005-10-24,0.4036363636363637,0.43249090909090904,-0.1779909090909091,33.845454545454544,0.1689,0
2005-10-25,0.6472727272727273,0.44102727272727277,-0.1718090909090909,33.96363636363637,0.1671,0
2005-10-26,0.1309090909090909,0.43450909090909096,-0.18275454545454545,33.554545454545455,0.1471,1
2005-10-27,0.14363636363636365,0.41928181818181814,-0.17256363636363636,34.11818181818182,0.1547,1
2005-10-28,0.23272727272727273,0.40430000000000005,-0.1688090909090909,33.52727272727273,0.1607,1
2005-10-29,0.0,0.40551818181818183,-0.1959090909090909,33.77272727272727,0.1496,1
2005-10-30,0.5981818181818181,0.4026181818181818,-0.19154545454545457,34.10909090909091,0.1155,1
2005-10-31,0.17363636363636362,0.41128181818181814,-0.20266363636363635,33.836363636363636,0.1452,1
2005-11-01,0.0,0.39210000000000006,-0.36743636363636367,34.02727272727273,0.0745,1
2005-11-02,0.0,0.3839727272727273,-0.39692727272727274,33.93636363636364,0.1322,1
2005-11-03,0.0,0.3729818181818182,-0.3800909090909091,33.481818181818184,0.1208,1
2005-11-04,0.0,0.3677363636363636,-0.40578181818181813,33.60909090909091,0.0745,1
2005-11-05,0.4327272727272727,0.3622545454545455,-0.4189363636363636,33.23636363636364,0.1122,2
2005-11-06,0.0,0.3558727272727273,-0.36208181818181817,33.336363636363636,0.0417,1
2005-11-07,0.035454545454545454,0.3583090909090909,-0.3782272727272727,33.20909090909091,0.1273,1
2005-11-08,0.0,0.3528272727272727,-0.3709727272727273,33.57272727272727,0.0985,1
2005-11-09,0.0,0.3528090909090909,-0.39157272727272724,33.054545454545455,0.1626,1
2005-11-10,0.0,0.3493363636363636,-0.41117272727272725,33.40909090909091,0.0958,1
2005-11-11,0.0,0.34207272727272725,-0.36954545454545457,33.6,0.075,2
2005-11-12,0.1409090909090909,0.3411636363636364,-0.40344545454545455,33.43636363636364,0.1404,2
2005-11-13,0.023636363636363636,0.3282818181818182,-0.3951363636363636,33.29090909090909,0.097,2
2005-11-14,0.011818181818181818,0.3313363636363636,-0.40355454545454544,33.445454545454545,0.0928,2
2005-11-15,0.0818181818181818,0.33897272727272726,-0.3973909090909091,33.36363636363637,0.1284,2
2005-11-16,0.0,0.33339090909090907,-0.43464545454545456,33.309090909090905,0.1399,2
2005-11-17,0.0,0.3126,-0.43253636363636366,33.24545454545454,0.0842,2
2005-11-18,0.06636363636363636,0.3232090909090909,-0.37837272727272725,33.03636363636363,0.1644,1
2005-11-19,0.005454545454545454,0.31026363636363635,-0.4294363636363636,33.372727272727275,0.1206,2
2005-11-20,0.009090909090909092,0.3124272727272727,-0.4202818181818182,33.627272727272725,0.1279,2
2005-11-21,0.0,0.31876363636363636,-0.3682636363636364,33.5,0.1267,2
2005-11-22,0.0,0.3113454545454546,-0.3726545454545454,33.699999999999996,0.1535,2
2005-11-23,0.0,0.3105,-0.41430909090909096,33.10909090909091,0.1004,2
2005-11-24,0.0,0.29708181818181817,-0.3789909090909091,33.481818181818184,0.1507,2
2005-11-25,0.0,0.2972909090909091,-0.3746,33.52727272727273,0.155,2
2005-11-26,0.01,0.2805818181818182,-0.4463545454545455,33.91818181818182,0.13,2
2005-11-27,0.0018181818181818182,0.2980272727272727,-0.38461818181818186,33.53636363636363,0.1051,2
2005-11-28,0.028181818181818183,0.2889272727272727,-0.41064545454545454,33.21818181818182,0.1491,2
2005-11-29,0.0,0.29042727272727276,-0.4229818181818182,33.40909090909091,0.0937,2
2005-11-30,0.0,0.2861818181818182,-0.4036818181818182,34.054545454545455,0.0877,2
2005-12-01,0.0,0.28413636363636363,-0.4140636363636364,33.22727272727273,0.1449,2
2005-12-02,0.0,0.2774272727272727,-0.41350909090909094,33.74545454545454,0.1429,2
2005-12-03,0.0009090909090909091,0.28206363636363635,-0.40700000000000003,33.336363636363636,0.0868,2
2005-12-04,0.006363636363636364,0.2817545454545454,-0.43733636363636363,33.60909090909091,0.218,2
2005-12-05,0.0,0.2759,-0.37848181818181814,33.02727272727273,0.0957,2
2005-12-06,0.17636363636363636,0.28238181818181823,-0.3638181818181818,33.64545454545454,0.1444,2
2005-12-07,0.060000000000000005,0.2632909090909091,-0.4043272727272727,33.809090909090905,0.0971,2
2005-12-08,0.05363636363636364,0.2619818181818182,-0.41817272727272725,33.4,0.1176,2
2005-12-09,0.0,0.27602727272727273,-0.4167363636363637,34.08181818181818,0.1412,2
2005-12-10,0.03818181818181818,0.2746090909090909,-0.3813181818181818,33.64545454545455,0.1,2
2005-12-11,0.0009090909090909091,0.2565545454545454,-0.3909,34.18181818181818,0.0947,2
2005-12-12,0.060000000000000005,0.2691818181818182,-0.405609090909091,33.67272727272727,0.0709,2
2005-12-13,0.0,0.2594,-0.3936636363636364,34.03636363636363,0.1066,2
2005-12-14,0.0,0.26057272727272723,-0.3808363636363636,34.309090909090905,0.1584,2
2005-12-15,0.08545454545454546,0.2503818181818182,-0.39072727272727276,33.75454545454546,0.0934,2
2005-12-16,0.1281818181818182,0.26384545454545455,-0.40254545454545454,33.981818181818184,0.0803,2
2005-12-17,0.03818181818181818,0.25922727272727275,-0.41943636363636366,34.18181818181818,0.135,2
2005-12-18,0.0,0.25134545454545454,-0.38625454545454546,34.36363636363637,0.1032,2
2005-12-19,0.05272727272727273,0.26138181818181816,-0.4126454545454545,34.47272727272727,0.134,2
2005-12-20,0.09545454545454546,0.2481545454545455,-0.4182636363636364,34.13636363636363,0.1142,2
2005-12-21,0.023636363636363636,0.25082727272727273,-0.4058363636363636,33.945454545454545,0.0959,2
2005-12-22,0.023636363636363636,0.25074545454545455,-0.42555454545454546,33.872727272727275,0.1067,2
2005-12-23,0.0,0.25566363636363637,-0.41151818181818184,34.68181818181818,0.1084,2
2005-12-24,0.0,0.25575454545454546,-0.38410000000000005,34.89090909090909,0.0847,2
2005-12-25,0.0018181818181818182,0.24797272727272726,-0.3947272727272727,34.42727272727273,0.112,2
2005-12-26,0.0,0.26632727272727275,-0.42751818181818185,34.68181818181818,0.1543,2
2005-12-27,0.0,0.2557,-0.38543636363636363,34.663636363636364,0.1151,2
2005-12-28,0.0,0.2457,-0.3977454545454545,34.90909090909091,0.0709,2
2005-12-29,0.0,0.2591818181818182,-0.40433636363636366,34.78181818181818,0.174,2
2005-12-30,0.046363636363636364,0.2542,-0.39700909090909087,34.92727272727273,0.1246,2
2005-12-31,0.03636363636363637,0.25785454545454545,-0.3593181818181818,34.90909090909091,0.0619,2
2006-01-01,0.05454545454545454,0.22967272727272725,-0.3779636363636364,34.654545454545456,0.0642,2
2006-01-02,0.0,0.23266363636363635,-0.39335454545454546,34.78181818181818,0.0771,2
2006-01-03,0.0,0.24039090909090907,-0.3867636363636364,35.018181818181816,0.1185,2
2006-01-04,0.004545454545454546,0.23572727272727273,-0.33403636363636363,34.82727272727273,0.1425,2
2006-01-05,0.0,0.22582727272727274,-0.37821818181818184,35.163636363636364,0.1304,2
2006-01-06,0.08545454545454545,0.23557272727272727,-0.38755454545454543,34.76363636363636,0.1323,2
2006-01-07,0.09545454545454546,0.24261818181818182,-0.3910727272727273,35.72727272727273,0.0932,2
2006-01-08,0.0,0.24365454545454546,-0.3818818181818182,35.14545454545455,0.1256,2
2006-01-09,0.0,0.24127272727272728,-0.38795454545454544,35.11818181818182,0.0289,2
2006-01-10,0.0,0.24283636363636366,-0.39497272727272725,35.5,0.128,2
2006-01-11,0.02090909090909091,0.23347272727272728,-0.3933909090909091,36.11818181818182,0.035,2
2006-01-12,0.09818181818181819,0.2320818181818182,-0.40236363636363637,36.07272727272727,0.047,2
2006-01-13,0.0,0.23709999999999998,-0.3796181818181818,36.1,0.0703,2
2006-01-14,0.0,0.23439999999999997,-0.3802090909090909,36.054545454545455,0.1008,2
2006-01-15,0.11181818181818182,0.24111818181818181,-0.3774363636363636,36.21818181818182,0.0993,2
2006-01-16,0.0,0.2436909090909091,-0.3709,36.47272727272727,0.0716,2
2006-01-17,0.10727272727272727,0.2444909090909091,-0.3782,36.00909090909091,0.13,2
2006-01-18,0.03090909090909091,0.24052727272727273,-0.35611818181818183,36.02727272727273,0.153,2
2006-01-19,0.0,0.2389,-0.3892545454545455,36.345454545454544,0.0886,2
2006-01-20,0.05818181818181818,0.24338181818181817,-0.4015909090909091,36.518181818181816,0.0568,2
2006-01-21,0.04454545454545455,0.24163636363636362,-0.3968818181818182,36.91818181818182,0.0836,2
2006-01-22,0.02727272727272727,0.23729090909090908,-0.40448181818181816,36.59090909090909,0.0285,2
2006-01-23,0.053636363636363635,0.2439181818181818,-0.40647272727272726,36.74545454545454,0.1221,2
2006-01-24,0.4454545454545455,0.24776363636363638,-0.36590909090909096,36.81818181818182,0.0775,2
2006-01-25,0.0,0.23787272727272726,-0.4248727272727273,37.08181818181818,0.049,2
2006-01-26,0.0009090909090909091,0.2389,-0.42431818181818187,37.29090909090909,0.0378,2
2006-01-27,0.20909090909090908,0.2414272727272727,-0.39553636363636363,36.92727272727273,0.0372,2
2006-01-28,0.007272727272727273,0.24409999999999998,-0.3952090909090909,37.11818181818182,0.0741,2
2006-01-29,0.0,0.2449909090909091,-0.35801818181818185,37.38181818181818,0.0834,2
2006-01-30,0.0018181818181818182,0.2385,-0.3945090909090909,37.25454545454546,0.1022,2
2006-01-31,0.10545454545454545,0.24729090909090912,-0.37501818181818186,37.190909090909095,0.1175,2
2006-02-01,0.013636363636363636,0.23521818181818183,-0.42273636363636363,37.96363636363637,0.0849,2
2006-02-02,0.06181818181818182,0.2480090909090909,-0.4037545454545455,37.89090909090909,0.0364,2
2006-02-03,0.053636363636363635,0.24141818181818178,-0.3992727272727273,37.518181818181816,0.0573,2
2006-02-04,0.08636363636363636,0.24704545454545454,-0.40605454545454545,37.627272727272725,0.057,2
2006-02-05,0.2381818181818182,0.24030909090909092,-0.393,37.836363636363636,0.0891,2
2006-02-06,0.0,0.24607272727272725,-0.3818,37.5,0.1181,2
2006-02-07,0.08363636363636363,0.2510454545454545,-0.37631818181818183,38.190909090909095,0.0737,2
2006-02-08,0.0,0.23551818181818182,-0.41865454545454545,38.654545454545456,0.0268,2
2006-02-09,0.0,0.23918181818181816,-0.39271818181818186,39.054545454545455,0.0737,2
2006-02-10,0.00818181818181818,0.24058181818181817,-0.4121181818181818,38.800000000000004,0.1029,2
2006-02-11,0.0,0.2491818181818182,-0.37672727272727274,38.75454545454546,0.0831,2
2006-02-12,0.15363636363636363,0.2359181818181818,-0.37962727272727276,38.845454545454544,0.123,2
2006-02-13,0.16,0.25064545454545456,-0.3845,39.02727272727273,0.0314,2
2006-02-14,0.0,0.2526818181818182,-0.39623636363636366,38.63636363636363,0.0656,2
2006-02-15,0.09272727272727273,0.24772727272727274,-0.4310181818181818,38.518181818181816,0.0287,2
2006-02-16,0.0,0.24008181818181817,-0.39942727272727274,39.1,0.0263,2
2006-02-17,0.0,0.2518,-0.3888909090909091,39.481818181818184,0.0842,2
2006-02-18,0.023636363636363636,0.24245454545454545,-0.4081363636363636,39.52727272727273,0.0118,2
2006-02-19,0.04181818181818182,0.24543636363636362,-0.39060909090909096,39.43636363636364,0.0,2
2006-02-20,0.0,0.23928181818181818,-0.4033818181818182,39.59090909090909,0.0594,2
2006-02-21,0.031818181818181815,0.24326363636363635,-0.34984545454545457,39.60909090909091,0.0778,2
2006-02-22,0.14636363636363636,0.24098181818181816,-0.37207272727272733,39.50909090909091,0.088,2
2006-02-23,0.06818181818181818,0.24303636363636363,-0.40120909090909085,39.945454545454545,0.0651,2
2006-02-24,0.07909090909090909,0.23617272727272728,-0.38393636363636363,40.07272727272727,0.0674,2
2006-02-25,0.051818181818181826,0.23464545454545452,-0.41096363636363636,40.11818181818182,0.1017,2
2006-02-26,0.0,0.23427272727272727,-0.3835272727272727,40.1,0.0442,2
2006-02-27,0.07090909090909091,0.24763636363636365,-0.3890181818181819,40.22727272727273,0.0617,2
2006-02-28,0.11181818181818182,0.24420909090909093,-0.3894090909090909,40.24545454545454,0.0545,2
2006-03-01,0.0,0.23576363636363637,-0.41609999999999997,40.72727272727273,0.0954,2
2006-03-02,0.0,0.24856363636363635,-0.4050090909090909,40.57272727272727,0.033,2
2006-03-03,0.0,0.24338181818181817,-0.37531818181818183,40.74545454545454,0.0678,2
2006-03-04,0.0,0.2337,-0.39305454545454543,40.58181818181818,0.0668,2
2006-03-05,0.0,0.2364090909090909,-0.41752727272727275,40.77272727272727,0.0414,2
2006-03-06,0.0,0.2385,-0.3891636363636364,41.17272727272727,0.0781,2
2006-03-07,0.0009090909090909091,0.23526363636363634,-0.4171454545454545,41.27272727272727,0.0664,2
2006-03-08,0.0,0.24083636363636363,-0.39332727272727275,41.40909090909091,0.0273,2
2006-03-09,0.0018181818181818182,0.23435454545454545,-0.3982090909090909,41.199999999999996,0.0329,2
2006-03-10,0.0,0.24375454545454545,-0.3894727272727273,41.67272727272727,0.0683,2
2006-03-11,0.0,0.24746363636363639,-0.3710181818181818,41.845454545454544,0.0468,2
2006-03-12,0.0,0.24054545454545453,-0.40593636363636365,41.627272727272725,0.0119,2
2006-03-13,0.0,0.23868181818181816,-0.42030000000000006,41.61818181818182,0.0,2
2006-03-14,0.0,0.2327181818181818,-0.40683636363636366,41.82727272727273,0.043,2
2006-03-15,0.0,0.2475272727272727,-0.3841545454545454,42.554545454545455,0.0317,2
2006-03-16,0.0,0.23100909090909091,-0.40084545454545456,42.27272727272727,0.0417,2
2006-03-17,0.0009090909090909091,0.23466363636363638,-0.4287636363636364,41.73636363636364,0.0531,2
2006-03-18,0.0009090909090909091,0.24257272727272727,-0.40549999999999997,41.872727272727275,0.0,2
2006-03-19,0.0,0.2366181818181818,-0.38978181818181823,42.31818181818182,0.0378,2
2006-03-20,0.0009090909090909091,0.23046363636363634,-0.42754545454545456,42.21818181818182,0.024,2
2006-03-21,0.0,0.2425818181818182,-0.41869090909090906,42.5,0.0759,2
2006-03-22,0.0,0.2415727272727273,-0.41132727272727276,42.46363636363637,0.0317,2
2006-03-23,0.0009090909090909091,0.24305454545454544,-0.4017636363636364,42.654545454545456,0.0195,2
2006-03-24,0.0,0.22975454545454543,-0.4085636363636364,42.481818181818184,0.0225,2
2006-03-25,0.0,0.2362727272727273,-0.4179909090909091,42.85454545454545,0.0529,2
2006-03-26,0.004545454545454546,0.2416272727272727,-0.40139090909090913,43.47272727272727,0.0504,2
2006-03-27,0.0,0.2408636363636364,-0.4112727272727273,42.74545454545454,0.013,2
2006-03-28,0.0018181818181818182,0.2503818181818182,-0.38271818181818185,43.27272727272727,0.0546,2
2006-03-29,0.0,0.2373818181818182,-0.4211727272727273,43.04545454545455,0.0284,2
2006-03-30,0.0,0.23856363636363637,-0.4107272727272727,42.76363636363636,0.0201,2
2006-03-31,0.0,0.2441,-0.37230909090909087,43.518181818181816,0.0208,2
2006-04-01,0.045454545454545456,0.2371090909090909,-0.3942272727272727,43.49090909090909,0.0553,2
2006-04-02,0.5690909090909091,0.23847272727272728,-0.4197818181818182,43.59090909090909,0.0,2
2006-04-03,0.10363636363636365,0.2476727272727273,-0.4031545454545455,43.690909090909095,0.0075,2
2006-04-04,0.2218181818181818,0.2467909090909091,-0.3940181818181818,43.81818181818182,0.0682,2
2006-04-05,2.226363636363636,0.24734545454545456,-0.38350909090909097,43.72727272727273,0.0354,2
2006-04-06,0.6936363636363636,0.245,-0.4016454545454545,43.809090909090905,0.0,2
2006-04-07,1.419090909090909,0.2622090909090909,-0.4068727272727273,44.17272727272727,0.0271,2
2006-04-08,0.34545454545454546,0.2414090909090909,-0.3762636363636363,43.89090909090909,0.0333,2
2006-04-09,0.12545454545454546,0.2365818181818182,-0.4234,43.77272727272727,0.018,2
2006-04-10,0.14363636363636365,0.24210909090909088,-0.3922181818181818,43.93636363636364,0.043,2
2006-04-11,0.08727272727272727,0.2452909090909091,-0.3846636363636364,44.13636363636363,0.0342,2
2006-04-12,0.33272727272727276,0.24273636363636364,-0.38814545454545457,44.13636363636363,0.0,2
2006-04-13,0.46727272727272723,0.24122727272727273,-0.37603636363636367,44.39090909090909,0.0483,2
2006-04-14,1.0218181818181817,0.2558090909090909,-0.3700818181818182,44.23636363636364,0.0,2
2006-04-15,0.4854545454545454,0.25736363636363635,-0.4228727272727273,44.29090909090909,0.0,2
2006-04-16,0.6027272727272727,0.24936363636363634,-0.36977272727272725,44.40909090909091,0.0908,2
2006-04-17,0.3272727272727272,0.25998181818181815,-0.39591818181818184,44.57272727272727,0.0421,2
2006-04-18,0.0,0.25198181818181814,-0.3884272727272728,44.79090909090909,0.0,2
2006-04-19,0.12363636363636364,0.24849999999999997,-0.3808909090909091,44.10909090909091,0.0235,2
2006-04-20,0.05272727272727273,0.25523636363636365,-0.39195454545454544,44.49090909090909,0.0,2
2006-04-21,1.3818181818181818,0.2510454545454545,-0.37111818181818185,44.56363636363636,0.0,2
2006-04-22,0.21909090909090911,0.26232727272727274,-0.37084545454545453,44.86363636363637,0.0119,2
2006-04-23,0.1290909090909091,0.2535272727272727,-0.3857,44.79090909090909,0.0,2
2006-04-24,0.6499999999999999,0.2545272727272727,-0.3710272727272727,45.300000000000004,0.0373,2
2006-04-25,0.6363636363636364,0.2601636363636364,-0.4047,44.67272727272727,0.0441,2
2006-04-26,0.21818181818181817,0.2546363636363636,-0.4147636363636364,44.59090909090909,0.0,2
2006-04-27,0.06090909090909091,0.2639727272727273,-0.39213636363636367,45.127272727272725,0.0,2
2006-04-28,0.32727272727272727,0.25175454545454545,-0.3894,44.6,0.0517,2
2006-04-29,0.12818181818181817,0.25815454545454547,-0.3950454545454546,44.79090909090909,0.0164,2
2006-04-30,0.9309090909090908,0.2544090909090909,-0.3599090909090909,45.190909090909095,0.0,2
2006-05-01,1.2236363636363636,0.2595,-0.19162727272727273,44.76363636363636,0.0637,2
2006-05-02,0.2672727272727273,0.26384545454545455,-0.1944181818181818,45.0,0.0757,2
2006-05-03,0.32181818181818184,0.26278181818181817,-0.1784,44.70909090909091,0.0497,2
2006-05-04,0.37454545454545457,0.26983636363636365,-0.19859090909090907,45.03636363636363,0.0186,2
2006-05-05,0.20181818181818179,0.2646272727272727,-0.18959090909090912,45.163636363636364,0.0423,1
2006-05-06,0.6172727272727273,0.2656454545454545,-0.1856727272727273,44.654545454545456,0.0557,2
2006-05-07,0.0,0.25388181818181815,-0.18606363636363635,45.31818181818182,0.0277,2
2006-05-08,0.6945454545454545,0.2621545454545455,-0.17306363636363636,45.03636363636363,0.0619,2
2006-05-09,0.5372727272727272,0.2728181818181818,-0.1738818181818182,44.97272727272727,0.0283,2
2006-05-10,0.2545454545454545,0.2701727272727273,-0.17474545454545454,45.48181818181818,0.0704,2
2006-05-11,0.84,0.2691818181818182,-0.17266363636363635,45.22727272727273,0.022,2
2006-05-12,1.04,0.26784545454545455,-0.16246363636363637,45.054545454545455,0.063,2
2006-05-13,1.9672727272727273,0.27089090909090907,-0.14902727272727273,45.29090909090909,0.0491,2
2006-05-14,0.03727272727272727,0.27103636363636363,-0.17026363636363637,45.56363636363636,0.0258,2
2006-05-15,1.2754545454545454,0.2767181818181818,-0.16084545454545454,45.52727272727273,0.0693,2
2006-05-16,1.9845454545454544,0.27801818181818183,-0.13865454545454545,45.663636363636364,0.0793,2
2006-05-17,0.7463636363636365,0.2834,-0.14296363636363638,45.17272727272727,0.0986,2
2006-05-18,0.21,0.27944545454545455,-0.16415454545454547,45.6,0.0486,2
2006-05-19,2.088181818181818,0.2856181818181818,-0.13977272727272727,45.20909090909091,0.0446,1
2006-05-20,0.9609090909090909,0.2853454545454545,-0.14479090909090908,45.699999999999996,0.0656,2
2006-05-21,1.0872727272727274,0.2818272727272727,-0.14573636363636364,44.872727272727275,0.0726,2
2006-05-22,0.21909090909090911,0.2856090909090909,-0.1585,45.13636363636363,0.0509,2
2006-05-23,3.2290909090909095,0.2943,-0.1024,45.42727272727273,0.0695,2
2006-05-24,0.8054545454545454,0.2859,-0.14766363636363636,45.445454545454545,0.024,2
2006-05-25,0.2427272727272727,0.29627272727272724,-0.1368818181818182,44.75454545454546,0.027,2
2006-05-26,1.9327272727272726,0.2935181818181818,-0.12762727272727273,45.5,0.0968,2
2006-05-27,1.1854545454545455,0.29509090909090907,-0.1362,45.28181818181818,0.1172,2
2006-05-28,3.521818181818182,0.2990272727272727,-0.11230909090909091,45.518181818181816,0.0771,1
2006-05-29,2.24,0.2999454545454545,-0.10629090909090909,45.56363636363636,0.1007,1
2006-05-30,0.5118181818181818,0.3095909090909091,-0.1277,45.59090909090909,0.0608,2
2006-05-31,1.7,0.3055727272727273,-0.10901818181818182,45.85454545454545,0.085,1
2006-06-01,1.738181818181818,0.3043090909090909,-0.11073636363636363,44.85454545454545,0.1166,2
2006-06-02,0.0,0.3261,-0.11899090909090909,44.89090909090909,0.0767,1
2006-06-03,8.401818181818182,0.3163727272727273,-0.027527272727272734,44.67272727272727,0.1216,1
2006-06-04,2.541818181818182,0.3241090909090909,-0.09876363636363637,44.809090909090905,0.1241,1
2006-06-05,1.7045454545454546,0.34186363636363637,-0.09473636363636363,45.14545454545455,0.1245,1
2006-06-06,6.699090909090909,0.3517454545454546,-0.038863636363636364,45.26363636363636,0.1325,1
2006-06-07,5.201818181818182,0.33647272727272726,-0.043963636363636364,44.73636363636364,0.1362,1
2006-06-08,6.138181818181818,0.3526090909090909,-0.034800000000000005,44.75454545454546,0.1752,1
2006-06-09,3.7100000000000004,0.3590181818181818,-0.06005454545454545,44.56363636363636,0.175,1
2006-06-10,4.659090909090909,0.35742727272727276,-0.02425454545454546,45.054545454545455,0.1399,1
2006-06-11,9.57181818181818,0.3597,0.003018181818181816,44.800000000000004,0.2556,1
2006-06-12,7.697272727272726,0.3694818181818182,0.004636363636363639,44.945454545454545,0.1357,1
2006-06-13,14.592727272727274,0.3847181818181818,0.0609,44.836363636363636,0.2464,1
2006-06-14,4.0,0.3858636363636364,-0.018045454545454545,44.699999999999996,0.2241,0
2006-06-15,10.708181818181817,0.39740909090909093,0.0125,44.85454545454545,0.2662,0
2006-06-16,11.433636363636364,0.4051,0.033081818181818184,44.64545454545454,0.3033,1
2006-06-17,10.869090909090907,0.4213454545454546,0.040345454545454545,43.93636363636364,0.249,0
2006-06-18,9.992727272727272,0.43439999999999995,0.04871818181818182,44.31818181818182,0.3175,1
2006-06-19,15.33,0.43287272727272724,0.11291818181818182,44.85454545454545,0.3075,0
2006-06-20,6.967272727272728,0.45159090909090904,0.024709090909090913,44.60909090909091,0.2434,0
2006-06-21,4.583636363636364,0.4544181818181818,0.024363636363636365,43.90909090909091,0.2942,0
2006-06-22,17.485454545454544,0.47104545454545454,0.1449,44.27272727272727,0.3061,0
2006-06-23,12.743636363636364,0.4762545454545455,0.10038181818181818,43.81818181818182,0.316,0
2006-06-24,16.48,0.4938545454545455,0.11196363636363636,44.28181818181818,0.3627,1
2006-06-25,16.73,0.5054454545454545,0.1173818181818182,44.07272727272727,0.3342,0
2006-06-26,24.531818181818185,0.5169272727272728,0.16519090909090908,43.49090909090909,0.3875,0
2006-06-27,8.868181818181817,0.5184272727272727,0.09889999999999999,43.75454545454546,0.3988,0
2006-06-28,12.24909090909091,0.5262727272727272,0.11015454545454545,43.690909090909095,0.4466,0
2006-06-29,11.126363636363637,0.5381181818181818,0.10842727272727273,43.445454545454545,0.3695,0
2006-06-30,20.430909090909093,0.5529454545454545,0.16012727272727273,43.518181818181816,0.4003,0
2006-07-01,26.666363636363634,0.5665272727272727,0.28005454545454544,43.59090909090909,0.4508,0
2006-07-02,37.79909090909091,0.594709090909091,0.2621727272727273,43.18181818181818,0.4969,0
2006-07-03,25.70090909090909,0.6136545454545455,0.20162727272727274,43.35454545454545,0.5026,0
2006-07-04,28.49636363636364,0.6195545454545455,0.28200909090909093,42.64545454545455,0.6116,0
2006-07-05,30.30636363636364,0.6351818181818182,0.2954,43.018181818181816,0.6622,0
2006-07-06,11.196363636363635,0.6402818181818182,0.16202727272727271,43.31818181818182,0.5867,0
2006-07-07,29.682727272727274,0.6468363636363637,0.32695454545454544,42.45454545454545,0.7289,0
2006-07-08,19.55636363636364,0.6647636363636363,0.2400818181818182,42.4,0.6506,0
2006-07-09,22.00272727272727,0.6528818181818182,0.28709090909090906,42.10909090909091,0.6019,0
2006-07-10,16.46181818181818,0.6680818181818182,0.23119090909090909,42.09090909090909,0.5643,0
2006-07-11,40.67727272727273,0.7044818181818182,0.39845454545454545,42.40909090909091,0.66,0
2006-07-12,27.811818181818182,0.6847,0.3452545454545455,41.663636363636364,0.6361,0
2006-07-13,22.38909090909091,0.7035818181818182,0.29114545454545454,42.300000000000004,0.6345,0
2006-07-14,39.92818181818182,0.7035363636363636,0.3614090909090909,41.73636363636364,0.7288,0
2006-07-15,47.21545454545455,0.7125181818181818,0.4574363636363637,41.63636363636363,0.7369,0
2006-07-16,27.24727272727273,0.7246454545454545,0.33943636363636365,41.02727272727273,0.7387,0
2006-07-17,24.62090909090909,0.7282636363636363,0.2692090909090909,41.32727272727273,0.7211,0
2006-07-18,40.41909090909091,0.7243727272727273,0.4321181818181818,41.40909090909091,0.7116,0
2006-07-19,33.61090909090909,0.7399272727272728,0.3754,41.06363636363636,0.7272,0
2006-07-20,31.773636363636363,0.7444090909090909,0.37233636363636363,41.018181818181816,0.7563,0
2006-07-21,56.309090909090905,0.7484999999999999,0.4013,40.59090909090909,0.7158,0
2006-07-22,53.54272727272728,0.7553818181818183,0.45942727272727274,40.54545454545455,0.8103,0
2006-07-23,42.64363636363636,0.7648454545454545,0.4360727272727273,40.78181818181818,0.7921,0
2006-07-24,34.68,0.7686363636363637,0.39071818181818185,40.300000000000004,0.7606,0
2006-07-25,24.29,0.769,0.3244090909090909,39.92727272727273,0.7909,0
2006-07-26,47.24727272727273,0.7849636363636364,0.4212818181818182,40.59090909090909,0.7417,0
2006-07-27,45.620000000000005,0.7724818181818182,0.4898181818181818,39.71818181818182,0.8182,0
2006-07-28,41.32363636363636,0.7826181818181819,0.4319818181818182,39.64545454545455,0.7923,0
2006-07-29,39.549090909090914,0.7798727272727273,0.44733636363636364,39.654545454545456,0.7904,0
2006-07-30,42.378181818181815,0.7885363636363636,0.41453636363636365,39.627272727272725,0.7738,0
2006-07-31,55.16909090909091,0.7795909090909091,0.5221454545454546,39.800000000000004,0.7753,0
2006-08-01,55.76363636363636,0.7909818181818182,0.43647272727272723,39.43636363636364,0.8105,0
2006-08-02,55.7890909090909,0.7921636363636364,0.4632181818181818,38.93636363636364,0.776,0
2006-08-03,37.303636363636365,0.7886818181818182,0.43353636363636366,39.71818181818182,0.7497,0
2006-08-04,56.42636363636364,0.7931454545454546,0.48676363636363634,38.981818181818184,0.8005,0
2006-08-05,44.01090909090909,0.7996909090909091,0.43205454545454547,38.80909090909091,0.7889,0
2006-08-06,33.60363636363636,0.7975909090909091,0.3746181818181818,38.75454545454546,0.7356,0
2006-08-07,39.268181818181816,0.8018363636363636,0.4266727272727273,38.9,0.808,0
2006-08-08,52.093636363636364,0.8023818181818182,0.3866818181818182,38.90909090909091,0.7458,0
2006-08-09,41.46,0.8134090909090909,0.43897272727272724,38.57272727272727,0.7302,0
2006-08-10,36.60636363636364,0.8153909090909092,0.3988545454545455,38.9,0.788,0
2006-08-11,38.054545454545455,0.8157181818181818,0.43740909090909086,38.02727272727273,0.7597,0
2006-08-12,56.76272727272727,0.8081363636363637,0.4158636363636364,38.554545454545455,0.7378,0
2006-08-13,28.85909090909091,0.8226,0.33793636363636365,37.72727272727273,0.8068,0
2006-08-14,13.455454545454545,0.814409090909091,0.23037272727272728,37.89090909090909,0.756,0
2006-08-15,39.584545454545456,0.824790909090909,0.3895363636363637,38.02727272727273,0.7965,0
2006-08-16,24.53909090909091,0.8222272727272727,0.30568181818181817,37.66363636363636,0.7297,0
2006-08-17,46.76272727272727,0.8351454545454545,0.37588181818181815,37.4,0.7951,0
2006-08-18,16.812727272727273,0.8201363636363636,0.22058181818181818,37.809090909090905,0.6547,0
2006-08-19,25.60272727272727,0.8226181818181818,0.3201818181818182,37.654545454545456,0.8068,0
2006-08-20,22.886363636363637,0.8322636363636363,0.2686636363636363,37.02727272727273,0.708,0
2006-08-21,37.63090909090909,0.8285363636363637,0.3982818181818182,37.21818181818182,0.7972,0
2006-08-22,22.51818181818182,0.8264181818181818,0.24842727272727272,37.13636363636363,0.818,0
2006-08-23,33.73727272727273,0.8332818181818182,0.3252272727272727,36.627272727272725,0.7247,0
2006-08-24,20.37181818181818,0.8277636363636364,0.2619090909090909,37.20909090909091,0.6429,0
2006-08-25,20.96090909090909,0.8320545454545454,0.26807272727272724,36.872727272727275,0.738,0
2006-08-26,22.735454545454544,0.8236272727272728,0.2572272727272727,36.800000000000004,0.6431,0
2006-08-27,11.702727272727271,0.8346545454545455,0.14935454545454546,36.72727272727273,0.6143,0
2006-08-28,12.275454545454545,0.8306727272727272,0.1696909090909091,36.518181818181816,0.6187,0
2006-08-29,24.270000000000003,0.8247181818181818,0.20949090909090912,36.154545454545456,0.59,0
2006-08-30,14.364545454545453,0.8276272727272727,0.15551818181818183,36.57272727272727,0.5167,0
2006-08-31,19.038181818181815,0.8192545454545453,0.21425454545454545,36.845454545454544,0.4916,0
2006-09-01,29.67,0.8276454545454546,0.2296909090909091,35.77272727272727,0.5551,0
2006-09-02,13.608181818181817,0.8270454545454545,0.14152727272727272,36.38181818181818,0.5541,0
2006-09-03,21.507272727272728,0.8291727272727273,0.2042272727272727,36.41818181818182,0.5848,0
2006-09-04,14.956363636363637,0.8356272727272728,0.11127272727272727,36.38181818181818,0.5383,0
2006-09-05,8.375454545454547,0.8199454545454546,0.07920909090909091,36.23636363636364,0.5204,0
2006-09-06,20.105454545454545,0.8283363636363638,0.15036363636363637,36.29090909090909,0.5287,0
2006-09-07,12.11909090909091,0.8227181818181819,0.1064181818181818,36.40909090909091,0.4971,0
2006-09-08,10.444545454545455,0.8236272727272728,0.07456363636363637,35.72727272727273,0.4216,0
2006-09-09,13.561818181818182,0.8223818181818182,0.07614545454545454,36.1,0.444,0
2006-09-10,10.146363636363636,0.8289545454545455,0.07406363636363637,36.127272727272725,0.4035,0
2006-09-11,14.001818181818182,0.8173909090909092,0.08702727272727273,35.845454545454544,0.4093,0
2006-09-12,9.712727272727273,0.8188454545454547,0.060709090909090914,36.36363636363637,0.3699,0
2006-09-13,7.303636363636364,0.8181181818181819,0.010945454545454543,35.67272727272727,0.4429,0
2006-09-14,3.2654545454545456,0.8092727272727274,-0.031354545454545454,35.27272727272727,0.3467,0
2006-09-15,10.477272727272727,0.8121181818181817,0.04530909090909091,35.13636363636363,0.414,0
2006-09-16,7.475454545454545,0.8039454545454546,0.017845454545454543,36.345454545454544,0.3197,0
2006-09-17,3.5727272727272723,0.7964909090909091,-0.03649090909090909,35.73636363636364,0.2842,0
2006-09-18,15.52727272727273,0.7850636363636364,0.05574545454545454,34.872727272727275,0.3383,0
2006-09-19,9.823636363636364,0.7942727272727272,0.009627272727272722,35.654545454545456,0.3619,0
2006-09-20,9.516363636363636,0.7883636363636364,0.0011909090909090847,34.92727272727273,0.2881,0
2006-09-21,6.28,0.7814636363636364,-0.039627272727272726,35.70909090909091,0.3862,0
2006-09-22,1.4390909090909092,0.7616454545454545,-0.0872909090909091,35.22727272727273,0.2378,0
2006-09-23,6.208181818181817,0.7414545454545455,-0.022572727272727276,35.345454545454544,0.3004,0
2006-09-24,6.232727272727273,0.7379363636363636,-0.041063636363636365,34.96363636363637,0.31,0
2006-09-25,0.7545454545454546,0.7297454545454546,-0.1049909090909091,35.57272727272727,0.2667,0
2006-09-26,1.9736363636363636,0.7188727272727273,-0.08074545454545455,35.190909090909095,0.2748,0
2006-09-27,4.346363636363637,0.7265818181818182,-0.07249090909090909,34.93636363636364,0.2772,0
2006-09-28,3.24,0.6926363636363636,-0.09319999999999999,34.42727272727273,0.2583,0
2006-09-29,2.752727272727273,0.6912545454545455,-0.09515454545454545,35.11818181818182,0.1817,0
2006-09-30,1.5336363636363637,0.6729181818181819,-0.10504545454545454,34.67272727272727,0.1543,0
2006-10-01,0.0,0.6557909090909091,-0.12425454545454545,34.76363636363636,0.1978,0
2006-10-02,1.6081818181818184,0.6407181818181819,-0.1197818181818182,34.96363636363637,0.1954,0
2006-10-03,1.3618181818181818,0.6323,-0.1323,34.70909090909091,0.1944,0
2006-10-04,1.43,0.6251,-0.13272727272727272,35.03636363636363,0.2051,0
2006-10-05,2.0681818181818183,0.6072909090909091,-0.11311818181818181,34.518181818181816,0.2217,0
2006-10-06,0.5854545454545454,0.5966363636363636,-0.14292727272727274,35.00909090909091,0.1571,0
2006-10-07,3.2790909090909093,0.5775090909090909,-0.11650909090909091,34.945454545454545,0.1832,0
2006-10-08,0.8936363636363637,0.5909181818181818,-0.14833636363636363,34.62727272727273,0.1752,0
2006-10-09,1.4981818181818183,0.5654,-0.14355454545454546,34.4,0.1216,0
2006-10-10,0.0,0.5629090909090909,-0.1506909090909091,34.127272727272725,0.1878,0
2006-10-11,0.5772727272727273,0.5509,-0.16499090909090908,34.199999999999996,0.1808,0
2006-10-12,0.3236363636363636,0.5375181818181818,-0.1746,34.03636363636364,0.2082,0
2006-10-13,1.3627272727272726,0.5320363636363636,-0.16363636363636364,33.78181818181818,0.1665,0
2006-10-14,2.7536363636363634,0.5226909090909091,-0.14114545454545455,33.91818181818182,0.1453,0
2006-10-15,0.9127272727272726,0.5158090909090909,-0.16121818181818182,34.163636363636364,0.1568,0
2006-10-16,0.0,0.5017181818181818,-0.17349090909090908,34.190909090909095,0.1495,0
2006-10-17,0.0,0.5015727272727273,-0.15592727272727272,34.127272727272725,0.1463,0
2006-10-18,0.4081818181818182,0.4878,-0.17572727272727273,33.845454545454544,0.186,0
2006-10-19,0.0,0.4768454545454546,-0.18460000000000001,33.981818181818184,0.1,0
2006-10-20,0.5627272727272727,0.45883636363636365,-0.1650727272727273,34.11818181818182,0.1121,1
2006-10-21,0.3563636363636364,0.4474636363636364,-0.1771090909090909,33.96363636363637,0.0907,1
2006-10-22,1.05,0.4572818181818182,-0.17765454545454545,34.190909090909095,0.1378,1
2006-10-23,0.6681818181818182,0.4431727272727273,-0.1665818181818182,33.88181818181818,0.0964,1
2006-10-24,0.6163636363636363,0.42874545454545454,-0.1753090909090909,33.9,0.202,1
2006-10-25,0.26545454545454544,0.43555454545454547,-0.18312727272727275,33.23636363636364,0.2083,1
2006-10-26,0.0,0.4164,-0.19134545454545454,33.76363636363636,0.1301,1
2006-10-27,0.0,0.41508181818181816,-0.18767272727272727,33.945454545454545,0.1653,1
2006-10-28,0.5709090909090908,0.4096090909090909,-0.18833636363636364,33.76363636363636,0.145,1
2006-10-29,0.33999999999999997,0.40139090909090913,-0.19887272727272726,33.42727272727273,0.139,1
2006-10-30,0.21545454545454545,0.3990272727272728,-0.1932,33.26363636363636,0.1014,1
2006-10-31,0.03272727272727272,0.38759090909090904,-0.18454545454545454,33.5,0.1327,1
2006-11-01,0.13272727272727272,0.3811,-0.3614090909090909,33.99090909090909,0.1049,1
2006-11-02,0.34454545454545454,0.3744181818181818,-0.3867272727272727,33.4,0.1271,1
2006-11-03,0.0,0.38244545454545453,-0.41429999999999995,33.627272727272725,0.1344,1
2006-11-04,0.10636363636363635,0.37613636363636366,-0.4067090909090909,33.336363636363636,0.1021,1
2006-11-05,0.0,0.36672727272727274,-0.4077545454545455,33.62727272727273,0.0883,1
2006-11-06,0.0,0.36976363636363635,-0.3803545454545455,33.26363636363636,0.1336,1
2006-11-07,0.44727272727272727,0.3609545454545455,-0.3722909090909091,33.42727272727273,0.0931,1
2006-11-08,0.02727272727272727,0.36156363636363636,-0.4042727272727273,33.29090909090909,0.0905,1
2006-11-09,0.045454545454545456,0.36410909090909094,-0.40650909090909093,33.53636363636363,0.1914,1
2006-11-10,0.07727272727272727,0.3438454545454545,-0.39979090909090914,33.627272727272725,0.1315,1
2006-11-11,0.0,0.3358,-0.36639090909090916,32.98181818181818,0.1432,2
2006-11-12,0.13636363636363635,0.3368,-0.3915454545454546,33.554545454545455,0.0766,1
2006-11-13,0.06363636363636363,0.3340636363636364,-0.36971818181818183,33.26363636363636,0.117,2
2006-11-14,0.017272727272727273,0.32426363636363637,-0.41341818181818185,33.627272727272725,0.1015,1
2006-11-15,0.08818181818181818,0.3353,-0.3975909090909091,33.67272727272728,0.0649,1
2006-11-16,0.06818181818181818,0.3215545454545455,-0.3957909090909091,33.445454545454545,0.1326,2
2006-11-17,0.05818181818181818,0.3165454545454546,-0.4037363636363636,33.154545454545456,0.1223,2
2006-11-18,0.0,0.32025454545454546,-0.4066636363636364,33.49090909090909,0.1246,2
2006-11-19,0.07272727272727274,0.31966363636363637,-0.4226636363636364,33.79090909090909,0.0559,2
2006-11-20,0.04000000000000001,0.3194272727272727,-0.3809454545454546,33.72727272727273,0.0653,1
2006-11-21,0.0,0.31055454545454547,-0.40557272727272725,33.18181818181818,0.1493,2
2006-11-22,0.0,0.3084,-0.3897272727272727,33.71818181818182,0.0921,2
2006-11-23,0.014545454545454545,0.29806363636363636,-0.40121818181818186,33.21818181818182,0.0767,2
2006-11-24,0.0,0.3019,-0.38945454545454544,33.36363636363637,0.1115,2
2006-11-25,0.0,0.29906363636363636,-0.38651818181818176,33.75454545454546,0.0854,2
2006-11-26,0.02090909090909091,0.3029727272727273,-0.40046363636363635,33.07272727272727,0.0356,1
2006-11-27,0.01,0.2869363636363636,-0.41999090909090914,33.60909090909091,0.1467,2
2006-11-28,0.005454545454545454,0.2839,-0.35842727272727276,33.445454545454545,0.1,2
2006-11-29,0.0,0.2918545454545454,-0.3693272727272727,33.300000000000004,0.0893,2
2006-11-30,0.002727272727272727,0.2903,-0.40859090909090906,33.03636363636363,0.1064,2
2006-12-01,0.0,0.29017272727272725,-0.41866363636363635,33.163636363636364,0.0929,2
2006-12-02,0.06363636363636363,0.2790818181818182,-0.3577181818181818,33.64545454545455,0.076,2
2006-12-03,0.005454545454545454,0.2923909090909091,-0.37285454545454544,33.809090909090905,0.104,2
2006-12-04,0.042727272727272725,0.27042727272727274,-0.4093,33.26363636363636,0.1455,2
2006-12-05,0.0,0.2696727272727273,-0.43979090909090907,33.27272727272727,0.1414,2
2006-12-06,0.0,0.27647272727272726,-0.3365727272727273,33.309090909090905,0.1607,2
2006-12-07,0.0,0.27435454545454546,-0.40540909090909094,33.70909090909091,0.1751,2
2006-12-08,0.0,0.27552727272727273,-0.41044545454545456,33.699999999999996,0.0824,2
2006-12-09,0.031818181818181815,0.27139090909090907,-0.42807272727272727,34.27272727272727,0.1068,2
2006-12-10,0.0,0.2585909090909091,-0.4199454545454545,33.71818181818182,0.0481,2
2006-12-11,0.002727272727272727,0.25586363636363635,-0.37874545454545455,33.67272727272727,0.1429,2
2006-12-12,0.0,0.26938181818181817,-0.38718181818181824,33.945454545454545,0.057,2
2006-12-13,0.017272727272727273,0.26786363636363636,-0.3867272727272727,34.08181818181818,0.111,2
2006-12-14,0.024545454545454547,0.2597,-0.3634818181818182,33.93636363636364,0.1205,2
2006-12-15,0.0,0.2517181818181818,-0.3884,34.06363636363636,0.0467,2
2006-12-16,0.0,0.2544363636363636,-0.3767545454545455,33.627272727272725,0.1241,2
2006-12-17,0.015454545454545455,0.26613636363636367,-0.39856363636363634,34.40909090909091,0.0824,2
2006-12-18,0.013636363636363636,0.25162727272727275,-0.4001363636363637,34.03636363636363,0.0728,2
2006-12-19,0.022727272727272728,0.25616363636363637,-0.4174909090909091,33.699999999999996,0.1674,2
2006-12-20,0.007272727272727273,0.2676545454545454,-0.3824636363636364,34.42727272727273,0.1344,2
2006-12-21,0.06727272727272728,0.25232727272727273,-0.38281818181818184,34.60909090909091,0.1315,2
2006-12-22,0.0,0.2537090909090909,-0.4310818181818182,34.418181818181814,0.1051,2
2006-12-23,0.0,0.2469,-0.41669090909090906,34.77272727272727,0.092,2
2006-12-24,0.005454545454545454,0.25573636363636365,-0.35944545454545457,34.29090909090909,0.1608,2
2006-12-25,0.12636363636363634,0.24764545454545453,-0.3597090909090909,34.96363636363637,0.1013,2
2006-12-26,0.0,0.25236363636363635,-0.40493636363636365,35.06363636363636,0.1016,2
2006-12-27,0.04363636363636363,0.25029999999999997,-0.4149909090909091,34.32727272727273,0.0873,2
2006-12-28,0.0,0.25279090909090907,-0.42528181818181815,34.663636363636364,0.1155,2
2006-12-29,0.05272727272727273,0.24806363636363635,-0.38610909090909096,34.99090909090909,0.071,2
2006-12-30,0.0018181818181818182,0.24481818181818182,-0.4051727272727273,34.76363636363636,0.1314,2
2006-12-31,0.0,0.24780909090909092,-0.3722909090909091,34.77272727272727,0.1109,2
2007-01-01,0.35818181818181816,0.2312090909090909,-0.3959,34.64545454545455,0.1256,2
2007-01-02,0.0,0.22321818181818182,-0.3836636363636364,34.92727272727273,0.1058,2
2007-01-03,0.0,0.2233272727272727,-0.40353636363636364,34.46363636363637,0.1001,2
2007-01-04,0.05454545454545454,0.2276818181818182,-0.4103090909090909,34.96363636363637,0.1386,2
2007-01-05,0.0,0.2179909090909091,-0.39841818181818184,35.581818181818186,0.136,2
2007-01-06,0.0990909090909091,0.22799090909090908,-0.41929090909090905,35.99090909090909,0.1216,2
2007-01-07,0.06181818181818182,0.22300000000000003,-0.38080909090909093,35.518181818181816,0.089,2
2007-01-08,0.022727272727272728,0.23118181818181818,-0.40340000000000004,35.47272727272727,0.1078,2
2007-01-09,0.0,0.23308181818181817,-0.41452727272727274,35.77272727272727,0.0681,2
2007-01-10,0.0,0.22398181818181817,-0.3962181818181818,35.70909090909091,0.1097,2
2007-01-11,0.030000000000000002,0.2251090909090909,-0.4342636363636364,35.81818181818182,0.0673,2
2007-01-12,0.0,0.22028181818181816,-0.3758818181818182,35.81818181818182,0.0693,2
2007-01-13,0.05545454545454545,0.22984545454545452,-0.37520000000000003,36.154545454545456,0.0918,2
2007-01-14,0.007272727272727273,0.2389363636363636,-0.42214545454545455,36.127272727272725,0.0519,2
2007-01-15,0.007272727272727273,0.23581818181818182,-0.38132727272727274,35.63636363636363,0.1451,2
2007-01-16,0.0,0.22803636363636362,-0.4128363636363636,36.4,0.0692,2
2007-01-17,0.0,0.2216090909090909,-0.4257909090909091,36.54545454545455,0.0361,2
2007-01-18,0.01636363636363636,0.2229727272727273,-0.3806545454545454,36.68181818181818,0.0619,2
2007-01-19,0.0,0.22145454545454546,-0.3890363636363636,35.845454545454544,0.101,2
2007-01-20,0.0,0.2218,-0.4257090909090909,36.68181818181818,0.0881,2
2007-01-21,0.06272727272727273,0.2274909090909091,-0.40034545454545456,36.27272727272727,0.0993,2
2007-01-22,0.0,0.2373909090909091,-0.4417909090909091,36.61818181818182,0.1032,2
2007-01-23,0.0,0.22319090909090908,-0.40963636363636363,37.10909090909091,0.0638,2
2007-01-24,0.0,0.22706363636363636,-0.4173727272727273,36.90909090909091,0.1279,2
2007-01-25,0.0,0.2240909090909091,-0.4343272727272727,36.90909090909091,0.1083,2
2007-01-26,0.3618181818181818,0.22434545454545454,-0.3886727272727273,37.17272727272727,0.0728,2
2007-01-27,0.03090909090909091,0.2321909090909091,-0.37836363636363635,37.0,0.1225,2
2007-01-28,0.01909090909090909,0.22822727272727272,-0.44830909090909093,37.1,0.0899,2
2007-01-29,0.030000000000000002,0.24123636363636364,-0.4012,37.372727272727275,0.0879,2
2007-01-30,0.0,0.22822727272727272,-0.42,37.42727272727273,0.095,2
2007-01-31,0.010909090909090908,0.22388181818181818,-0.4013454545454545,37.663636363636364,0.0376,2
2007-02-01,0.03727272727272727,0.22172727272727275,-0.3958727272727273,37.35454545454545,0.0614,2
2007-02-02,0.05272727272727273,0.2325090909090909,-0.4034181818181818,38.08181818181818,0.0081,2
2007-02-03,0.029999999999999995,0.2294818181818182,-0.3831272727272727,38.06363636363636,0.0992,2
2007-02-04,0.011818181818181818,0.22568181818181818,-0.3929727272727273,37.836363636363636,0.0687,2
2007-02-05,0.0,0.23349090909090908,-0.4127272727272727,38.163636363636364,0.0714,2
2007-02-06,0.0,0.23163636363636364,-0.3880272727272727,38.26363636363636,0.0918,2
2007-02-07,0.0,0.22621818181818182,-0.4297,38.345454545454544,0.0455,2
2007-02-08,0.0,0.22674545454545456,-0.41176363636363633,38.4,0.0169,2
2007-02-09,0.17181818181818181,0.22495454545454543,-0.40738181818181823,38.627272727272725,0.114,2
2007-02-10,0.06727272727272728,0.22474545454545455,-0.36367272727272726,38.76363636363636,0.0482,2
2007-02-11,0.0,0.23649090909090908,-0.39589090909090907,38.627272727272725,0.0874,2
2007-02-12,0.026363636363636363,0.22210909090909092,-0.4017181818181818,38.73636363636364,0.0554,2
2007-02-13,0.10727272727272727,0.23020909090909092,-0.41159090909090906,39.20909090909091,0.0558,2
2007-02-14,0.0,0.22486363636363638,-0.3982727272727273,39.00909090909091,0.0,2
2007-02-15,0.01636363636363636,0.24424545454545454,-0.4070272727272727,38.99090909090909,0.0977,2
2007-02-16,0.022727272727272728,0.22795454545454544,-0.39648181818181816,38.95454545454545,0.0666,2
2007-02-17,0.0018181818181818182,0.23099999999999998,-0.38941818181818183,39.40909090909091,0.0131,2
2007-02-18,0.18363636363636363,0.21985454545454547,-0.3739363636363636,39.09090909090909,0.0,2
2007-02-19,0.0,0.2323181818181818,-0.39005454545454543,39.07272727272727,0.0282,2
2007-02-20,0.0,0.21816363636363637,-0.42424545454545454,40.22727272727273,0.0748,2
2007-02-21,0.018181818181818184,0.23024545454545456,-0.37978181818181816,39.79090909090909,0.0453,2
2007-02-22,0.01636363636363636,0.2296,-0.3820090909090909,39.809090909090905,0.1185,2
2007-02-23,0.010909090909090908,0.22507272727272729,-0.3953454545454545,40.054545454545455,0.052,2
2007-02-24,0.04727272727272727,0.23018181818181818,-0.43483636363636363,39.93636363636364,0.1004,2
2007-02-25,0.007272727272727273,0.23348181818181815,-0.3784272727272727,40.49090909090909,0.0306,2
2007-02-26,0.021818181818181816,0.21686363636363637,-0.41289090909090914,39.800000000000004,0.0388,2
2007-02-27,0.0,0.23100909090909091,-0.3767909090909091,40.190909090909095,0.0744,2
2007-02-28,0.0,0.22801818181818181,-0.42915454545454546,40.35454545454545,0.0695,2
2007-03-01,0.0,0.23978181818181818,-0.4479545454545455,40.35454545454545,0.0479,2
2007-03-02,0.0,0.23699090909090909,-0.3684545454545454,40.93636363636364,0.0172,2
2007-03-03,0.0,0.2154,-0.40815454545454544,40.77272727272727,0.0885,2
2007-03-04,0.0,0.22846363636363637,-0.3982909090909091,41.03636363636363,0.0919,2
2007-03-05,0.0009090909090909091,0.2156818181818182,-0.4198,41.31818181818182,0.0397,2
2007-03-06,0.0009090909090909091,0.23496363636363637,-0.4261181818181818,41.18181818181818,0.0,2
2007-03-07,0.0009090909090909091,0.21658181818181818,-0.40396363636363636,41.300000000000004,0.0106,2
2007-03-08,0.0,0.22489090909090906,-0.3895181818181818,40.91818181818182,0.0773,2
2007-03-09,0.0,0.22602727272727272,-0.4232454545454545,41.445454545454545,0.0233,2
2007-03-10,0.0,0.2346,-0.4003909090909091,41.445454545454545,0.0347,2
2007-03-11,0.0,0.2180090909090909,-0.4181545454545455,41.59090909090909,0.0333,2
2007-03-12,0.0009090909090909091,0.22231818181818183,-0.4153,41.800000000000004,0.0435,2
2007-03-13,0.0018181818181818182,0.2261181818181818,-0.3911,41.82727272727273,0.0,2
2007-03-14,0.0018181818181818182,0.2328181818181818,-0.41794545454545456,41.96363636363637,0.0505,2
2007-03-15,0.0,0.2202,-0.39803636363636363,41.81818181818182,0.0188,2
2007-03-16,0.0,0.21863636363636363,-0.3864636363636364,41.47272727272727,0.0312,2
2007-03-17,0.0,0.21915454545454544,-0.4392909090909091,42.45454545454545,0.0286,2
2007-03-18,0.0,0.22893636363636363,-0.4119454545454546,42.21818181818182,0.0086,2
2007-03-19,0.0,0.2187,-0.37470909090909094,42.35454545454545,0.0588,2
2007-03-20,0.0,0.22763636363636364,-0.3878,42.58181818181818,0.0328,2
2007-03-21,0.002727272727272727,0.2366090909090909,-0.3748818181818182,42.67272727272727,0.0409,2
2007-03-22,0.0,0.22913636363636367,-0.4065818181818182,42.41818181818182,0.0281,2
2007-03-23,0.002727272727272727,0.2351181818181818,-0.3816818181818182,42.50909090909091,0.0,2
2007-03-24,0.0,0.2365636363636364,-0.4087363636363637,42.42727272727273,0.0326,2
2007-03-25,0.0,0.2245,-0.3901181818181818,42.46363636363637,0.0333,2
2007-03-26,0.0,0.2228272727272727,-0.3833818181818182,42.75454545454546,0.0549,2
2007-03-27,0.010909090909090908,0.23260000000000003,-0.38391818181818177,43.054545454545455,0.0223,2
2007-03-28,0.0,0.22080909090909093,-0.41780909090909096,42.89090909090909,0.0424,2
2007-03-29,0.0,0.23024545454545456,-0.4151090909090909,43.54545454545455,0.0313,2
2007-03-30,0.005454545454545454,0.21343636363636362,-0.41181818181818186,42.59090909090909,0.0132,2
2007-03-31,0.0,0.2299636363636364,-0.3795545454545455,43.345454545454544,0.0,2
2007-04-01,1.3472727272727274,0.2335181818181818,-0.3789363636363637,44.24545454545454,0.002,2
2007-04-02,0.0,0.22944545454545456,-0.42919999999999997,44.41818181818182,0.0,2
2007-04-03,0.12545454545454546,0.2216363636363636,-0.37720000000000004,44.24545454545454,0.0,2
2007-04-04,0.5736363636363636,0.2349,-0.4003090909090909,44.690909090909095,0.0293,2
2007-04-05,0.01909090909090909,0.22980909090909088,-0.40959090909090906,44.336363636363636,0.0111,2
2007-04-06,0.3718181818181818,0.22652727272727272,-0.3890454545454546,44.43636363636364,0.0,2
2007-04-07,0.07090909090909091,0.22953636363636365,-0.4028,44.14545454545454,0.0,2
2007-04-08,1.1554545454545453,0.22684545454545454,-0.41511818181818183,44.154545454545456,0.0244,2
2007-04-09,1.1572727272727272,0.2365090909090909,-0.37687272727272725,45.1,0.0351,2
2007-04-10,0.9318181818181818,0.22869090909090908,-0.39146363636363635,44.554545454545455,0.0274,2
2007-04-11,0.12181818181818183,0.23436363636363636,-0.42236363636363633,44.70909090909091,0.0116,2
2007-04-12,0.3018181818181818,0.22558181818181816,-0.40694545454545455,45.22727272727273,0.0118,2
2007-04-13,0.17,0.24095454545454545,-0.4017727272727273,45.481818181818184,0.0,2
2007-04-14,0.3154545454545455,0.22929090909090907,-0.39886363636363636,44.809090909090905,0.0074,2
2007-04-15,0.5418181818181819,0.22686363636363635,-0.37672727272727274,45.02727272727273,0.0,2
2007-04-16,0.7072727272727273,0.23427272727272727,-0.3888818181818182,45.054545454545455,0.0723,2
2007-04-17,0.2736363636363636,0.23252727272727272,-0.3623727272727273,45.02727272727273,0.0,2
2007-04-18,0.04,0.23096363636363637,-0.38884545454545455,45.02727272727273,0.0,2
2007-04-19,0.6245454545454545,0.22850909090909088,-0.40698181818181817,45.32727272727272,0.0334,2
2007-04-20,0.39,0.24381818181818182,-0.37603636363636367,45.28181818181818,0.0,2
2007-04-21,1.4672727272727273,0.23110909090909093,-0.37698181818181814,46.00909090909091,0.044,2
2007-04-22,0.9736363636363637,0.24375454545454545,-0.4084,45.154545454545456,0.0,2
2007-04-23,0.2972727272727273,0.2285,-0.3583909090909091,45.35454545454545,0.0177,2
2007-04-24,0.5881818181818183,0.2304909090909091,-0.40869090909090905,45.372727272727275,0.0206,2
2007-04-25,0.024545454545454547,0.2460181818181818,-0.4085909090909091,45.800000000000004,0.0,2
2007-04-26,0.16454545454545455,0.23413636363636361,-0.4094,45.22727272727273,0.0199,2
2007-04-27,0.35,0.24656363636363637,-0.3799909090909091,45.63636363636363,0.0172,2
2007-04-28,0.7154545454545453,0.2516181818181818,-0.3962727272727273,45.36363636363637,0.0,2
2007-04-29,0.8236363636363635,0.24827272727272726,-0.38330000000000003,45.43636363636364,0.0,2
2007-04-30,0.08181818181818182,0.23836363636363636,-0.3843727272727273,46.00909090909091,0.033,2
2007-05-01,0.6990909090909091,0.2477,-0.17399090909090908,46.02727272727273,0.0315,2
2007-05-02,1.9036363636363633,0.2514454545454546,-0.16365454545454547,45.27272727272727,0.0557,2
2007-05-03,0.5936363636363636,0.23528181818181818,-0.1763,46.03636363636363,0.0,2
2007-05-04,0.15363636363636363,0.2524272727272727,-0.1793818181818182,46.46363636363637,0.0437,2
2007-05-05,0.2009090909090909,0.24662727272727272,-0.1837,45.57272727272727,0.0322,2
2007-05-06,0.7318181818181819,0.24262727272727272,-0.17856363636363637,45.81818181818182,0.0416,2
2007-05-07,0.4918181818181818,0.25146363636363633,-0.1747,45.690909090909095,0.0695,2
2007-05-08,2.0054545454545454,0.25744545454545453,-0.16246363636363637,45.5,0.0228,2
2007-05-09,0.3163636363636364,0.24492727272727272,-0.17332727272727275,45.627272727272725,0.0897,2
2007-05-10,0.08818181818181818,0.25525454545454546,-0.16898181818181818,45.88181818181818,0.0398,2
2007-05-11,1.098181818181818,0.2525636363636364,-0.15765454545454546,45.11818181818182,0.0259,2
2007-05-12,0.2290909090909091,0.2555181818181818,-0.1663272727272727,46.29090909090909,0.1034,2
2007-05-13,1.9245454545454543,0.26484545454545455,-0.16075454545454546,46.4,0.0417,2
2007-05-14,1.22,0.26376363636363637,-0.17065454545454545,45.690909090909095,0.0919,2
2007-05-15,0.2218181818181818,0.26158181818181814,-0.16643636363636363,46.04545454545455,0.0336,2
2007-05-16,1.7127272727272727,0.2621636363636364,-0.1527,46.163636363636364,0.0726,2
2007-05-17,1.24,0.26288181818181816,-0.16231818181818183,46.14545454545455,0.1021,2
2007-05-18,1.7963636363636362,0.27503636363636363,-0.15396363636363636,46.25454545454546,0.0348,2
2007-05-19,2.002727272727273,0.26799090909090906,-0.13552727272727272,45.872727272727275,0.065,2
2007-05-20,1.0518181818181818,0.2796454545454546,-0.1483,46.60909090909092,0.0464,2
2007-05-21,0.7972727272727272,0.28198181818181817,-0.15708181818181818,45.53636363636363,0.0386,2
2007-05-22,1.9345454545454546,0.27409090909090905,-0.1282909090909091,46.09090909090909,0.078,2
2007-05-23,1.2454545454545456,0.25856363636363633,-0.13782727272727271,45.690909090909095,0.0801,2
2007-05-24,0.8027272727272727,0.2770909090909091,-0.14081818181818181,45.809090909090905,0.0519,2
2007-05-25,0.44090909090909086,0.28043636363636365,-0.1325090909090909,46.0,0.0656,1
2007-05-26,3.5481818181818183,0.2883090909090909,-0.11282727272727272,45.73636363636364,0.0811,2
2007-05-27,1.647272727272727,0.27934545454545456,-0.12046363636363636,45.17272727272727,0.1091,1
2007-05-28,2.2809090909090908,0.28504545454545455,-0.1265,46.02727272727273,0.0651,2
2007-05-29,1.5718181818181818,0.28413636363636363,-0.11580909090909092,45.31818181818182,0.0978,2
2007-05-30,1.6536363636363638,0.29202727272727275,-0.1181,45.81818181818182,0.0782,1
2007-05-31,1.4363636363636363,0.29124545454545453,-0.09702727272727273,45.85454545454545,0.1176,1
2007-06-01,3.5381818181818185,0.29700909090909094,-0.08616363636363636,45.56363636363636,0.0699,1
2007-06-02,2.1245454545454545,0.31085454545454544,-0.08724545454545454,45.59090909090909,0.1135,1
2007-06-03,4.154545454545455,0.30121818181818183,-0.07355454545454546,45.699999999999996,0.0804,1
2007-06-04,0.5745454545454546,0.3018909090909091,-0.09933636363636364,45.99090909090909,0.1135,1
2007-06-05,2.3863636363636362,0.31265454545454546,-0.07278181818181818,45.54545454545455,0.1232,1
2007-06-06,2.4172727272727275,0.3155818181818182,-0.07497272727272727,45.336363636363636,0.062,1
2007-06-07,3.0045454545454544,0.31761818181818186,-0.06951818181818183,45.31818181818182,0.1186,1
2007-06-08,1.0045454545454546,0.32676363636363637,-0.08284545454545454,45.68181818181818,0.0917,1
2007-06-09,5.090909090909091,0.33087272727272726,-0.03169090909090909,45.63636363636363,0.0853,1
2007-06-10,2.657272727272727,0.3346909090909091,-0.05270909090909091,45.10909090909091,0.0926,1
2007-06-11,4.219090909090909,0.3391909090909091,-0.035036363636363636,45.663636363636364,0.1672,1
2007-06-12,4.231818181818182,0.34785454545454547,-0.036945454545454545,46.14545454545455,0.1221,1
2007-06-13,3.359090909090909,0.34239090909090913,-0.040345454545454545,45.03636363636363,0.1591,1
2007-06-14,5.112727272727273,0.3522,0.0042545454545454536,44.9,0.1488,1
2007-06-15,1.7118181818181817,0.3494909090909091,-0.034236363636363634,45.39090909090909,0.127,1
2007-06-16,5.285454545454545,0.3598272727272727,0.005854545454545456,45.372727272727275,0.1274,1
2007-06-17,6.829999999999999,0.36974545454545454,0.009381818181818184,44.96363636363637,0.1391,1
2007-06-18,18.03090909090909,0.3754,0.11115454545454545,45.60909090909091,0.2319,1
2007-06-19,7.526363636363637,0.38249090909090905,0.0354,45.10909090909091,0.2245,1
2007-06-20,3.641818181818182,0.3929272727272727,0.005972727272727271,44.91818181818182,0.234,1
2007-06-21,14.838181818181818,0.41619999999999996,0.11274545454545454,45.06363636363636,0.3047,1
2007-06-22,17.413636363636364,0.42172727272727273,0.1225090909090909,44.74545454545454,0.303,0
2007-06-23,4.1463636363636365,0.41429999999999995,0.037700000000000004,45.25454545454546,0.3109,0
2007-06-24,10.045454545454545,0.4349454545454545,0.09476363636363637,44.627272727272725,0.3664,1
2007-06-25,11.42909090909091,0.4379909090909091,0.08826363636363636,44.92727272727273,0.2759,0
2007-06-26,11.137272727272727,0.4573727272727273,0.10971818181818183,44.59090909090909,0.2984,0
2007-06-27,11.649090909090908,0.4568818181818182,0.0959,44.39090909090909,0.2893,1
2007-06-28,9.93,0.4701636363636364,0.10402727272727273,44.336363636363636,0.3126,0
2007-06-29,30.325454545454544,0.4840363636363636,0.2696181818181818,44.14545454545455,0.4485,0
2007-06-30,12.274545454545454,0.49402727272727276,0.11760000000000001,44.57272727272727,0.3513,0
2007-07-01,18.31,0.5217999999999999,0.19039999999999999,43.54545454545455,0.3919,1
2007-07-02,21.104545454545452,0.5333636363636364,0.18001818181818183,43.47272727272727,0.4934,0
2007-07-03,23.970909090909092,0.5395090909090908,0.21726363636363635,43.190909090909095,0.4654,0
2007-07-04,21.258181818181818,0.5515636363636364,0.2026272727272727,43.08181818181818,0.5413,0
2007-07-05,16.477272727272727,0.5622818181818182,0.1759,42.70909090909091,0.5389,0
2007-07-06,27.583636363636366,0.5766727272727272,0.2845909090909091,43.12727272727273,0.577,0
2007-07-07,24.16818181818182,0.5819090909090909,0.23098181818181818,42.88181818181818,0.5738,0
2007-07-08,21.040909090909093,0.5907090909090909,0.1954,43.0,0.5981,0
2007-07-09,28.321818181818177,0.5960181818181819,0.27702727272727273,42.699999999999996,0.5964,0
2007-07-10,22.64727272727273,0.6105363636363637,0.21343636363636362,42.54545454545455,0.5649,0
2007-07-11,21.829090909090908,0.6136454545454545,0.26284545454545455,42.300000000000004,0.5943,0
2007-07-12,25.844545454545457,0.6429272727272728,0.2998,42.22727272727273,0.6364,0
2007-07-13,19.625454545454545,0.6488272727272727,0.2762727272727273,42.17272727272727,0.6534,0
2007-07-14,29.508181818181814,0.6349545454545455,0.2913454545454546,42.04545454545455,0.5972,0
2007-07-15,29.067272727272726,0.653090909090909,0.3064181818181818,42.19090909090909,0.6391,0
2007-07-16,9.499090909090908,0.6449636363636363,0.17447272727272728,42.018181818181816,0.5682,0
2007-07-17,40.202727272727266,0.6667636363636364,0.4032636363636364,41.690909090909095,0.6421,0
2007-07-18,33.21090909090909,0.6639909090909092,0.3104909090909091,41.336363636363636,0.7546,0
2007-07-19,36.551818181818184,0.6697636363636363,0.349,41.00909090909091,0.7324,0
2007-07-20,41.28363636363636,0.6900272727272727,0.38112727272727276,41.49090909090909,0.7451,0
2007-07-21,29.400909090909092,0.6933727272727274,0.3291,41.199999999999996,0.7407,0
2007-07-22,27.916363636363634,0.6890818181818182,0.3069545454545455,41.03636363636363,0.7179,0
2007-07-23,37.36818181818182,0.6962454545454546,0.3705636363636364,41.1,0.7055,0
2007-07-24,50.634545454545446,0.6957181818181819,0.4359454545454545,40.67272727272727,0.7747,0
2007-07-25,31.395454545454548,0.7027272727272728,0.3740909090909091,40.945454545454545,0.7376,0
2007-07-26,35.343636363636364,0.7103636363636364,0.3380272727272727,40.39090909090909,0.7538,0
2007-07-27,31.526363636363637,0.7174636363636364,0.3348,40.26363636363636,0.7281,0
2007-07-28,39.47727272727273,0.7159545454545455,0.3558545454545455,40.17272727272728,0.7414,0
2007-07-29,55.56272727272728,0.7287909090909092,0.41016363636363634,40.400000000000006,0.784,0
2007-07-30,48.79909090909091,0.7304181818181817,0.43829999999999997,39.88181818181818,0.7274,0
2007-07-31,30.2,0.7294181818181819,0.3201,39.67272727272727,0.6826,0
2007-08-01,29.084545454545456,0.7330000000000001,0.3626,39.518181818181816,0.7438,0
2007-08-02,35.28181818181818,0.7342727272727273,0.37285454545454544,39.69090909090909,0.734,0
2007-08-03,23.813636363636363,0.7392090909090908,0.30897272727272723,39.46363636363637,0.7405,0
2007-08-04,35.38454545454545,0.7522818181818182,0.3318090909090909,39.336363636363636,0.7541,0
2007-08-05,40.305454545454545,0.7484181818181818,0.3508636363636364,39.11818181818182,0.7706,0
2007-08-06,34.404545454545456,0.7398363636363636,0.3054818181818182,38.82727272727273,0.753,0
2007-08-07,36.52090909090909,0.7474,0.3938636363636363,38.89090909090909,0.7264,0
2007-08-08,44.31272727272727,0.7581,0.34863636363636363,38.981818181818184,0.7257,0
2007-08-09,45.31454545454546,0.7507727272727273,0.444690909090909,38.445454545454545,0.7732,0
2007-08-10,36.446363636363635,0.769918181818182,0.4058454545454545,38.91818181818182,0.7957,0
2007-08-11,38.776363636363634,0.7520181818181818,0.38033636363636364,38.06363636363636,0.7693,0
2007-08-12,26.625454545454545,0.7567,0.31297272727272724,38.14545454545455,0.7723,0
2007-08-13,36.63363636363636,0.7664727272727273,0.3123090909090909,37.77272727272727,0.7726,0
2007-08-14,33.52181818181818,0.7748363636363635,0.3729363636363636,38.38181818181818,0.7708,0
2007-08-15,37.48,0.7588363636363638,0.33556363636363634,38.26363636363636,0.7876,0
2007-08-16,22.097272727272728,0.7659545454545454,0.28432727272727276,37.39090909090909,0.7898,0
2007-08-17,29.233636363636364,0.7650818181818182,0.2796727272727273,37.64545454545455,0.7614,0
2007-08-18,20.706363636363633,0.7719,0.25475454545454546,37.690909090909095,0.7128,0
2007-08-19,25.819999999999997,0.7771636363636364,0.31560909090909095,37.86363636363637,0.7472,0
2007-08-20,25.416363636363634,0.7748181818181817,0.24564545454545456,37.663636363636364,0.727,0
2007-08-21,11.817272727272728,0.7727909090909091,0.15516363636363636,37.836363636363636,0.6229,0
2007-08-22,29.529090909090908,0.7698363636363635,0.3041090909090909,37.554545454545455,0.6099,0
2007-08-23,16.316363636363636,0.7616363636363637,0.16404545454545455,37.127272727272725,0.6214,0
2007-08-24,9.63,0.7781545454545454,0.13572727272727272,37.38181818181818,0.5529,0
2007-08-25,19.397272727272725,0.7748,0.23223636363636366,37.20909090909091,0.5733,0
2007-08-26,11.020909090909091,0.7746818181818181,0.13446363636363634,37.199999999999996,0.502,0
2007-08-27,14.94909090909091,0.7601636363636364,0.17603636363636363,37.154545454545456,0.4803,0
2007-08-28,20.134545454545457,0.7662818181818182,0.20244545454545457,37.26363636363636,0.568,0
2007-08-29,12.564545454545453,0.7822181818181818,0.15047272727272729,37.00909090909091,0.4728,0
2007-08-30,20.12818181818182,0.7681181818181817,0.2236818181818182,36.70909090909091,0.4624,0
2007-08-31,19.78909090909091,0.7690454545454546,0.1813,36.49090909090909,0.5464,0
2007-09-01,13.107272727272727,0.7769454545454546,0.13058181818181816,36.845454545454544,0.4887,0
2007-09-02,16.066363636363636,0.7616909090909091,0.16191818181818182,36.5,0.5566,0
2007-09-03,11.744545454545454,0.7603545454545455,0.10793636363636364,36.46363636363637,0.485,0
2007-09-04,7.742727272727273,0.7759909090909091,0.07809090909090909,36.14545454545455,0.4719,0
2007-09-05,10.9,0.7588454545454546,0.09367272727272727,36.46363636363637,0.4888,0
2007-09-06,15.358181818181817,0.7669,0.11797272727272728,36.336363636363636,0.4771,0
2007-09-07,4.66,0.7674727272727272,0.025045454545454548,36.38181818181818,0.4014,0
2007-09-08,12.139090909090909,0.7510727272727273,0.0992,36.56363636363636,0.3716,0
2007-09-09,3.4654545454545453,0.7640636363636364,0.003936363636363637,36.336363636363636,0.383,0
2007-09-10,10.291818181818181,0.749009090909091,0.06759090909090909,36.481818181818184,0.3709,0
2007-09-11,29.29909090909091,0.7443272727272727,0.17276363636363634,36.03636363636363,0.4601,0
2007-09-12,3.5563636363636366,0.7376818181818181,-0.0038727272727272703,36.17272727272728,0.4188,0
2007-09-13,3.7,0.7427636363636364,-0.0008454545454545432,35.91818181818182,0.3591,0
2007-09-14,2.5345454545454547,0.7418818181818182,-0.02883636363636364,36.21818181818182,0.3034,0
2007-09-15,4.128181818181819,0.7379181818181819,-0.02290909090909091,36.127272727272725,0.2912,0
2007-09-16,4.248181818181818,0.718790909090909,-0.019127272727272725,35.49090909090909,0.3395,0
2007-09-17,8.303636363636365,0.7183545454545455,0.011045454545454544,35.67272727272727,0.3028,0
2007-09-18,4.215454545454546,0.6990545454545455,-0.027627272727272726,35.945454545454545,0.1985,0
2007-09-19,3.7372727272727273,0.7018,-0.02940909090909091,35.78181818181818,0.2391,0
2007-09-20,2.049090909090909,0.704709090909091,-0.0626090909090909,35.49090909090909,0.2861,0
2007-09-21,0.11545454545454546,0.6900909090909091,-0.07571818181818181,35.26363636363636,0.2228,0
2007-09-22,5.643636363636364,0.6676545454545454,-0.012100000000000001,35.79090909090909,0.2383,0
2007-09-23,1.3836363636363636,0.6681181818181818,-0.07043636363636364,35.345454545454544,0.2149,0
2007-09-24,3.5481818181818183,0.6575090909090909,-0.08025454545454545,35.82727272727273,0.1979,0
2007-09-25,5.600909090909091,0.6489636363636364,-0.04806363636363636,35.336363636363636,0.199,0
2007-09-26,0.0,0.6525090909090909,-0.09760909090909092,35.56363636363636,0.2195,0
2007-09-27,1.8454545454545455,0.6302909090909091,-0.08448181818181819,35.36363636363637,0.2135,0
2007-09-28,3.908181818181818,0.6267818181818182,-0.06737272727272726,34.74545454545454,0.2616,0
2007-09-29,0.11727272727272728,0.6126,-0.10793636363636364,35.054545454545455,0.1704,0
2007-09-30,2.0609090909090906,0.6115272727272727,-0.1015,34.97272727272727,0.2133,0
2007-10-01,0.0,0.5912999999999999,-0.11927272727272728,35.18181818181818,0.1608,0
2007-10-02,0.0,0.5808,-0.1148909090909091,34.91818181818182,0.1567,0
2007-10-03,1.491818181818182,0.5774454545454546,-0.10452727272727272,34.70909090909091,0.2429,0
2007-10-04,3.1545454545454543,0.5692909090909091,-0.10081818181818182,34.981818181818184,0.2391,0
2007-10-05,5.648181818181818,0.5520363636363637,-0.09746363636363636,35.154545454545456,0.1662,0
2007-10-06,1.9527272727272729,0.5412090909090909,-0.12916363636363637,34.6,0.1702,0
2007-10-07,1.0863636363636364,0.5437363636363636,-0.13349090909090908,34.800000000000004,0.1772,0
2007-10-08,0.4354545454545455,0.5303454545454546,-0.14193636363636364,34.699999999999996,0.1871,0
2007-10-09,2.194545454545455,0.5082636363636364,-0.1148181818181818,34.654545454545456,0.2087,0
2007-10-10,0.11636363636363636,0.5223545454545454,-0.15158181818181818,34.81818181818182,0.1961,0
2007-10-11,0.5218181818181818,0.4883363636363637,-0.15574545454545455,34.654545454545456,0.1323,0
2007-10-12,1.4254545454545455,0.4838272727272727,-0.13377272727272727,34.61818181818182,0.125,0
2007-10-13,0.0,0.4783272727272727,-0.15541818181818182,34.4,0.1172,0
2007-10-14,3.2236363636363636,0.47558181818181816,-0.12381818181818183,33.800000000000004,0.2196,0
2007-10-15,1.2909090909090908,0.4761909090909091,-0.13806363636363636,34.13636363636363,0.1173,0
2007-10-16,0.8490909090909091,0.4598090909090909,-0.15026363636363638,34.38181818181818,0.2105,0
2007-10-17,1.3072727272727271,0.4517818181818182,-0.1417909090909091,34.336363636363636,0.1836,0
2007-10-18,0.0,0.44314545454545456,-0.15866363636363637,33.845454545454544,0.1621,1
2007-10-19,1.2063636363636363,0.4376,-0.14576363636363635,34.23636363636364,0.1291,1
2007-10-20,0.0,0.43923636363636365,-0.1723727272727273,34.26363636363636,0.1624,0
2007-10-21,0.0,0.43483636363636363,-0.15603636363636364,34.02727272727273,0.1555,1
2007-10-22,0.0,0.4205363636363636,-0.16105454545454545,34.445454545454545,0.1728,1
2007-10-23,0.43818181818181823,0.43063636363636365,-0.15393636363636365,33.88181818181818,0.1476,0
2007-10-24,1.1681818181818182,0.4140727272727273,-0.15408181818181818,33.845454545454544,0.2384,1
2007-10-25,0.45999999999999996,0.4046818181818182,-0.1692909090909091,34.199999999999996,0.1376,1
2007-10-26,0.20363636363636364,0.39957272727272725,-0.16303636363636362,33.93636363636364,0.1567,1
2007-10-27,0.16090909090909092,0.4012727272727272,-0.15274545454545455,33.45454545454545,0.1693,1
2007-10-28,0.0,0.3734636363636364,-0.1575,33.836363636363636,0.2009,1
2007-10-29,0.0,0.37479999999999997,-0.15817272727272727,33.836363636363636,0.1964,1
2007-10-30,0.03727272727272727,0.38383636363636364,-0.16875454545454546,33.5,0.1876,1
2007-10-31,0.10818181818181817,0.3735727272727273,-0.17352727272727272,33.981818181818184,0.0884,1
2007-11-01,0.0,0.3647636363636364,-0.40285454545454547,33.199999999999996,0.0971,1
2007-11-02,0.10272727272727272,0.36489999999999995,-0.38790909090909087,33.52727272727273,0.1534,1
2007-11-03,0.3109090909090909,0.35922727272727273,-0.40314545454545453,33.43636363636364,0.1236,1
2007-11-04,0.1290909090909091,0.35520909090909086,-0.3814,33.199999999999996,0.0982,1
2007-11-05,0.22999999999999998,0.3447636363636363,-0.4567090909090909,33.25454545454546,0.0929,2
2007-11-06,0.012727272727272728,0.3331454545454546,-0.41574545454545453,33.09090909090909,0.1263,2
2007-11-07,0.045454545454545456,0.33756363636363634,-0.4196363636363636,34.02727272727273,0.1073,2
2007-11-08,0.2490909090909091,0.32646363636363634,-0.4230909090909091,33.28181818181818,0.0703,2
2007-11-09,0.0,0.3321545454545455,-0.3826272727272727,33.800000000000004,0.1322,2
2007-11-10,0.0,0.3171818181818182,-0.3433818181818182,33.11818181818182,0.1347,2
2007-11-11,0.06545454545454545,0.3192272727272727,-0.41357272727272726,33.43636363636364,0.147,2
2007-11-12,0.09545454545454546,0.31427272727272726,-0.38695454545454544,33.54545454545455,0.154,2
2007-11-13,0.0,0.31975454545454546,-0.389,33.11818181818182,0.1876,1
2007-11-14,0.03818181818181818,0.3022,-0.3931636363636363,33.518181818181816,0.0597,2
2007-11-15,0.0,0.30560000000000004,-0.3883545454545455,33.29090909090909,0.0818,2
2007-11-16,0.08363636363636363,0.3059090909090909,-0.42443636363636367,33.07272727272727,0.1792,2
2007-11-17,0.0,0.30963636363636365,-0.3725090909090909,33.95454545454545,0.0756,2
2007-11-18,0.015454545454545453,0.2908636363636364,-0.43256363636363643,33.09090909090909,0.1363,2
2007-11-19,0.024545454545454547,0.2927,-0.37896363636363634,33.79090909090909,0.0952,2
2007-11-20,0.0,0.2872272727272727,-0.39603636363636363,33.39090909090909,0.092,2
2007-11-21,0.05909090909090909,0.2938454545454545,-0.40753636363636364,33.07272727272727,0.1584,2
2007-11-22,0.0,0.2884454545454545,-0.4263181818181818,33.4,0.1243,2
2007-11-23,0.007272727272727273,0.27855454545454544,-0.3875636363636364,33.336363636363636,0.1303,2
2007-11-24,0.009090909090909092,0.27487272727272727,-0.36512727272727274,33.56363636363636,0.0835,2
2007-11-25,0.025454545454545455,0.27885454545454547,-0.3863454545454546,33.445454545454545,0.0689,2
2007-11-26,0.0,0.2706545454545454,-0.3759454545454545,33.26363636363636,0.1272,2
2007-11-27,0.0,0.2658090909090909,-0.41403636363636365,33.27272727272727,0.091,2
2007-11-28,0.0,0.2776818181818182,-0.3584454545454545,33.58181818181818,0.1229,2
2007-11-29,0.01,0.26540909090909093,-0.42772727272727273,32.945454545454545,0.1206,2
2007-11-30,0.0,0.27442727272727274,-0.37304545454545457,33.31818181818182,0.1336,2
2007-12-01,0.046363636363636364,0.2650909090909091,-0.4401818181818182,33.554545454545455,0.061,2
2007-12-02,0.0,0.26434545454545455,-0.4139909090909091,33.39090909090909,0.1594,2
2007-12-03,0.25363636363636366,0.2534818181818182,-0.3960181818181818,32.89090909090909,0.1092,2
2007-12-04,0.0,0.2671636363636364,-0.3744818181818182,33.85454545454545,0.0845,1
2007-12-05,0.03909090909090909,0.27355454545454544,-0.36227272727272725,33.445454545454545,0.1304,2
2007-12-06,0.0,0.26232727272727274,-0.40184545454545456,33.836363636363636,0.1387,2
2007-12-07,0.20909090909090908,0.2592,-0.4020454545454546,33.89090909090909,0.036,2
2007-12-08,0.034545454545454546,0.26025454545454546,-0.4185636363636364,34.02727272727273,0.1166,2
2007-12-09,0.04727272727272727,0.2568363636363636,-0.3577181818181818,33.800000000000004,0.1194,2
2007-12-10,0.0,0.26133636363636364,-0.4274090909090909,33.945454545454545,0.1706,2
2007-12-11,0.0,0.2515727272727273,-0.4298,33.5,0.1026,2
2007-12-12,0.03909090909090909,0.22444545454545456,-0.3798727272727273,33.68181818181818,0.109,2
2007-12-13,0.023636363636363636,0.25020000000000003,-0.42056363636363636,33.63636363636363,0.0817,2
2007-12-14,0.015454545454545455,0.24409999999999998,-0.4052090909090909,33.845454545454544,0.158,2
2007-12-15,0.002727272727272727,0.22958181818181816,-0.4081363636363636,33.90909090909091,0.1128,2
2007-12-16,0.0009090909090909091,0.23813636363636362,-0.3532545454545455,34.46363636363636,0.1242,2
2007-12-17,0.0,0.2527090909090909,-0.4282363636363636,33.872727272727275,0.11,2
2007-12-18,0.0,0.23313636363636367,-0.40854545454545454,33.92727272727273,0.0717,2
2007-12-19,0.023636363636363636,0.2361,-0.4011545454545455,34.372727272727275,0.0627,2
2007-12-20,0.002727272727272727,0.25745454545454544,-0.40485454545454547,34.054545454545455,0.089,2
2007-12-21,0.023636363636363636,0.24924545454545452,-0.3841818181818182,34.60909090909091,0.1028,2
2007-12-22,0.03818181818181818,0.24307272727272727,-0.4018909090909091,34.52727272727273,0.0997,2
2007-12-23,0.0,0.2598636363636364,-0.3683090909090909,34.04545454545455,0.1324,1
2007-12-24,0.0,0.2321272727272727,-0.38632727272727274,34.27272727272727,0.102,2
2007-12-25,0.0,0.2356909090909091,-0.37416363636363636,34.75454545454546,0.0747,2
2007-12-26,0.09090909090909091,0.23387272727272726,-0.39640909090909093,34.56363636363636,0.088,2
2007-12-27,0.06818181818181818,0.22803636363636362,-0.38596363636363634,34.690909090909095,0.0557,2
2007-12-28,0.0,0.2336181818181818,-0.4018818181818182,34.67272727272727,0.0862,2
2007-12-29,0.06181818181818182,0.23008181818181817,-0.4153636363636364,34.99090909090909,0.1086,2
2007-12-30,0.06909090909090909,0.2362727272727273,-0.36612727272727275,34.71818181818182,0.0673,2
2007-12-31,0.17181818181818184,0.2320909090909091,-0.39325454545454547,34.79090909090909,0.125,2
2008-01-01,0.022727272727272728,0.2434818181818182,-0.40236363636363637,34.945454545454545,0.154,2
2008-01-02,0.05545454545454545,0.23308181818181817,-0.42113636363636364,35.23636363636364,0.0826,2
2008-01-03,0.0,0.24361818181818184,-0.42921818181818183,35.60909090909091,0.1359,2
2008-01-04,0.0,0.23713636363636362,-0.40917272727272724,34.981818181818184,0.1272,2
2008-01-05,0.14,0.24290909090909094,-0.38763636363636367,35.73636363636364,0.1058,2
2008-01-06,0.0036363636363636364,0.22545454545454546,-0.38938181818181816,35.08181818181818,0.1466,2
2008-01-07,0.05181818181818181,0.2347090909090909,-0.3925272727272727,35.06363636363636,0.0976,2
2008-01-08,0.0,0.24945454545454543,-0.38016363636363637,35.6,0.1098,2
2008-01-09,0.03727272727272727,0.2509727272727273,-0.3765909090909091,35.88181818181818,0.0412,2
2008-01-10,0.0,0.24342727272727271,-0.4365363636363636,35.49090909090909,0.1315,2
2008-01-11,0.07727272727272727,0.23021818181818182,-0.3724090909090909,35.445454545454545,0.0668,2
2008-01-12,0.11545454545454546,0.23882727272727272,-0.42269090909090906,35.981818181818184,0.1409,2
2008-01-13,0.0,0.24439090909090908,-0.43228181818181816,35.96363636363637,0.112,2
2008-01-14,0.0,0.2406090909090909,-0.36817272727272726,36.09090909090909,0.0405,2
2008-01-15,0.08363636363636363,0.24276363636363635,-0.4251909090909091,36.14545454545455,0.0749,2
2008-01-16,0.20181818181818184,0.24345454545454545,-0.4215818181818182,36.09090909090909,0.1011,2
2008-01-17,0.0,0.24091818181818184,-0.39735454545454546,36.50909090909091,0.0945,2
2008-01-18,0.13363636363636364,0.23879090909090908,-0.3633545454545455,36.43636363636364,0.1043,2
2008-01-19,0.0,0.23790000000000003,-0.4062454545454546,36.81818181818182,0.112,2
2008-01-20,0.02090909090909091,0.2450727272727273,-0.3993818181818182,36.60909090909091,0.0682,2
2008-01-21,0.030000000000000002,0.23752727272727273,-0.39845454545454545,36.82727272727273,0.1109,2
2008-01-22,0.2081818181818182,0.23559090909090907,-0.3725,36.86363636363637,0.1141,1
2008-01-23,0.022727272727272728,0.2381181818181818,-0.40101818181818183,37.10909090909091,0.0738,2
2008-01-24,0.06272727272727273,0.24091818181818184,-0.40292727272727275,36.90909090909091,0.153,2
2008-01-25,0.06909090909090909,0.25231818181818183,-0.4232909090909091,37.53636363636363,0.0509,2
2008-01-26,0.004545454545454546,0.24262727272727272,-0.41869090909090906,37.10909090909091,0.0821,1
2008-01-27,0.04454545454545455,0.23372727272727276,-0.4043181818181818,37.17272727272727,0.0552,2
2008-01-28,0.03727272727272727,0.2352090909090909,-0.37680909090909087,37.17272727272727,0.0944,2
2008-01-29,0.006363636363636364,0.23401818181818185,-0.39245454545454544,37.43636363636364,0.102,2
2008-01-30,0.07,0.23301818181818182,-0.4097090909090909,37.58181818181818,0.0901,2
2008-01-31,0.09636363636363637,0.2424818181818182,-0.40343636363636365,37.64545454545455,0.0865,2
2008-02-01,0.0,0.23559090909090907,-0.4079181818181818,37.445454545454545,0.115,2
2008-02-02,0.07454545454545455,0.233,-0.40307272727272725,38.08181818181818,0.0306,2
2008-02-03,0.09545454545454546,0.24039090909090907,-0.41377272727272724,37.836363636363636,0.0396,2
2008-02-04,0.0,0.24235454545454546,-0.37238181818181815,38.199999999999996,0.0641,2
2008-02-05,0.018181818181818184,0.2483090909090909,-0.3991,38.481818181818184,0.095,2
2008-02-06,0.049090909090909095,0.23420909090909092,-0.4261545454545455,37.85454545454545,0.0621,2
2008-02-07,0.0,0.22716363636363637,-0.41259999999999997,37.75454545454546,0.1036,2
2008-02-08,0.0,0.23474545454545453,-0.3949,38.13636363636363,0.0535,2
2008-02-09,0.0,0.24187272727272727,-0.41552727272727275,38.38181818181818,0.0874,2
2008-02-10,0.030909090909090907,0.2533727272727273,-0.38640909090909087,38.61818181818182,0.0381,2
2008-02-11,0.0,0.23654545454545453,-0.42755454545454546,38.6,0.0639,2
2008-02-12,0.009090909090909092,0.24927272727272728,-0.41270909090909086,39.02727272727273,0.0394,2
2008-02-13,0.0,0.22994545454545454,-0.3949909090909091,39.154545454545456,0.0599,2
2008-02-14,0.005454545454545454,0.2360636363636364,-0.3988454545454545,39.345454545454544,0.0665,2
2008-02-15,0.0,0.24773636363636367,-0.39511818181818187,39.30909090909091,0.0406,2
2008-02-16,0.02090909090909091,0.2356090909090909,-0.39544545454545454,38.836363636363636,0.0736,2
2008-02-17,0.025454545454545455,0.2351,-0.41825454545454543,39.24545454545454,0.0849,2
2008-02-18,0.0,0.23337272727272726,-0.4359818181818182,39.9,0.0238,2
2008-02-19,0.0,0.23315454545454542,-0.4035818181818182,39.29090909090909,0.0374,2
2008-02-20,0.0,0.24036363636363636,-0.4211181818181818,40.00909090909091,0.0385,2
2008-02-21,0.0,0.24496363636363636,-0.4236909090909091,39.72727272727273,0.074,2
2008-02-22,0.035454545454545454,0.24277272727272728,-0.3845818181818182,40.06363636363636,0.0472,2
2008-02-23,0.03272727272727272,0.24401818181818183,-0.4202090909090909,39.981818181818184,0.0,2
2008-02-24,0.0,0.2440636363636364,-0.42691818181818186,39.89090909090909,0.0591,2
2008-02-25,0.0,0.24554545454545454,-0.4070272727272727,40.10909090909091,0.0545,2
2008-02-26,0.2527272727272727,0.23081818181818184,-0.3988454545454545,39.945454545454545,0.0722,2
2008-02-27,0.0,0.2418090909090909,-0.3954636363636364,39.99090909090909,0.0659,2
2008-02-28,0.0,0.24022727272727273,-0.3720272727272727,40.31818181818182,0.0353,2
2008-02-29,0.028181818181818183,0.2378636363636364,-0.3917181818181818,40.57272727272727,0.0225,2
2008-03-01,0.0,0.23746363636363635,-0.38642727272727273,40.41818181818182,0.0538,2
2008-03-02,0.0,0.23813636363636362,-0.37162727272727275,40.699999999999996,0.0013,2
2008-03-03,0.0,0.2487818181818182,-0.39517272727272723,40.654545454545456,0.0205,2
2008-03-04,0.0009090909090909091,0.23921818181818183,-0.38642727272727273,40.97272727272727,0.03,2
2008-03-05,0.0,0.24961818181818182,-0.39511818181818187,41.199999999999996,0.1194,2
2008-03-06,0.0,0.2316272727272727,-0.4306636363636364,41.26363636363636,0.1048,2
2008-03-07,0.0018181818181818182,0.24407272727272727,-0.38442727272727273,41.29090909090909,0.0698,2
2008-03-08,0.0,0.2377,-0.39290909090909093,41.054545454545455,0.0194,2
2008-03-09,0.0,0.24678181818181819,-0.4165636363636364,41.02727272727273,0.0413,2
2008-03-10,0.0,0.2275818181818182,-0.38329090909090907,41.57272727272727,0.0,2
2008-03-11,0.0009090909090909091,0.2339909090909091,-0.40545454545454546,41.654545454545456,0.0237,2
2008-03-12,0.0018181818181818182,0.23947272727272725,-0.40321818181818186,41.24545454545454,0.0522,2
2008-03-13,0.0,0.2545272727272727,-0.4061363636363637,41.97272727272727,0.0,2
2008-03-14,0.0,0.24129090909090908,-0.3825181818181818,42.11818181818182,0.0167,2
2008-03-15,0.0,0.24363636363636365,-0.4121181818181818,42.154545454545456,0.0444,2
2008-03-16,0.0,0.2275818181818182,-0.4288090909090909,42.04545454545455,0.0611,2
2008-03-17,0.0,0.24229090909090908,-0.40196363636363636,42.481818181818184,0.0007,2
2008-03-18,0.0,0.24690909090909094,-0.4157,42.518181818181816,0.0,2
2008-03-19,0.0,0.24712727272727272,-0.4191636363636364,42.45454545454545,0.0223,2
2008-03-20,0.0,0.24712727272727272,-0.3936727272727273,42.345454545454544,0.0523,2
2008-03-21,0.0027272727272727275,0.23620000000000002,-0.3815545454545454,42.27272727272727,0.0398,2
2008-03-22,0.004545454545454546,0.2430818181818182,-0.38423636363636365,42.45454545454545,0.0,2
2008-03-23,0.0,0.25372727272727275,-0.3890909090909091,42.85454545454545,0.0191,2
2008-03-24,0.0,0.2314181818181818,-0.4173727272727273,43.09090909090909,0.0074,2
2008-03-25,0.005454545454545454,0.24522727272727274,-0.40470909090909096,42.627272727272725,0.0103,2
2008-03-26,0.007272727272727273,0.25045454545454543,-0.3703454545454546,42.93636363636364,0.0492,2
2008-03-27,0.006363636363636364,0.24463636363636362,-0.4201636363636364,43.300000000000004,0.0193,2
2008-03-28,0.0,0.2434818181818182,-0.38364545454545457,42.99090909090909,0.0551,2
2008-03-29,0.005454545454545455,0.2489727272727273,-0.42560909090909094,43.10909090909091,0.0199,2
2008-03-30,0.031818181818181815,0.24127272727272728,-0.3968909090909091,43.372727272727275,0.0375,2
2008-03-31,0.0036363636363636364,0.2322727272727273,-0.41859999999999997,43.25454545454546,0.0,2
2008-04-01,0.8427272727272727,0.2343090909090909,-0.39824545454545457,43.345454545454544,0.0503,2
2008-04-02,2.402727272727273,0.23977272727272728,-0.36451818181818185,43.6,0.0124,2
2008-04-03,0.7009090909090909,0.24489090909090908,-0.37370909090909094,43.86363636363637,0.0067,2
2008-04-04,0.09181818181818181,0.2465,-0.3987636363636364,43.82727272727273,0.0692,2
2008-04-05,0.6736363636363637,0.24382727272727275,-0.3951363636363636,44.10909090909091,0.0247,2
2008-04-06,1.7490909090909093,0.23091818181818183,-0.3322818181818182,43.872727272727275,0.0504,2
2008-04-07,0.01636363636363636,0.24917272727272727,-0.4067454545454545,44.0,0.0346,2
2008-04-08,0.13454545454545455,0.2500363636363636,-0.40286363636363637,43.82727272727273,0.0733,2
2008-04-09,0.11636363636363636,0.24582727272727273,-0.39788181818181817,44.21818181818182,0.0,2
2008-04-10,0.37999999999999995,0.24764545454545453,-0.3985454545454546,44.20909090909091,0.0184,2
2008-04-11,0.0,0.2504,-0.39987272727272727,43.945454545454545,0.0451,2
2008-04-12,0.3190909090909091,0.2504818181818182,-0.4081818181818182,44.26363636363636,0.013,2
2008-04-13,1.1036363636363637,0.24842727272727272,-0.3814,44.41818181818182,0.031,2
2008-04-14,1.1218181818181818,0.25173636363636365,-0.4127909090909091,44.22727272727273,0.0096,2
2008-04-15,1.13,0.25596363636363634,-0.3878272727272727,44.20909090909091,0.0,2
2008-04-16,0.0,0.2525363636363636,-0.3960909090909091,44.04545454545455,0.044,2
2008-04-17,0.11,0.2526,-0.3856636363636364,44.71818181818182,0.0804,2
2008-04-18,0.21727272727272728,0.2528909090909091,-0.36813636363636365,44.40909090909091,0.0,2
2008-04-19,0.4754545454545455,0.24936363636363634,-0.39999090909090906,44.45454545454545,0.0,2
2008-04-20,0.31181818181818177,0.25734545454545454,-0.38347272727272724,44.86363636363637,0.0,2
2008-04-21,0.5336363636363637,0.25431818181818183,-0.38837272727272726,44.95454545454545,0.0532,2
2008-04-22,0.45909090909090905,0.24688181818181817,-0.3952363636363636,44.690909090909095,0.0024,2
2008-04-23,0.3181818181818182,0.2542,-0.3945,44.654545454545456,0.0,2
2008-04-24,0.9336363636363636,0.24999090909090907,-0.4053272727272727,45.14545454545455,0.0,2
2008-04-25,0.5027272727272728,0.24557272727272725,-0.40373636363636367,44.0,0.0,2
2008-04-26,0.21909090909090906,0.2577,-0.4005636363636364,45.49090909090909,0.0276,2
2008-04-27,0.20363636363636362,0.25785454545454545,-0.35213636363636364,45.08181818181818,0.0029,2
2008-04-28,1.538181818181818,0.26094545454545454,-0.37673636363636365,44.91818181818182,0.0744,2
2008-04-29,0.4681818181818182,0.2690454545454546,-0.39245454545454544,44.88181818181818,0.0,2
2008-04-30,0.11727272727272728,0.2721,-0.4053818181818182,44.836363636363636,0.0,2
2008-05-01,0.1981818181818182,0.26485454545454545,-0.19277272727272726,45.09090909090909,0.0338,2
2008-05-02,0.5854545454545454,0.2616727272727273,-0.17694545454545454,44.71818181818182,0.0363,2
2008-05-03,0.2963636363636364,0.2727727272727272,-0.1799909090909091,45.18181818181818,0.0956,2
2008-05-04,1.0818181818181818,0.26730000000000004,-0.18131818181818182,45.554545454545455,0.0,2
2008-05-05,0.6381818181818182,0.2640818181818182,-0.17,45.40909090909091,0.0463,2
2008-05-06,0.6827272727272727,0.2625090909090909,-0.18112727272727272,45.53636363636363,0.0817,2
2008-05-07,1.2027272727272726,0.2713272727272727,-0.1599,45.0,0.0108,2
2008-05-08,0.26636363636363636,0.2586363636363636,-0.16641818181818183,45.04545454545455,0.0371,2
2008-05-09,1.2436363636363637,0.27534545454545456,-0.1595272727272727,45.1,0.0941,2
2008-05-10,0.11999999999999998,0.27274545454545457,-0.1728909090909091,45.70909090909091,0.0029,2
2008-05-11,0.02727272727272727,0.25479999999999997,-0.18084545454545456,45.36363636363637,0.027,2
2008-05-12,0.9972727272727272,0.2695090909090909,-0.16596363636363634,45.32727272727273,0.0895,2
2008-05-13,0.0,0.2761181818181818,-0.1779909090909091,45.127272727272725,0.0807,2
2008-05-14,1.0363636363636364,0.27740000000000004,-0.16956363636363636,45.85454545454545,0.0372,2
2008-05-15,0.03272727272727272,0.28448181818181817,-0.15693636363636362,44.836363636363636,0.0505,2
2008-05-16,0.5109090909090909,0.28047272727272726,-0.14653636363636363,45.76363636363636,0.062,2
2008-05-17,1.981818181818182,0.2782818181818182,-0.13704545454545455,45.53636363636363,0.0137,2
2008-05-18,1.7481818181818183,0.2854090909090909,-0.14714545454545455,45.43636363636364,0.0564,2
2008-05-19,0.9345454545454545,0.2919727272727273,-0.1615090909090909,44.88181818181818,0.0598,2
2008-05-20,0.2818181818181818,0.2883636363636364,-0.15775454545454545,45.6,0.0786,2
2008-05-21,4.930909090909091,0.27506363636363634,-0.10116363636363636,44.945454545454545,0.0587,2
2008-05-22,1.1281818181818182,0.30021818181818183,-0.13168181818181818,45.6,0.0628,1
2008-05-23,0.7081818181818181,0.2978545454545455,-0.15276363636363635,44.554545454545455,0.095,2
2008-05-24,1.1136363636363635,0.29863636363636364,-0.14112727272727274,45.154545454545456,0.1105,1
2008-05-25,2.6145454545454543,0.2767909090909091,-0.11828181818181817,45.24545454545454,0.0783,2
2008-05-26,1.4363636363636363,0.3073636363636364,-0.11697272727272727,45.00909090909091,0.1,1
2008-05-27,0.8600000000000001,0.31225454545454545,-0.1258181818181818,45.28181818181818,0.0733,2
2008-05-28,0.25181818181818183,0.3050363636363636,-0.1373090909090909,45.28181818181818,0.0987,1
2008-05-29,1.5836363636363637,0.3105909090909091,-0.11636363636363636,45.24545454545454,0.0864,2
2008-05-30,1.3554545454545455,0.3195,-0.10140909090909091,44.6,0.1409,1
2008-05-31,1.6927272727272729,0.32013636363636366,-0.09752727272727273,45.18181818181818,0.0836,1
2008-06-01,1.560909090909091,0.3074363636363637,-0.11364545454545455,45.02727272727273,0.0775,1
2008-06-02,1.7609090909090908,0.32273636363636365,-0.09781818181818182,44.554545454545455,0.047,1
2008-06-03,3.895454545454545,0.33055454545454543,-0.08022727272727273,45.13636363636363,0.047,1
2008-06-04,1.4436363636363636,0.3368272727272727,-0.09306363636363636,44.95454545454545,0.0668,1
2008-06-05,4.012727272727273,0.32891818181818183,-0.06538181818181818,45.25454545454546,0.1121,1
2008-06-06,1.3590909090909091,0.3288,-0.09565454545454545,45.199999999999996,0.1744,1
2008-06-07,2.8545454545454545,0.3503727272727273,-0.07494545454545455,45.22727272727273,0.0858,1
2008-06-08,0.10545454545454545,0.34348181818181817,-0.08626363636363638,45.31818181818182,0.0444,1
2008-06-09,7.019090909090909,0.35369999999999996,-0.013718181818181819,45.09090909090909,0.0937,1
2008-06-10,3.011818181818182,0.34496363636363636,-0.04576363636363636,44.627272727272725,0.1665,1
2008-06-11,7.503636363636363,0.3628454545454545,-0.03532727272727272,44.56363636363636,0.1729,1
2008-06-12,7.132727272727274,0.3686,-0.002099999999999998,44.845454545454544,0.213,1
2008-06-13,5.5,0.37829090909090907,-0.02070909090909091,44.45454545454545,0.1747,1
2008-06-14,12.267272727272728,0.3804090909090909,0.07249090909090909,44.93636363636364,0.1992,1
2008-06-15,10.530909090909091,0.3930090909090909,0.031218181818181822,44.42727272727273,0.2232,1
2008-06-16,13.299090909090909,0.4051636363636364,0.06591818181818182,44.27272727272727,0.2435,1
2008-06-17,6.252727272727273,0.3936454545454545,0.016945454545454545,44.64545454545455,0.2468,1
2008-06-18,5.048181818181818,0.41817272727272725,0.02083636363636364,44.17272727272727,0.28,0
2008-06-19,14.604545454545455,0.43253636363636366,0.11274545454545454,44.88181818181818,0.252,1
2008-06-20,5.239090909090909,0.4300818181818182,0.015181818181818183,44.60909090909091,0.2165,0
2008-06-21,9.843636363636364,0.43889090909090905,0.08078181818181819,44.07272727272727,0.3043,0
2008-06-22,17.537272727272725,0.44830000000000003,0.12791818181818182,43.87272727272727,0.3114,0
2008-06-23,10.364545454545455,0.46568181818181814,0.10558181818181818,44.07272727272727,0.3081,0
2008-06-24,16.534545454545455,0.47067272727272724,0.15325454545454545,43.690909090909095,0.3144,0
2008-06-25,18.57363636363636,0.4853454545454545,0.15342727272727272,44.127272727272725,0.3645,0
2008-06-26,8.202727272727271,0.4964272727272727,0.0730090909090909,44.03636363636363,0.3315,0
2008-06-27,9.075454545454546,0.49890909090909086,0.0968090909090909,43.85454545454545,0.34,0
2008-06-28,19.471818181818183,0.5197363636363637,0.18903636363636364,43.70909090909091,0.3946,0
2008-06-29,23.00181818181818,0.5311636363636364,0.20034545454545458,43.82727272727273,0.4894,0
2008-06-30,29.59181818181818,0.5626272727272728,0.22520909090909091,43.31818181818182,0.4352,0
2008-07-01,18.093636363636364,0.5826818181818182,0.21651818181818186,43.22727272727273,0.4915,0
2008-07-02,27.087272727272726,0.5833454545454546,0.2988818181818182,43.4,0.5573,0
2008-07-03,16.546363636363637,0.6082454545454545,0.1952909090909091,42.96363636363637,0.5476,0
2008-07-04,12.94909090909091,0.6124727272727273,0.19416363636363637,42.74545454545454,0.4889,0
2008-07-05,9.827272727272728,0.6294272727272727,0.14694545454545455,42.47272727272727,0.51,0
2008-07-06,23.223636363636363,0.6396909090909091,0.2580545454545455,43.32727272727273,0.5327,0
2008-07-07,24.11,0.6536454545454545,0.2716272727272727,42.68181818181818,0.5202,0
2008-07-08,22.38272727272727,0.6530090909090909,0.2595090909090909,42.24545454545454,0.5561,0
2008-07-09,12.04,0.6719181818181817,0.20516363636363638,42.554545454545455,0.4981,0
2008-07-10,16.234545454545454,0.6824181818181818,0.2332545454545455,42.52727272727273,0.5016,0
2008-07-11,29.42,0.6915454545454546,0.3191181818181818,42.309090909090905,0.5721,0
2008-07-12,30.616363636363634,0.6984636363636363,0.35669999999999996,41.809090909090905,0.6493,0
2008-07-13,38.47090909090909,0.7035272727272728,0.3912636363636364,41.77272727272727,0.6735,0
2008-07-14,30.074545454545454,0.7202545454545454,0.3805818181818182,41.64545454545455,0.7022,0
2008-07-15,29.519090909090906,0.7142272727272728,0.33204545454545453,41.86363636363637,0.6501,0
2008-07-16,47.39272727272728,0.729909090909091,0.4193454545454545,41.76363636363636,0.6966,0
2008-07-17,33.97181818181818,0.7375727272727274,0.38775454545454546,41.518181818181816,0.7477,0
2008-07-18,20.83090909090909,0.7435818181818181,0.2923909090909091,41.39090909090909,0.7359,0
2008-07-19,41.835454545454546,0.7401090909090908,0.4081181818181818,41.61818181818182,0.7146,0
2008-07-20,39.37181818181818,0.7427545454545453,0.36780909090909086,41.199999999999996,0.7272,0
2008-07-21,32.13545454545454,0.7446,0.41717272727272725,40.68181818181818,0.736,0
2008-07-22,26.060909090909092,0.755809090909091,0.3656181818181818,41.10909090909091,0.7421,0
2008-07-23,46.8890909090909,0.7629545454545454,0.43260000000000004,40.91818181818182,0.7287,0
2008-07-24,40.657272727272726,0.7640272727272727,0.40242727272727274,40.39090909090908,0.7475,0
2008-07-25,36.38363636363636,0.7610727272727273,0.40280909090909095,40.38181818181818,0.7647,0
2008-07-26,44.21909090909091,0.7702909090909091,0.3827454545454545,40.11818181818182,0.7891,0
2008-07-27,36.96545454545455,0.7781909090909092,0.4460909090909091,40.154545454545456,0.7555,0
2008-07-28,46.03,0.7830727272727273,0.45816363636363633,39.654545454545456,0.8657,0
2008-07-29,36.72090909090909,0.7802181818181818,0.45771818181818175,39.71818181818182,0.7867,0
2008-07-30,31.19,0.7831727272727274,0.39552727272727267,39.78181818181818,0.7951,0
2008-07-31,27.99181818181818,0.7886818181818182,0.3765636363636364,39.73636363636364,0.7797,0
2008-08-01,43.85545454545454,0.7788909090909091,0.43922727272727274,39.54545454545455,0.7518,0
2008-08-02,33.335454545454546,0.7985454545454546,0.3920181818181818,39.76363636363636,0.7756,0
2008-08-03,36.43545454545455,0.7982545454545454,0.3736727272727273,39.56363636363636,0.7478,0
2008-08-04,52.63999999999999,0.8024909090909091,0.44075454545454545,38.5,0.8211,0
2008-08-05,38.75363636363637,0.7951545454545456,0.4350181818181818,39.41818181818182,0.7656,0
2008-08-06,23.867272727272724,0.8014,0.32727272727272727,39.1,0.7342,0
2008-08-07,26.233636363636364,0.8070272727272727,0.32841818181818183,39.054545454545455,0.72,0
2008-08-08,24.187272727272727,0.8138090909090909,0.32356363636363633,39.345454545454544,0.7467,0
2008-08-09,38.28545454545454,0.8140818181818182,0.3715454545454545,38.60909090909091,0.7355,0
2008-08-10,30.21090909090909,0.8118454545454546,0.4093636363636364,38.73636363636364,0.7818,0
2008-08-11,26.84,0.8069454545454545,0.37477272727272726,38.04545454545455,0.7136,0
2008-08-12,30.729999999999997,0.8207818181818183,0.3906454545454546,38.11818181818182,0.7333,0
2008-08-13,31.799999999999997,0.8236727272727272,0.32932727272727275,37.81818181818182,0.7735,0
2008-08-14,38.82,0.8274636363636364,0.37936363636363635,37.71818181818182,0.7598,0
2008-08-15,41.60818181818182,0.8151818181818182,0.4228363636363637,37.99090909090909,0.793,0
2008-08-16,27.070909090909087,0.824790909090909,0.3133090909090909,37.76363636363636,0.7097,0
2008-08-17,44.598181818181814,0.8168363636363637,0.42624545454545454,38.300000000000004,0.7708,0
2008-08-18,15.144545454545455,0.8241363636363637,0.23398181818181818,37.71818181818182,0.6908,0
2008-08-19,14.94,0.831309090909091,0.2211090909090909,37.554545454545455,0.7564,0
2008-08-20,39.19,0.8268909090909091,0.3865545454545455,37.35454545454545,0.7882,0
2008-08-21,35.51272727272727,0.8238636363636364,0.34145454545454546,37.04545454545455,0.7356,0
2008-08-22,19.13181818181818,0.8322909090909092,0.2397181818181818,37.345454545454544,0.7554,0
2008-08-23,29.40818181818182,0.8293818181818182,0.3241454545454545,37.372727272727275,0.7243,0
2008-08-24,23.54818181818182,0.8299,0.2787090909090909,37.08181818181818,0.6719,0
2008-08-25,19.095454545454544,0.8352,0.22248181818181817,37.309090909090905,0.7086,0
2008-08-26,32.657272727272726,0.8285818181818182,0.27531818181818185,36.47272727272727,0.7627,0
2008-08-27,15.79,0.8273818181818182,0.19247272727272727,37.26363636363636,0.6267,0
2008-08-28,12.450000000000001,0.8232363636363637,0.17135454545454545,37.17272727272728,0.5749,0
2008-08-29,22.78090909090909,0.8318818181818183,0.21141818181818184,36.836363636363636,0.6454,0
2008-08-30,18.026363636363637,0.8292909090909091,0.1814181818181818,36.40909090909091,0.6902,0
2008-08-31,8.89,0.8321454545454546,0.11075454545454545,36.76363636363636,0.4902,0
2008-09-01,27.072727272727274,0.8289909090909091,0.2675090909090909,36.73636363636364,0.5923,0
2008-09-02,5.399090909090909,0.8357363636363636,0.053663636363636365,36.46363636363637,0.4613,0
2008-09-03,13.661818181818182,0.8378909090909091,0.1383909090909091,36.76363636363636,0.5122,0
2008-09-04,12.57090909090909,0.8210636363636364,0.1219,36.38181818181818,0.5048,0
2008-09-05,13.352727272727272,0.8327818181818182,0.11117272727272728,36.09090909090909,0.4851,0
2008-09-06,16.11,0.8243363636363636,0.12373636363636363,36.4,0.4816,0
2008-09-07,9.210909090909091,0.8198636363636363,0.06883636363636364,35.809090909090905,0.4335,0
2008-09-08,7.200909090909092,0.8164636363636363,0.0473,36.18181818181818,0.382,0
2008-09-09,9.435454545454546,0.8221636363636364,0.05569090909090908,35.79090909090909,0.3989,0
2008-09-10,11.219090909090909,0.8177454545454546,0.07805454545454546,36.71818181818182,0.4135,0
2008-09-11,7.514545454545455,0.8294272727272727,0.0297,36.18181818181818,0.3726,0
2008-09-12,5.097272727272728,0.8089727272727273,0.0031181818181818173,36.25454545454546,0.3699,0
2008-09-13,7.058181818181819,0.8047,0.02608181818181818,36.13636363636363,0.358,0
2008-09-14,12.894545454545455,0.7977818181818183,0.05795454545454545,35.56363636363636,0.3744,0
2008-09-15,6.134545454545455,0.8036454545454546,-0.008899999999999998,36.0,0.3306,0
2008-09-16,9.154545454545454,0.7976181818181818,0.028672727272727273,35.71818181818182,0.3381,0
2008-09-17,3.497272727272727,0.7917363636363636,-0.03240909090909091,35.627272727272725,0.3072,0
2008-09-18,1.9590909090909092,0.7829999999999999,-0.06504545454545455,35.61818181818182,0.2913,0
2008-09-19,3.67,0.7796,-0.0429,35.4,0.2478,0
2008-09-20,3.838181818181818,0.7541545454545454,-0.046854545454545454,35.74545454545454,0.2956,0
2008-09-21,7.359090909090909,0.7469363636363636,-0.012727272727272724,35.47272727272727,0.2416,0
2008-09-22,3.4081818181818178,0.7443000000000001,-0.07731818181818183,35.35454545454545,0.2533,0
2008-09-23,1.3172727272727274,0.7313636363636363,-0.09125454545454546,35.56363636363636,0.2567,0
2008-09-24,1.848181818181818,0.7076545454545454,-0.08994545454545454,35.32727272727273,0.2747,0
2008-09-25,0.0,0.6836727272727273,-0.10689090909090909,34.981818181818184,0.2555,0
2008-09-26,4.376363636363636,0.6918636363636363,-0.07648181818181819,35.09090909090909,0.2845,0
2008-09-27,3.460909090909091,0.6712454545454546,-0.07552727272727272,35.72727272727273,0.2481,0
2008-09-28,0.27,0.6673454545454546,-0.12116363636363636,35.27272727272727,0.1406,0
2008-09-29,1.0909090909090908,0.6563,-0.1263181818181818,34.78181818181818,0.1586,0
2008-09-30,0.0,0.6420636363636363,-0.12786363636363637,35.22727272727273,0.1835,0
2008-10-01,1.1590909090909092,0.6311181818181818,-0.1285909090909091,34.5,0.1924,0
2008-10-02,1.2172727272727273,0.6187272727272727,-0.12876363636363639,34.59090909090909,0.1466,0
2008-10-03,2.0045454545454544,0.5992727272727273,-0.12561818181818182,34.82727272727273,0.2413,0
2008-10-04,1.7027272727272729,0.5994090909090909,-0.13634545454545455,34.52727272727273,0.1675,0
2008-10-05,0.5581818181818181,0.5750909090909091,-0.13421818181818182,34.95454545454545,0.1708,0
2008-10-06,0.5881818181818181,0.5679181818181818,-0.14957272727272727,34.52727272727273,0.1483,0
2008-10-07,1.541818181818182,0.563690909090909,-0.12895454545454543,34.4,0.1971,0
2008-10-08,0.08,0.5618363636363637,-0.14670000000000002,34.554545454545455,0.2041,0
2008-10-09,0.9199999999999999,0.5421636363636364,-0.1631090909090909,34.40909090909091,0.1501,0
2008-10-10,1.3481818181818181,0.5281454545454545,-0.14131818181818182,34.45454545454545,0.21,0
2008-10-11,0.3845454545454546,0.5188363636363637,-0.16540909090909092,34.59090909090909,0.1442,0
2008-10-12,1.0990909090909091,0.5133363636363636,-0.15021818181818183,34.20909090909091,0.1224,0
2008-10-13,0.5063636363636363,0.5043363636363636,-0.16641818181818183,33.99090909090909,0.1794,0
2008-10-14,0.0,0.5014454545454545,-0.1621272727272727,34.54545454545455,0.1598,0
2008-10-15,0.24818181818181817,0.4832,-0.17150909090909092,34.79090909090909,0.19,1
2008-10-16,0.3936363636363636,0.47765454545454544,-0.17233636363636362,34.163636363636364,0.1529,1
2008-10-17,0.35000000000000003,0.47725454545454543,-0.16968181818181818,34.27272727272727,0.1448,1
2008-10-18,0.0,0.4663363636363636,-0.16367272727272728,33.97272727272727,0.1358,1
2008-10-19,0.0,0.45132727272727274,-0.18287272727272727,34.1,0.1259,1
2008-10-20,0.47181818181818186,0.4500272727272728,-0.16674545454545456,34.54545454545455,0.118,1
2008-10-21,0.5545454545454546,0.4381272727272727,-0.17933636363636365,33.96363636363637,0.1332,1
2008-10-22,0.42818181818181816,0.43976363636363636,-0.1833909090909091,34.43636363636364,0.1043,1
2008-10-23,0.12454545454545456,0.43332727272727267,-0.17923636363636364,34.29090909090909,0.0863,1
2008-10-24,0.19272727272727275,0.4219636363636364,-0.18797272727272726,33.88181818181818,0.1454,1
2008-10-25,0.0,0.41796363636363637,-0.19283636363636364,34.22727272727273,0.1505,1
2008-10-26,0.0,0.40704545454545454,-0.1926909090909091,34.0,0.1741,1
2008-10-27,0.17272727272727273,0.3970545454545455,-0.17353636363636363,33.60909090909091,0.2075,1
2008-10-28,0.08181818181818182,0.4147727272727273,-0.18506363636363635,33.9,0.1107,1
2008-10-29,0.21636363636363634,0.4052363636363637,-0.20201818181818182,33.73636363636364,0.1807,1
2008-10-30,0.0,0.3943454545454545,-0.18374545454545455,33.77272727272727,0.1316,1
2008-10-31,0.2736363636363636,0.3871545454545455,-0.1779090909090909,34.31818181818182,0.1111,1
2008-11-01,0.13272727272727272,0.3816818181818182,-0.37740909090909097,34.06363636363636,0.147,1
2008-11-02,0.0,0.3816818181818182,-0.39995454545454545,33.41818181818182,0.1348,1
2008-11-03,0.03272727272727272,0.35242727272727276,-0.4293090909090909,33.68181818181818,0.0981,2
2008-11-04,0.18,0.36750909090909095,-0.3688909090909091,33.70909090909091,0.1083,2
2008-11-05,0.09818181818181819,0.3598363636363637,-0.3876818181818182,33.45454545454545,0.1372,2
2008-11-06,0.018181818181818184,0.35663636363636364,-0.3944181818181818,33.25454545454546,0.1209,2
2008-11-07,0.060000000000000005,0.3559727272727273,-0.40752727272727274,33.445454545454545,0.0628,1
2008-11-08,0.08545454545454545,0.35456363636363636,-0.3830454545454545,33.56363636363636,0.0783,1
2008-11-09,0.07,0.34433636363636366,-0.37985454545454544,33.39090909090909,0.0522,1
2008-11-10,0.0,0.3353909090909091,-0.41850909090909094,33.49090909090909,0.2116,2
2008-11-11,0.01909090909090909,0.3392181818181818,-0.3783909090909091,33.53636363636364,0.1387,2
2008-11-12,0.04,0.33440909090909093,-0.40095454545454545,33.336363636363636,0.1132,2
2008-11-13,0.0,0.33853636363636364,-0.38870909090909095,33.72727272727273,0.034,2
2008-11-14,0.0,0.32072727272727275,-0.4241090909090909,33.336363636363636,0.1207,2
2008-11-15,0.0,0.31629090909090907,-0.42653636363636366,33.85454545454545,0.1018,2
2008-11-16,0.0,0.31690909090909086,-0.3923272727272727,33.90909090909091,0.1244,2
2008-11-17,0.0,0.32544545454545454,-0.40109999999999996,33.52727272727273,0.1103,1
2008-11-18,0.0,0.3161454545454545,-0.4191909090909091,33.07272727272727,0.0568,1
2008-11-19,0.0,0.2979727272727273,-0.4068818181818182,33.236363636363635,0.0678,2
2008-11-20,0.0,0.3079818181818182,-0.3867181818181818,33.627272727272725,0.1063,1
2008-11-21,0.0,0.3054363636363636,-0.4158,33.518181818181816,0.1477,2
2008-11-22,0.004545454545454546,0.30157272727272727,-0.38938181818181816,33.40909090909091,0.1301,2
2008-11-23,0.045454545454545456,0.2941909090909091,-0.3525181818181818,33.11818181818182,0.1297,2
2008-11-24,0.006363636363636364,0.28909090909090907,-0.4015909090909091,33.481818181818184,0.1362,2
2008-11-25,0.012727272727272728,0.30072727272727273,-0.4245090909090909,33.518181818181816,0.1245,2
2008-11-26,0.031818181818181815,0.2889818181818182,-0.4158,33.72727272727273,0.0968,2
2008-11-27,0.0,0.28545454545454546,-0.41500909090909094,33.74545454545454,0.091,2
2008-11-28,0.0,0.2953727272727273,-0.3786,33.627272727272725,0.1071,2
2008-11-29,0.0,0.2787636363636363,-0.38731818181818184,33.20909090909091,0.1455,2
2008-11-30,0.0,0.2760818181818182,-0.3751545454545455,34.10909090909091,0.1261,2
2008-12-01,0.0,0.28563636363636363,-0.40042727272727274,33.56363636363636,0.1109,2
2008-12-02,0.0,0.2668818181818182,-0.41814545454545454,33.88181818181818,0.1264,2
2008-12-03,0.13,0.2800090909090909,-0.39711818181818176,33.90909090909091,0.1209,2
2008-12-04,0.02090909090909091,0.2701818181818182,-0.4122818181818182,33.554545454545455,0.1502,2
2008-12-05,0.011818181818181818,0.2785727272727273,-0.4199727272727273,33.872727272727275,0.0721,2
2008-12-06,0.10636363636363635,0.27483636363636366,-0.38738181818181816,33.56363636363636,0.1414,2
2008-12-07,0.049090909090909095,0.26974545454545457,-0.3850545454545454,33.21818181818182,0.1458,2
2008-12-08,0.0,0.2676636363636364,-0.4002363636363636,33.481818181818184,0.09,2
2008-12-09,0.06636363636363636,0.26684545454545455,-0.37546363636363633,33.47272727272727,0.1115,2
2008-12-10,0.16454545454545455,0.2697363636363636,-0.38442727272727273,33.79090909090909,0.0816,2
2008-12-11,0.09,0.2696272727272727,-0.39139090909090907,33.9,0.1125,2
2008-12-12,0.0,0.2716909090909091,-0.4084909090909091,34.08181818181818,0.1115,2
2008-12-13,0.030000000000000002,0.2702727272727273,-0.41769090909090906,34.26363636363636,0.1489,2
2008-12-14,0.0,0.2620545454545455,-0.4060636363636364,33.845454545454544,0.1317,2
2008-12-15,0.0,0.2548818181818182,-0.3819181818181818,34.163636363636364,0.0357,2
2008-12-16,0.0,0.2636636363636363,-0.3941272727272727,34.54545454545455,0.1132,2
2008-12-17,0.0,0.26279090909090913,-0.36760909090909094,34.445454545454545,0.1077,2
2008-12-18,0.08181818181818182,0.25713636363636366,-0.40503636363636364,34.41818181818182,0.1007,2
2008-12-19,0.06454545454545454,0.2569090909090909,-0.40093636363636365,34.5,0.0762,2
2008-12-20,0.0,0.2538181818181818,-0.3709727272727273,34.11818181818182,0.0554,2
2008-12-21,0.03090909090909091,0.2554727272727273,-0.3912090909090909,34.690909090909095,0.1552,2
2008-12-22,0.08363636363636363,0.26183636363636364,-0.40917272727272724,34.40909090909091,0.0636,2
2008-12-23,0.07090909090909091,0.2496636363636364,-0.40980909090909096,34.17272727272728,0.063,2
2008-12-24,0.1763636363636364,0.24431818181818182,-0.3908545454545455,34.41818181818182,0.089,2
2008-12-25,0.060909090909090906,0.2553818181818182,-0.44536363636363635,34.59090909090909,0.1192,2
2008-12-26,0.002727272727272727,0.2539,-0.3763636363636364,34.99090909090909,0.0771,2
2008-12-27,0.0,0.25266363636363637,-0.4167181818181818,34.47272727272727,0.1034,2
2008-12-28,0.056363636363636366,0.24592727272727274,-0.41616363636363635,35.018181818181816,0.0861,2
2008-12-29,0.005454545454545454,0.23853636363636363,-0.36018181818181816,34.39090909090909,0.1085,2
2008-12-30,0.030000000000000002,0.24944545454545455,-0.36705454545454547,34.654545454545456,0.0877,2
2008-12-31,0.09181818181818181,0.2545909090909091,-0.39150909090909086,35.372727272727275,0.138,2
2009-01-01,0.07909090909090909,0.23873636363636364,-0.42100000000000004,34.96363636363637,0.0913,2
2009-01-02,0.05909090909090908,0.24247272727272726,-0.4209,34.63636363636363,0.0867,2
2009-01-03,0.15,0.2510454545454545,-0.40019999999999994,35.199999999999996,0.1308,2
2009-01-04,0.018181818181818184,0.2500090909090909,-0.4156636363636364,35.38181818181818,0.0933,2
2009-01-05,0.01636363636363636,0.23287272727272726,-0.4052,35.58181818181818,0.0835,2
2009-01-06,0.02909090909090909,0.23942727272727274,-0.35470909090909086,35.20909090909091,0.1235,2
2009-01-07,0.05454545454545454,0.23826363636363637,-0.3933,35.43636363636364,0.0963,2
2009-01-08,0.02,0.2331181818181818,-0.4375090909090909,35.32727272727273,0.059,2
2009-01-09,0.15363636363636363,0.24381818181818182,-0.3966545454545454,35.53636363636363,0.1172,2
2009-01-10,0.0,0.2333,-0.40709090909090906,35.53636363636363,0.1043,2
2009-01-11,0.011818181818181818,0.24410909090909091,-0.41899090909090914,35.85454545454545,0.0868,2
2009-01-12,0.0,0.23193636363636363,-0.39410909090909096,35.60909090909091,0.0815,2
2009-01-13,0.0009090909090909091,0.2441909090909091,-0.3754,35.654545454545456,0.0757,2
2009-01-14,0.0,0.24095454545454545,-0.39485454545454546,36.29090909090909,0.0847,2
2009-01-15,0.025454545454545455,0.23563636363636364,-0.3829181818181819,35.93636363636363,0.0257,2
2009-01-16,0.010909090909090908,0.23854545454545456,-0.4459727272727273,36.6,0.0584,2
2009-01-17,0.0,0.23207272727272726,-0.40444545454545455,35.96363636363637,0.0736,2
2009-01-18,0.0,0.24480000000000002,-0.41864545454545454,36.52727272727273,0.1016,2
2009-01-19,0.004545454545454546,0.2541454545454545,-0.39542727272727274,36.5,0.0675,2
2009-01-20,0.0,0.23182727272727274,-0.38011818181818186,36.81818181818182,0.1031,2
2009-01-21,0.0,0.25466363636363637,-0.3966727272727273,36.91818181818182,0.0972,2
2009-01-22,0.0,0.23771818181818183,-0.43401818181818186,36.50909090909091,0.1197,2
2009-01-23,0.05,0.24687272727272724,-0.37217272727272727,37.1,0.0854,2
2009-01-24,0.0,0.23594545454545457,-0.4020454545454546,37.31818181818182,0.0479,2
2009-01-25,0.15181818181818182,0.24542727272727272,-0.3996909090909091,36.73636363636364,0.0,2
2009-01-26,0.0,0.23019090909090908,-0.40916363636363634,36.72727272727273,0.0903,2
2009-01-27,0.22454545454545452,0.24047272727272728,-0.4150272727272727,37.00909090909091,0.0588,2
2009-01-28,0.0,0.23406363636363636,-0.36317272727272726,37.23636363636364,0.0885,2
2009-01-29,0.09090909090909091,0.23353636363636365,-0.4061181818181818,37.263636363636365,0.1267,2
2009-01-30,0.0,0.23596363636363638,-0.3710636363636363,37.40909090909091,0.0933,2
2009-01-31,0.15727272727272726,0.24604545454545457,-0.42555454545454546,38.14545454545455,0.0277,2
2009-02-01,0.03363636363636364,0.2524181818181818,-0.44859999999999994,37.872727272727275,0.1133,2
2009-02-02,0.0,0.2353090909090909,-0.38959999999999995,37.58181818181818,0.0865,2
2009-02-03,0.015454545454545455,0.2457,-0.3888909090909091,37.42727272727273,0.0441,2
2009-02-04,0.02909090909090909,0.2482,-0.3781727272727273,38.13636363636363,0.1103,2
2009-02-05,0.06909090909090909,0.2420181818181818,-0.41654545454545455,37.89090909090909,0.0784,2
2009-02-06,0.05909090909090909,0.23701818181818182,-0.3936181818181818,38.18181818181818,0.0245,2
2009-02-07,0.052727272727272734,0.2346,-0.4124909090909091,38.11818181818182,0.0468,2
2009-02-08,0.01909090909090909,0.2453909090909091,-0.3881454545454545,38.63636363636363,0.0481,2
2009-02-09,0.01636363636363636,0.24397272727272726,-0.4009727272727273,38.21818181818182,0.0757,2
2009-02-10,0.22545454545454546,0.24315454545454546,-0.40511818181818177,38.63636363636363,0.0654,2
2009-02-11,0.0,0.24036363636363636,-0.3895909090909091,38.627272727272725,0.0613,2
2009-02-12,0.0,0.24558181818181818,-0.3940909090909091,38.93636363636364,0.0546,2
2009-02-13,0.017272727272727273,0.23601818181818182,-0.38428181818181817,39.4,0.0403,2
2009-02-14,0.06545454545454545,0.2445090909090909,-0.4152818181818182,39.127272727272725,0.1109,2
2009-02-15,0.0,0.24279090909090909,-0.4153454545454545,39.03636363636363,0.0452,2
2009-02-16,0.0,0.24207272727272724,-0.37726363636363636,39.0,0.0936,2
2009-02-17,0.004545454545454546,0.23136363636363635,-0.3993,39.43636363636364,0.0579,2
2009-02-18,0.004545454545454546,0.2492,-0.3893090909090909,39.9,0.0791,2
2009-02-19,0.09272727272727273,0.2511909090909091,-0.3834363636363637,39.49090909090909,0.0149,2
2009-02-20,0.11272727272727273,0.23903636363636363,-0.4130181818181818,39.54545454545455,0.1184,2
2009-02-21,0.006363636363636364,0.2395090909090909,-0.37169090909090907,40.07272727272727,0.0046,2
2009-02-22,0.03636363636363637,0.23921818181818183,-0.39630000000000004,40.054545454545455,0.0472,2
2009-02-23,0.0,0.23695454545454545,-0.40373636363636367,40.06363636363636,0.0157,2
2009-02-24,0.0,0.24581818181818182,-0.41903636363636365,40.154545454545456,0.1052,2
2009-02-25,0.0,0.2388909090909091,-0.41195454545454546,40.372727272727275,0.0193,2
2009-02-26,0.06909090909090909,0.2362,-0.3970545454545455,40.24545454545454,0.0472,2
2009-02-27,0.0,0.23425454545454547,-0.3748090909090909,40.39090909090909,0.0556,2
2009-02-28,0.06181818181818182,0.2396727272727273,-0.39682727272727275,40.81818181818182,0.078,2
2009-03-01,0.0,0.24472727272727274,-0.4178545454545455,40.46363636363637,0.0086,2
2009-03-02,0.0,0.24266363636363633,-0.3832272727272727,40.95454545454545,0.0494,2
2009-03-03,0.0,0.24860909090909092,-0.41151818181818184,40.93636363636364,0.0123,2
2009-03-04,0.0,0.23224545454545453,-0.3884181818181818,41.00909090909091,0.0143,2
2009-03-05,0.0,0.24540000000000003,-0.3806181818181818,40.97272727272727,0.0207,2
2009-03-06,0.0018181818181818182,0.24718181818181817,-0.40262727272727267,40.93636363636364,0.0347,2
2009-03-07,0.0,0.24060000000000004,-0.4281181818181818,41.02727272727273,0.0108,2
2009-03-08,0.0,0.24174545454545457,-0.43455454545454547,41.22727272727273,0.0249,2
2009-03-09,0.0,0.24659090909090908,-0.3989181818181818,41.018181818181816,0.0713,2
2009-03-10,0.0,0.2297090909090909,-0.4144272727272727,41.336363636363636,0.0829,2
2009-03-11,0.0,0.24089090909090907,-0.3782,41.43636363636364,0.0544,2
2009-03-12,0.0009090909090909091,0.24621818181818184,-0.3865,41.300000000000004,0.0064,2
2009-03-13,0.0018181818181818182,0.2478818181818182,-0.4059,42.02727272727273,0.0,2
2009-03-14,0.0,0.24737272727272727,-0.3702727272727273,42.07272727272727,0.0087,2
2009-03-15,0.01,0.2379090909090909,-0.42607272727272727,42.10909090909091,0.0558,2
2009-03-16,0.0,0.24182727272727272,-0.4082545454545455,42.1,0.0,2
2009-03-17,0.0,0.2441727272727273,-0.4513090909090909,42.18181818181818,0.0469,2
2009-03-18,0.0,0.24530000000000002,-0.41191818181818185,42.13636363636363,0.0305,2
2009-03-19,0.0,0.24305454545454544,-0.4130090909090909,42.0,0.0493,2
2009-03-20,0.0,0.23300909090909092,-0.3774454545454546,42.20909090909091,0.0,2
2009-03-21,0.0009090909090909091,0.24609090909090908,-0.36519999999999997,42.35454545454545,0.0,2
2009-03-22,0.0018181818181818182,0.24637272727272724,-0.4061363636363637,42.25454545454546,0.028,2
2009-03-23,0.0,0.24772727272727274,-0.39792727272727274,42.4,0.0263,2
2009-03-24,0.0,0.24314545454545453,-0.3862818181818182,42.88181818181818,0.0374,2
2009-03-25,0.002727272727272727,0.24484545454545453,-0.38584545454545455,43.04545454545455,0.08,2
2009-03-26,0.0,0.23175454545454544,-0.3931636363636363,42.47272727272727,0.0509,2
2009-03-27,0.02,0.2383,-0.41204545454545455,43.07272727272727,0.0702,2
2009-03-28,0.0036363636363636364,0.24414545454545455,-0.41405454545454545,43.14545454545455,0.0,2
2009-03-29,0.005454545454545454,0.2413818181818182,-0.40987272727272733,43.25454545454546,0.013,2
2009-03-30,0.006363636363636364,0.24016363636363636,-0.4053818181818182,43.73636363636364,0.0219,2
2009-03-31,0.0,0.24385454545454543,-0.39480909090909094,43.04545454545455,0.0,2
2009-04-01,0.28,0.23454545454545456,-0.4047818181818182,43.39090909090909,0.0,2
2009-04-02,0.7190909090909091,0.2510272727272727,-0.3962,43.61818181818182,0.0368,2
2009-04-03,0.16181818181818183,0.23650000000000002,-0.4054818181818182,43.42727272727273,0.0506,2
2009-04-04,0.0,0.24313636363636365,-0.4043909090909091,43.70909090909091,0.001,2
2009-04-05,0.023636363636363636,0.24489090909090908,-0.43722727272727274,43.88181818181818,0.0423,2
2009-04-06,0.0,0.24647272727272726,-0.4028,43.39090909090909,0.0337,2
2009-04-07,1.4590909090909092,0.24193636363636364,-0.35350909090909094,44.07272727272727,0.0223,2
2009-04-08,1.220909090909091,0.24133636363636365,-0.3997545454545455,43.97272727272727,0.0621,2
2009-04-09,0.2863636363636364,0.25285454545454544,-0.4127818181818182,43.5,0.0,2
2009-04-10,0.0,0.2588,-0.3930727272727273,44.199999999999996,0.0063,2
2009-04-11,0.33454545454545453,0.2546,-0.3574909090909091,43.92727272727273,0.0,2
2009-04-12,2.49,0.24892727272727272,-0.3692272727272727,43.85454545454545,0.0603,2
2009-04-13,0.35000000000000003,0.2389181818181818,-0.3869727272727273,44.31818181818182,0.0746,2
2009-04-14,0.5754545454545454,0.24712727272727272,-0.3969818181818182,44.21818181818182,0.0579,2
2009-04-15,0.08545454545454545,0.24697272727272726,-0.3710636363636363,44.45454545454545,0.0323,2
2009-04-16,0.07636363636363636,0.23670909090909092,-0.37587272727272725,44.32727272727273,0.0198,2
2009-04-17,0.3,0.2375727272727273,-0.3620909090909091,44.199999999999996,0.0139,2
2009-04-18,0.6236363636363635,0.24934545454545454,-0.40138181818181823,44.39090909090909,0.0222,2
2009-04-19,0.11818181818181818,0.2566181818181818,-0.38163636363636366,44.56363636363636,0.0,2
2009-04-20,0.28,0.25815454545454547,-0.39410909090909096,44.47272727272727,0.0,2
2009-04-21,0.017272727272727273,0.26285454545454545,-0.4098272727272727,45.0,0.0,2
2009-04-22,0.03363636363636364,0.24730909090909092,-0.4172545454545455,44.9,0.0,2
2009-04-23,0.44272727272727275,0.24359090909090908,-0.39101818181818176,44.53636363636363,0.0,2
2009-04-24,0.44272727272727275,0.2436909090909091,-0.40927272727272723,44.627272727272725,0.0,2
2009-04-25,0.04363636363636363,0.2545636363636364,-0.39486363636363636,44.690909090909095,0.0226,2
2009-04-26,0.0890909090909091,0.25964545454545457,-0.3901727272727273,45.300000000000004,0.0,2
2009-04-27,0.03636363636363637,0.25415454545454547,-0.4243636363636364,44.91818181818182,0.011,2
2009-04-28,0.45,0.25726363636363636,-0.4372818181818182,44.699999999999996,0.0376,2
2009-04-29,0.9190909090909091,0.2708,-0.3900090909090909,45.054545454545455,0.0409,2
2009-04-30,0.5872727272727273,0.2574181818181818,-0.36508181818181823,45.163636363636364,0.0579,2
2009-05-01,0.4163636363636364,0.25440909090909086,-0.18293636363636365,45.190909090909095,0.0702,2
2009-05-02,1.1845454545454546,0.2739909090909091,-0.17282727272727272,44.74545454545454,0.0549,2
2009-05-03,1.002727272727273,0.2713,-0.1698,45.14545454545455,0.0362,2
2009-05-04,0.35818181818181816,0.25944545454545453,-0.18226363636363638,45.9,0.0509,2
2009-05-05,0.5590909090909091,0.25532727272727274,-0.16467272727272728,45.47272727272727,0.0769,2
2009-05-06,0.3718181818181818,0.2666363636363636,-0.17098181818181818,45.190909090909095,0.0225,2
2009-05-07,0.17454545454545453,0.26843636363636364,-0.1818,44.86363636363637,0.0543,2
2009-05-08,0.33545454545454545,0.26670909090909095,-0.1854818181818182,45.47272727272727,0.0224,2
2009-05-09,0.1981818181818182,0.26505454545454543,-0.17845454545454545,45.63636363636363,0.0,2
2009-05-10,0.1,0.2703272727272727,-0.17827272727272728,45.38181818181818,0.0073,2
2009-05-11,0.5345454545454545,0.2727636363636364,-0.17015454545454545,45.345454545454544,0.0582,2
2009-05-12,2.589090909090909,0.25629090909090907,-0.1544909090909091,45.38181818181818,0.0477,2
2009-05-13,0.39909090909090905,0.27394545454545455,-0.17686363636363636,45.09090909090909,0.0,2
2009-05-14,0.0,0.2696090909090909,-0.1698909090909091,45.1,0.0659,2
2009-05-15,0.8990909090909092,0.2762727272727273,-0.1553909090909091,45.45454545454545,0.1102,2
2009-05-16,1.9663636363636363,0.2720181818181818,-0.1433909090909091,45.872727272727275,0.1073,2
2009-05-17,0.14454545454545453,0.2782727272727273,-0.15696363636363636,46.190909090909095,0.0246,2
2009-05-18,2.7436363636363637,0.2863909090909091,-0.1552909090909091,45.45454545454545,0.0859,2
2009-05-19,0.8600000000000001,0.28264545454545453,-0.14845454545454545,45.47272727272727,0.084,2
2009-05-20,0.27090909090909093,0.2855,-0.1535181818181818,45.690909090909095,0.0448,2
2009-05-21,1.6727272727272726,0.29162727272727273,-0.14446363636363635,45.53636363636363,0.0811,2
2009-05-22,2.7172727272727273,0.2763363636363636,-0.1362818181818182,45.56363636363636,0.0452,2
2009-05-23,1.5563636363636364,0.2917636363636364,-0.14142727272727273,45.24545454545454,0.1141,2
2009-05-24,0.9318181818181818,0.29603636363636365,-0.13637272727272728,45.09090909090909,0.1082,2
2009-05-25,0.5727272727272728,0.30375454545454544,-0.15062727272727272,45.57272727272727,0.1117,2
2009-05-26,2.090909090909091,0.2986181818181818,-0.1125090909090909,45.41818181818182,0.0871,2
2009-05-27,6.091818181818183,0.30870000000000003,-0.08091818181818182,45.90909090909091,0.1192,1
2009-05-28,0.7354545454545455,0.3013090909090909,-0.1277818181818182,44.97272727272727,0.1018,2
2009-05-29,3.3445454545454543,0.31974545454545455,-0.10518181818181818,44.40909090909091,0.0676,1
2009-05-30,0.7336363636363636,0.30925454545454545,-0.11767272727272728,45.300000000000004,0.0905,1
2009-05-31,0.7245454545454546,0.30656363636363637,-0.1148181818181818,44.93636363636364,0.0457,1
2009-06-01,0.0,0.3201636363636364,-0.12186363636363637,45.67272727272727,0.0396,1
2009-06-02,4.398181818181818,0.32184545454545455,-0.0668909090909091,45.190909090909095,0.1331,2
2009-06-03,5.728181818181818,0.32655454545454543,-0.06266363636363637,45.38181818181818,0.0671,1
2009-06-04,3.1627272727272726,0.3277909090909091,-0.09473636363636363,45.0,0.0863,1
2009-06-05,1.1018181818181818,0.32676363636363637,-0.09244545454545455,44.981818181818184,0.1097,1
2009-06-06,1.3845454545454545,0.32981818181818184,-0.08110909090909091,45.49090909090909,0.0598,1
2009-06-07,4.055454545454546,0.3371818181818182,-0.05695454545454546,45.07272727272727,0.1238,1
2009-06-08,5.691818181818181,0.34085454545454547,-0.03958181818181818,44.74545454545454,0.1686,1
2009-06-09,2.2654545454545456,0.3604363636363636,-0.06774545454545454,45.28181818181818,0.1364,1
2009-06-10,6.407272727272726,0.3636090909090909,-0.025963636363636366,44.95454545454545,0.1264,1
2009-06-11,5.599090909090909,0.3700181818181818,-0.02691818181818182,45.10909090909091,0.1525,1
2009-06-12,5.422727272727273,0.3632454545454546,-0.00939090909090909,44.74545454545454,0.1978,1
2009-06-13,18.045454545454547,0.3698090909090909,0.0783909090909091,44.845454545454544,0.26,0
2009-06-14,9.48,0.3956181818181818,-0.006863636363636361,45.00909090909091,0.2389,1
2009-06-15,9.874545454545455,0.4118545454545455,0.038872727272727274,44.74545454545454,0.2202,1
2009-06-16,3.7790909090909093,0.4019727272727272,-0.020290909090909092,44.699999999999996,0.2427,1
2009-06-17,8.537272727272727,0.41368181818181815,0.034781818181818185,44.20909090909091,0.2624,0
2009-06-18,8.155454545454546,0.4330363636363636,0.04866363636363636,44.52727272727273,0.2693,0
2009-06-19,10.372727272727273,0.42913636363636365,0.061154545454545454,43.92727272727273,0.3274,0
2009-06-20,6.515454545454545,0.42804545454545456,0.04262727272727273,44.47272727272727,0.2826,0
2009-06-21,11.454545454545455,0.44741818181818177,0.06996363636363637,44.53636363636363,0.3001,1
2009-06-22,15.142727272727273,0.4608272727272727,0.10745454545454547,44.345454545454544,0.2861,0
2009-06-23,13.243636363636364,0.47617272727272725,0.10708181818181818,44.23636363636364,0.3046,0
2009-06-24,18.973636363636363,0.4832272727272727,0.12638181818181818,44.10909090909091,0.3332,1
2009-06-25,9.186363636363637,0.49016363636363636,0.09372727272727271,44.163636363636364,0.3455,0
2009-06-26,11.166363636363636,0.5000818181818182,0.1135090909090909,43.89090909090909,0.3288,0
2009-06-27,13.682727272727272,0.5023181818181818,0.14657272727272727,43.981818181818184,0.3481,0
2009-06-28,17.772727272727273,0.5197363636363637,0.17931818181818182,43.93636363636364,0.3557,0
2009-06-29,12.206363636363635,0.5450818181818181,0.14335454545454546,43.68181818181818,0.376,0
2009-06-30,23.137272727272727,0.5460545454545455,0.25177272727272726,43.445454545454545,0.4265,0
2009-07-01,21.99909090909091,0.5541181818181818,0.22253636363636364,43.199999999999996,0.4597,0
2009-07-02,12.142727272727273,0.5577454545454545,0.15636363636363634,43.31818181818182,0.4451,0
2009-07-03,34.482727272727274,0.5822090909090909,0.3214090909090909,43.46363636363637,0.5182,1
2009-07-04,17.39181818181818,0.5936545454545454,0.19185454545454544,43.25454545454546,0.5168,0
2009-07-05,12.93,0.608,0.17989999999999998,42.627272727272725,0.4887,0
2009-07-06,10.617272727272727,0.6170727272727272,0.16499090909090908,43.11818181818182,0.4681,0
2009-07-07,28.30181818181818,0.6234000000000001,0.23494545454545454,43.154545454545456,0.4946,0
2009-07-08,30.953636363636363,0.6376545454545455,0.2525090909090909,42.61818181818182,0.5273,0
2009-07-09,30.80454545454546,0.6474454545454545,0.2858181818181818,42.47272727272727,0.6469,0
2009-07-10,22.37818181818182,0.6476,0.25161818181818185,42.54545454545455,0.6596,0
2009-07-11,24.19636363636364,0.6651363636363636,0.29561818181818184,42.25454545454546,0.6183,0
2009-07-12,30.65090909090909,0.6767545454545455,0.3079181818181818,42.42727272727273,0.6293,0
2009-07-13,32.199999999999996,0.6811181818181818,0.31678181818181816,42.26363636363636,0.7565,0
2009-07-14,25.63090909090909,0.6923818181818182,0.2909909090909091,42.0,0.6703,0
2009-07-15,31.965454545454545,0.7067454545454546,0.33299999999999996,42.02727272727273,0.6719,0
2009-07-16,24.678181818181816,0.6999090909090909,0.2645,42.22727272727273,0.6861,0
2009-07-17,30.973636363636363,0.6999727272727273,0.36367272727272726,41.9,0.7242,0
2009-07-18,38.766363636363636,0.7075545454545454,0.3588090909090909,40.92727272727273,0.7665,1
2009-07-19,33.844545454545454,0.7126454545454546,0.37577272727272726,41.71818181818182,0.756,0
2009-07-20,30.10181818181818,0.7150363636363637,0.3697909090909091,41.06363636363636,0.6906,0
2009-07-21,55.13090909090909,0.7400363636363636,0.41382727272727277,40.91818181818182,0.7923,0
2009-07-22,38.652727272727276,0.7411363636363636,0.3750454545454545,41.06363636363636,0.7766,0
2009-07-23,34.89909090909091,0.7485363636363637,0.40345454545454545,40.59090909090909,0.7186,0
2009-07-24,45.666363636363634,0.7719363636363638,0.4596090909090909,40.699999999999996,0.7303,0
2009-07-25,22.318181818181817,0.7579999999999999,0.31614545454545456,40.74545454545454,0.7216,0
2009-07-26,36.78181818181818,0.7643818181818183,0.3918545454545455,40.309090909090905,0.7704,0
2009-07-27,30.91727272727273,0.7738818181818182,0.3647727272727273,40.56363636363636,0.7769,0
2009-07-28,53.19636363636364,0.7787181818181818,0.4626909090909091,39.93636363636364,0.743,0
2009-07-29,48.18727272727272,0.7732454545454547,0.4990272727272727,40.29090909090909,0.7567,0
2009-07-30,28.86636363636364,0.7847818181818181,0.3440909090909091,39.74545454545454,0.7417,0
2009-07-31,39.302727272727275,0.7878909090909091,0.40931818181818175,39.79090909090909,0.8108,0
2009-08-01,24.030909090909095,0.7894454545454545,0.3443909090909091,39.76363636363636,0.7004,0
2009-08-02,16.58727272727273,0.7866727272727272,0.2852727272727273,39.981818181818184,0.6992,0
2009-08-03,57.07090909090909,0.7958545454545455,0.3968909090909091,39.54545454545455,0.7878,0
2009-08-04,44.696363636363635,0.7871636363636363,0.41021818181818176,39.41818181818182,0.7531,0
2009-08-05,25.21181818181818,0.7982545454545454,0.38572727272727275,39.06363636363636,0.8042,0
2009-08-06,45.3609090909091,0.8003272727272727,0.4431545454545454,39.26363636363636,0.8331,0
2009-08-07,36.42454545454545,0.8084636363636364,0.4430818181818182,38.981818181818184,0.8187,0
2009-08-08,47.122727272727275,0.8184545454545454,0.4239909090909091,38.74545454545454,0.7548,0
2009-08-09,60.51363636363636,0.8127363636363637,0.42506363636363637,38.04545454545455,0.8236,0
2009-08-10,47.49545454545455,0.8046090909090909,0.5028090909090909,38.59090909090909,0.804,0
2009-08-11,23.187272727272727,0.8112636363636363,0.3191181818181818,39.054545454545455,0.7494,0
2009-08-12,14.177272727272726,0.8186636363636364,0.2630454545454545,38.72727272727273,0.7596,0
2009-08-13,21.94818181818182,0.8142,0.3072818181818182,37.92727272727273,0.7857,0
2009-08-14,41.404545454545456,0.8181636363636364,0.3482636363636364,38.07272727272727,0.7855,0
2009-08-15,31.08818181818182,0.823209090909091,0.2994454545454545,37.554545454545455,0.7464,0
2009-08-16,49.36454545454546,0.8192272727272727,0.43476363636363635,37.79090909090909,0.7845,0
2009-08-17,10.67909090909091,0.8182272727272728,0.19773636363636363,37.78181818181818,0.6911,0
2009-08-18,24.574545454545454,0.8285999999999999,0.2743272727272727,38.00909090909091,0.7005,0
2009-08-19,32.00272727272727,0.8231545454545455,0.34239090909090913,37.40909090909091,0.7767,0
2009-08-20,29.376363636363635,0.8321272727272727,0.25975454545454546,37.26363636363636,0.7935,0
2009-08-21,33.591818181818184,0.8190909090909091,0.3518454545454545,37.32727272727273,0.7625,0
2009-08-22,30.705454545454543,0.8280545454545454,0.25683636363636364,37.554545454545455,0.7356,0
2009-08-23,16.62818181818182,0.8275545454545454,0.22254545454545455,37.68181818181818,0.6463,0
2009-08-24,16.47909090909091,0.8262818181818182,0.20353636363636365,37.300000000000004,0.6672,0
2009-08-25,26.360909090909093,0.8327636363636365,0.28354545454545454,37.02727272727273,0.7459,0
2009-08-26,12.805454545454547,0.8246181818181818,0.18500000000000003,37.06363636363636,0.641,0
2009-08-27,25.205454545454543,0.8240727272727273,0.2692,36.872727272727275,0.6715,0
2009-08-28,14.861818181818181,0.8219181818181819,0.19725454545454546,37.10909090909091,0.6223,0
2009-08-29,15.676363636363636,0.8243909090909092,0.1685818181818182,36.90909090909091,0.5188,0
2009-08-30,18.613636363636363,0.8269909090909091,0.1386,36.836363636363636,0.5611,0
2009-08-31,5.196363636363636,0.8157636363636364,0.07261818181818182,37.054545454545455,0.5566,0
2009-09-01,6.9409090909090905,0.8178363636363636,0.08834545454545453,36.86363636363637,0.4767,0
2009-09-02,11.167272727272728,0.8173090909090909,0.1247090909090909,36.481818181818184,0.4575,0
2009-09-03,12.463636363636363,0.8182727272727273,0.12696363636363636,36.9,0.4282,0
2009-09-04,19.012727272727272,0.8171636363636363,0.1457090909090909,36.85454545454545,0.4509,0
2009-09-05,6.046363636363636,0.8073999999999999,0.057209090909090904,36.54545454545455,0.3711,0
2009-09-06,20.189999999999998,0.8231090909090909,0.10949090909090908,36.154545454545456,0.4206,0
2009-09-07,12.07272727272727,0.8069181818181819,0.11405454545454545,36.309090909090905,0.4201,0
2009-09-08,4.259090909090909,0.8052636363636364,0.014981818181818185,35.56363636363636,0.3651,0
2009-09-09,14.856363636363636,0.8018454545454545,0.11124545454545455,36.10909090909091,0.4444,0
2009-09-10,4.370909090909091,0.8019090909090909,0.0021909090909090936,36.77272727272727,0.4026,0
2009-09-11,7.055454545454546,0.7912909090909092,0.037490909090909096,36.20909090909091,0.3001,0
2009-09-12,24.376363636363635,0.7960454545454546,0.16866363636363635,36.32727272727273,0.4804,0
2009-09-13,4.4772727272727275,0.7892727272727273,-0.003727272727272725,36.29090909090909,0.3336,0
2009-09-14,7.249090909090909,0.7763363636363636,0.019318181818181818,35.627272727272725,0.3202,0
2009-09-15,4.713636363636364,0.7771999999999999,-0.030400000000000003,35.900000000000006,0.3127,0
2009-09-16,15.205454545454545,0.7753272727272728,0.08310000000000001,35.99090909090909,0.4229,0
2009-09-17,4.01,0.7743636363636365,-0.03823636363636363,36.199999999999996,0.3575,0
2009-09-18,8.265454545454546,0.7628909090909091,0.010663636363636363,35.41818181818182,0.3952,0
2009-09-19,4.856363636363636,0.7606,-0.03655454545454546,35.654545454545456,0.3525,0
2009-09-20,6.203636363636364,0.743309090909091,-0.021781818181818183,35.25454545454546,0.2834,0
2009-09-21,12.085454545454546,0.7430727272727272,0.03298181818181818,35.46363636363637,0.3359,0
2009-09-22,0.6972727272727273,0.7392363636363637,-0.08393636363636364,35.445454545454545,0.2918,0
2009-09-23,3.378181818181818,0.7279636363636364,-0.058754545454545455,35.25454545454546,0.2324,0
2009-09-24,3.291818181818182,0.7167818181818182,-0.06987272727272727,35.300000000000004,0.2576,0
2009-09-25,3.4536363636363636,0.7128,-0.06236363636363637,35.45454545454545,0.2376,0
2009-09-26,1.660909090909091,0.7020090909090909,-0.10350000000000001,35.36363636363637,0.1648,0
2009-09-27,0.12454545454545456,0.6783727272727273,-0.10364545454545455,35.00909090909091,0.1887,0
2009-09-28,1.1736363636363636,0.6603818181818182,-0.11081818181818183,35.0,0.1729,0
2009-09-29,3.8272727272727276,0.6585363636363636,-0.08507272727272727,34.86363636363637,0.2061,0
2009-09-30,0.0,0.6552636363636364,-0.11997272727272729,35.21818181818182,0.2011,0
2009-10-01,2.4054545454545457,0.6563272727272728,-0.10938181818181819,34.91818181818182,0.2658,0
2009-10-02,1.4563636363636363,0.6437454545454545,-0.11815454545454546,34.92727272727273,0.0861,0
2009-10-03,1.288181818181818,0.6278181818181818,-0.12624545454545455,34.61818181818182,0.1752,0
2009-10-04,1.9618181818181817,0.6214181818181818,-0.1273,34.70909090909091,0.1701,0
2009-10-05,3.0936363636363637,0.6128090909090909,-0.12934545454545454,34.627272727272725,0.1751,0
2009-10-06,1.399090909090909,0.5987090909090909,-0.1361090909090909,34.82727272727273,0.1722,0
2009-10-07,0.12272727272727274,0.5892090909090909,-0.1479,34.46363636363637,0.2142,0
2009-10-08,2.1154545454545453,0.5779727272727273,-0.1296,34.72727272727273,0.2097,0
2009-10-09,0.5645454545454546,0.5641545454545455,-0.14344545454545454,34.67272727272727,0.1503,0
2009-10-10,1.6454545454545455,0.5553545454545454,-0.1562181818181818,34.45454545454545,0.157,0
2009-10-11,0.0,0.5555545454545455,-0.16763636363636364,34.29090909090909,0.2156,0
2009-10-12,0.6927272727272727,0.5385636363636364,-0.15417272727272727,34.6,0.1312,0
2009-10-13,0.8181818181818182,0.5163363636363637,-0.1552090909090909,34.40909090909091,0.1484,0
2009-10-14,0.11272727272727273,0.5114909090909091,-0.16449999999999998,34.25454545454546,0.1467,1
2009-10-15,0.0,0.4987,-0.16210909090909092,34.38181818181818,0.1556,0
2009-10-16,0.82,0.4920363636363636,-0.1801818181818182,34.4,0.1732,0
2009-10-17,0.5927272727272727,0.4912909090909091,-0.16043636363636365,34.154545454545456,0.1532,0
2009-10-18,1.0372727272727273,0.47803636363636365,-0.16868181818181818,34.309090909090905,0.1515,0
2009-10-19,0.08545454545454545,0.46921818181818187,-0.15764545454545453,33.99090909090909,0.1961,0
2009-10-20,0.7963636363636364,0.4571545454545454,-0.1708090909090909,34.24545454545454,0.1463,1
2009-10-21,0.2809090909090909,0.4656,-0.1780909090909091,34.21818181818182,0.2196,1
2009-10-22,0.0,0.44480909090909093,-0.1636,34.190909090909095,0.132,1
2009-10-23,0.0,0.42765454545454545,-0.17636363636363636,33.845454545454544,0.2186,1
2009-10-24,0.08363636363636363,0.433809090909091,-0.17513636363636365,33.845454545454544,0.1813,1
2009-10-25,0.03272727272727272,0.42110000000000003,-0.18545454545454546,34.300000000000004,0.1891,1
2009-10-26,0.0,0.41717272727272725,-0.19733636363636364,33.93636363636364,0.1239,1
2009-10-27,0.15454545454545454,0.4089181818181818,-0.19254545454545455,33.59090909090909,0.1783,1
2009-10-28,0.19545454545454544,0.3996909090909091,-0.18349090909090912,33.68181818181818,0.1419,1
2009-10-29,0.45272727272727276,0.4118,-0.1767,33.45454545454545,0.1623,1
2009-10-30,0.0,0.39611818181818187,-0.1840818181818182,33.45454545454545,0.1698,1
2009-10-31,0.27,0.38740909090909087,-0.1822909090909091,33.96363636363637,0.0721,1
2009-11-01,0.0,0.3878818181818182,-0.39273636363636366,33.68181818181818,0.1052,1
2009-11-02,0.23999999999999996,0.3797727272727273,-0.39834545454545456,33.91818181818182,0.1213,1
2009-11-03,0.0,0.37848181818181814,-0.42012727272727274,34.06363636363636,0.0608,1
2009-11-04,0.0,0.36389090909090904,-0.3738090909090909,33.45454545454545,0.0632,1
2009-11-05,0.01636363636363636,0.3539909090909091,-0.3945272727272728,33.163636363636364,0.0859,2
2009-11-06,0.17363636363636362,0.36537272727272724,-0.4362727272727273,33.41818181818182,0.0382,1
2009-11-07,0.0,0.36527272727272725,-0.40540909090909094,33.73636363636364,0.1832,2
2009-11-08,0.0,0.3509,-0.3999636363636364,33.22727272727273,0.0813,2
2009-11-09,0.0,0.3564727272727273,-0.42379090909090905,33.07272727272727,0.1089,2
2009-11-10,0.0,0.3414363636363636,-0.39135454545454545,33.58181818181818,0.1302,1
2009-11-11,0.0,0.3437818181818182,-0.4019363636363636,33.627272727272725,0.1416,1
2009-11-12,0.018181818181818184,0.3457909090909091,-0.39503636363636363,33.518181818181816,0.1378,2
2009-11-13,0.0,0.3289454545454546,-0.3929272727272727,33.5,0.1461,2
2009-11-14,0.005454545454545454,0.32685454545454545,-0.3651818181818182,33.54545454545455,0.0689,2
2009-11-15,0.0,0.3156909090909091,-0.3941818181818182,32.89090909090909,0.1595,2
2009-11-16,0.007272727272727273,0.32399090909090905,-0.4104636363636364,33.20909090909091,0.1401,1
2009-11-17,0.0,0.31982727272727274,-0.4138727272727273,33.79090909090909,0.1023,2
2009-11-18,0.018181818181818184,0.30876363636363635,-0.41145454545454546,33.26363636363636,0.0627,2
2009-11-19,0.0,0.2969,-0.40742727272727275,33.29090909090909,0.1133,2
2009-11-20,0.01636363636363636,0.3069454545454546,-0.397,33.42727272727273,0.1426,2
2009-11-21,0.02090909090909091,0.3005181818181818,-0.3921818181818182,33.300000000000004,0.1505,2
2009-11-22,0.0,0.3112090909090909,-0.4139545454545454,33.52727272727273,0.1427,2
2009-11-23,0.0,0.30222727272727273,-0.41717272727272725,33.23636363636364,0.1179,2
2009-11-24,0.0,0.29956363636363637,-0.4420090909090909,33.25454545454546,0.1086,2
2009-11-25,0.0,0.3013181818181818,-0.4254545454545454,33.24545454545454,0.1335,2
2009-11-26,0.004545454545454546,0.2936,-0.3841545454545454,33.58181818181818,0.1166,2
2009-11-27,0.0,0.29406363636363636,-0.40965454545454544,33.53636363636364,0.1282,2
2009-11-28,0.0,0.2827181818181818,-0.368,33.57272727272727,0.071,2
2009-11-29,0.00818181818181818,0.28427272727272723,-0.37614545454545456,33.74545454545454,0.1277,2
2009-11-30,0.015454545454545455,0.2887181818181818,-0.3908,33.72727272727273,0.1125,2
2009-12-01,0.03636363636363637,0.2849272727272727,-0.4186363636363637,33.59090909090909,0.1181,2
2009-12-02,0.06727272727272728,0.2747454545454545,-0.38420909090909094,33.57272727272727,0.1058,2
2009-12-03,0.0,0.2823909090909091,-0.3892454545454545,33.42727272727273,0.1267,2
2009-12-04,0.006363636363636364,0.2736636363636364,-0.37944545454545453,33.81818181818182,0.0658,2
2009-12-05,0.013636363636363636,0.2783090909090909,-0.4137181818181819,33.35454545454545,0.1385,2
2009-12-06,0.0,0.2720818181818182,-0.4254909090909091,33.61818181818182,0.1001,2
2009-12-07,0.060909090909090906,0.27545454545454545,-0.40672727272727277,33.56363636363636,0.1594,2
2009-12-08,0.012727272727272728,0.2648909090909091,-0.40996363636363636,34.06363636363636,0.064,2
2009-12-09,0.14909090909090908,0.26656363636363634,-0.40395454545454546,33.64545454545455,0.1356,2
2009-12-10,0.0,0.26346363636363634,-0.4071,33.82727272727273,0.1373,2
2009-12-11,0.022727272727272728,0.27309999999999995,-0.40765454545454544,33.88181818181818,0.1355,2
2009-12-12,0.04454545454545455,0.2509272727272727,-0.44268181818181823,33.79090909090909,0.0992,2
2009-12-13,0.09181818181818181,0.2636090909090909,-0.4273090909090909,33.554545454545455,0.101,2
2009-12-14,0.17272727272727273,0.25894545454545453,-0.3809545454545455,33.800000000000004,0.0726,2
2009-12-15,0.07636363636363636,0.2686454545454545,-0.4025727272727273,33.981818181818184,0.0886,2
2009-12-16,0.0,0.2516090909090909,-0.41014545454545454,34.309090909090905,0.0845,2
2009-12-17,0.2490909090909091,0.26077272727272727,-0.3548636363636364,34.45454545454545,0.1386,2
2009-12-18,0.0,0.2509090909090909,-0.4305090909090909,34.081818181818186,0.0811,2
2009-12-19,0.017272727272727273,0.26324545454545456,-0.4274090909090909,34.163636363636364,0.0323,2
2009-12-20,0.006363636363636364,0.24108181818181817,-0.38457272727272723,34.26363636363636,0.0522,2
2009-12-21,0.09818181818181819,0.25614545454545457,-0.39788181818181817,34.690909090909095,0.1277,2
2009-12-22,0.018181818181818184,0.25177272727272726,-0.37477272727272726,34.24545454545454,0.0897,2
2009-12-23,0.06090909090909091,0.26227272727272727,-0.3759545454545455,34.154545454545456,0.0932,2
2009-12-24,0.0,0.25895454545454544,-0.43637272727272725,34.73636363636364,0.0804,2
2009-12-25,0.08,0.2680181818181818,-0.42672727272727273,34.49090909090909,0.1465,2
2009-12-26,0.0,0.2520727272727273,-0.4307181818181818,34.78181818181818,0.1695,2
2009-12-27,0.0,0.25021818181818184,-0.3905363636363636,34.72727272727273,0.0843,2
2009-12-28,0.07090909090909091,0.24750000000000003,-0.3915909090909091,34.518181818181816,0.0573,2
2009-12-29,0.01909090909090909,0.25922727272727275,-0.4110090909090909,35.22727272727273,0.0701,2
2009-12-30,0.0,0.2531818181818182,-0.39506363636363634,35.49090909090909,0.1305,2
2009-12-31,0.08090909090909092,0.25638181818181816,-0.4126909090909091,35.63636363636363,0.0647,2
2010-01-01,0.0,0.22414545454545456,-0.4150727272727273,34.68181818181818,0.0718,2
2010-01-02,0.07454545454545454,0.23308181818181817,-0.42505454545454546,34.99090909090909,0.1279,2
2010-01-03,0.0,0.2313909090909091,-0.3831545454545454,35.11818181818182,0.0851,2
2010-01-04,0.0,0.22807272727272726,-0.36322727272727273,34.88181818181818,0.0937,2
2010-01-05,0.0,0.2293909090909091,-0.4048454545454545,35.300000000000004,0.1609,2
2010-01-06,0.01,0.22775454545454546,-0.3619909090909091,35.29090909090909,0.1317,2
2010-01-07,0.0,0.22460000000000002,-0.3963545454545454,35.699999999999996,0.0626,2
2010-01-08,0.0,0.22793636363636363,-0.4203727272727273,35.836363636363636,0.1182,2
2010-01-09,0.018181818181818184,0.2349363636363636,-0.4098636363636363,35.03636363636363,0.1288,2
2010-01-10,0.006363636363636364,0.22884545454545455,-0.42251818181818185,35.45454545454545,0.1366,2
2010-01-11,0.0,0.2336,-0.38164545454545457,35.89090909090909,0.0993,2
2010-01-12,0.0,0.2188,-0.4376090909090909,35.78181818181818,0.0517,2
2010-01-13,0.060909090909090906,0.2427272727272727,-0.4011272727272727,36.17272727272727,0.067,2
2010-01-14,0.0,0.24292727272727274,-0.38880909090909094,36.018181818181816,0.0894,2
2010-01-15,0.0,0.23266363636363635,-0.43416363636363636,35.945454545454545,0.0511,2
2010-01-16,0.0,0.2192181818181818,-0.39223636363636366,36.054545454545455,0.0727,2
2010-01-17,0.0,0.23105454545454543,-0.43331818181818177,36.163636363636364,0.0732,2
2010-01-18,0.0,0.22894545454545456,-0.3756272727272727,36.58181818181818,0.1152,2
2010-01-19,0.01818181818181818,0.23549090909090908,-0.4188454545454545,36.163636363636364,0.097,2
2010-01-20,0.0,0.23855454545454544,-0.3984363636363637,36.88181818181818,0.0791,2
2010-01-21,0.0,0.23170000000000002,-0.40958181818181816,36.68181818181818,0.1106,2
2010-01-22,0.056363636363636366,0.2408636363636364,-0.3742090909090909,36.53636363636363,0.1286,2
2010-01-23,0.03090909090909091,0.22771818181818182,-0.40838181818181823,36.61818181818182,0.0734,2
2010-01-24,0.0,0.2328,-0.3891454545454545,37.0,0.059,2
2010-01-25,0.1890909090909091,0.2339909090909091,-0.3573545454545454,37.18181818181818,0.0657,2
2010-01-26,0.0,0.24311818181818182,-0.39867272727272723,37.47272727272727,0.0486,2
2010-01-27,0.025454545454545455,0.23092727272727273,-0.4096090909090909,37.418181818181814,0.0814,2
2010-01-28,0.03636363636363637,0.2368818181818182,-0.3982090909090909,37.52727272727273,0.0426,2
2010-01-29,0.1290909090909091,0.22993636363636363,-0.38949999999999996,37.336363636363636,0.0722,2
2010-01-30,0.0,0.23916363636363638,-0.3701636363636363,37.61818181818182,0.072,2
2010-01-31,0.0,0.2295090909090909,-0.4223909090909091,37.77272727272727,0.0449,2
2010-02-01,0.0,0.24271818181818183,-0.38330909090909093,37.92727272727273,0.0677,2
2010-02-02,0.023636363636363636,0.23126363636363634,-0.4340363636363636,37.61818181818182,0.0841,2
2010-02-03,0.0,0.2412181818181818,-0.4405090909090909,37.93636363636364,0.058,2
2010-02-04,0.007272727272727273,0.23976363636363637,-0.3980727272727273,38.163636363636364,0.097,2
2010-02-05,0.05818181818181818,0.23488181818181816,-0.3634090909090909,38.04545454545455,0.0867,2
2010-02-06,0.05909090909090909,0.2295090909090909,-0.41912727272727274,37.86363636363637,0.0266,2
2010-02-07,0.05545454545454545,0.24595454545454543,-0.35544545454545456,38.127272727272725,0.0294,2
2010-02-08,0.01636363636363636,0.22917272727272728,-0.37024545454545454,38.6,0.0533,2
2010-02-09,0.17181818181818184,0.2419181818181818,-0.4092363636363636,38.699999999999996,0.0625,2
2010-02-10,0.009090909090909092,0.21803636363636364,-0.4113545454545454,38.85454545454545,0.0526,2
2010-02-11,0.07090909090909091,0.22704545454545455,-0.40291818181818184,38.518181818181816,0.1083,2
2010-02-12,0.07818181818181819,0.23703636363636366,-0.3714272727272727,38.90909090909091,0.0391,2
2010-02-13,0.0,0.2325,-0.3815181818181818,39.13636363636363,0.0766,2
2010-02-14,0.07272727272727274,0.2372,-0.43015454545454546,38.98181818181818,0.0241,2
2010-02-15,0.0,0.22572727272727275,-0.3717181818181818,38.79090909090909,0.0811,2
2010-02-16,0.056363636363636366,0.2378,-0.4187818181818182,39.054545454545455,0.079,2
2010-02-17,0.0,0.23415454545454548,-0.40816363636363634,39.68181818181818,0.0615,2
2010-02-18,0.0,0.23699090909090909,-0.39532727272727275,39.199999999999996,0.0441,2
2010-02-19,0.06454545454545454,0.24015454545454543,-0.4107818181818182,39.518181818181816,0.0864,2
2010-02-20,0.04,0.22388181818181818,-0.4183454545454545,39.60909090909091,0.0355,2
2010-02-21,0.0,0.2433181818181818,-0.4302818181818182,39.96363636363637,0.02,2
2010-02-22,0.034545454545454546,0.22814545454545454,-0.43271818181818184,40.154545454545456,0.0431,2
2010-02-23,0.02090909090909091,0.23830909090909091,-0.40295454545454545,39.699999999999996,0.0842,2
2010-02-24,0.0,0.23418181818181819,-0.40397272727272726,39.90909090909091,0.0436,2
2010-02-25,0.004545454545454546,0.23581818181818182,-0.4232818181818182,40.29090909090909,0.061,2
2010-02-26,0.0990909090909091,0.23709999999999998,-0.4004,40.21818181818182,0.0522,2
2010-02-27,0.0,0.2266,-0.36554545454545456,40.06363636363636,0.0693,2
2010-02-28,0.034545454545454546,0.2256909090909091,-0.4145,40.28181818181818,0.0572,2
2010-03-01,0.0,0.2215272727272727,-0.3922272727272727,40.627272727272725,0.0407,2
2010-03-02,0.0,0.22295454545454546,-0.41547272727272727,40.46363636363637,0.0601,2
2010-03-03,0.0,0.23273636363636363,-0.4021363636363636,40.50909090909091,0.0572,2
2010-03-04,0.0009090909090909091,0.23087272727272729,-0.3854545454545455,40.85454545454545,0.06,2
2010-03-05,0.0018181818181818182,0.23064545454545457,-0.3964181818181818,41.04545454545455,0.0179,2
2010-03-06,0.0,0.2293181818181818,-0.4237636363636364,41.345454545454544,0.0378,2
2010-03-07,0.0009090909090909091,0.23129999999999998,-0.4370090909090909,41.06363636363636,0.0979,2
2010-03-08,0.0,0.22873636363636363,-0.39261818181818176,41.17272727272727,0.0249,2
2010-03-09,0.0,0.2324090909090909,-0.3996,41.663636363636364,0.0119,2
2010-03-10,0.0,0.2361,-0.4127545454545455,41.36363636363637,0.0661,2
2010-03-11,0.0,0.22889090909090906,-0.40958181818181816,41.47272727272727,0.0318,2
2010-03-12,0.0,0.23608181818181817,-0.37826363636363636,41.96363636363637,0.0513,2
2010-03-13,0.0009090909090909091,0.23301818181818182,-0.3690818181818182,41.50909090909091,0.0031,2
2010-03-14,0.0,0.23981818181818182,-0.40552727272727274,41.58181818181818,0.0487,2
2010-03-15,0.0009090909090909091,0.22915454545454547,-0.3567,41.981818181818184,0.0315,2
2010-03-16,0.0,0.2265090909090909,-0.4149181818181818,41.800000000000004,0.0359,2
2010-03-17,0.0018181818181818182,0.2343727272727273,-0.40264545454545453,42.300000000000004,0.0284,2
2010-03-18,0.0,0.23605454545454546,-0.4304727272727273,42.127272727272725,0.0113,2
2010-03-19,0.0027272727272727275,0.2288818181818182,-0.3996272727272727,42.199999999999996,0.0,2
2010-03-20,0.0,0.2301,-0.4304454545454545,42.554545454545455,0.0009,2
2010-03-21,0.0,0.22740909090909092,-0.3945727272727273,42.02727272727273,0.0287,2
2010-03-22,0.0009090909090909091,0.2417818181818182,-0.4082454545454546,42.81818181818182,0.0146,2
2010-03-23,0.0,0.22621818181818182,-0.4099272727272727,42.31818181818182,0.0045,2
2010-03-24,0.0,0.2382,-0.38578181818181817,43.03636363636363,0.009,2
2010-03-25,0.00909090909090909,0.2396,-0.36803636363636366,42.70909090909091,0.0418,2
2010-03-26,0.0036363636363636364,0.2316272727272727,-0.4081727272727273,42.945454545454545,0.0364,2
2010-03-27,0.0,0.2289818181818182,-0.41674545454545453,42.663636363636364,0.0209,2
2010-03-28,0.0,0.22887272727272726,-0.41318181818181815,42.73636363636364,0.0051,2
2010-03-29,0.0,0.23593636363636364,-0.3937090909090909,43.372727272727275,0.058,2
2010-03-30,0.0,0.22380000000000003,-0.3952454545454545,43.11818181818182,0.0432,2
2010-03-31,0.030909090909090907,0.2377,-0.3792909090909091,43.00909090909091,0.0,2
2010-04-01,0.9290909090909092,0.2334272727272727,-0.38912727272727277,43.53636363636363,0.0301,2
2010-04-02,0.08545454545454545,0.24085454545454546,-0.3889909090909091,44.07272727272727,0.0382,2
2010-04-03,0.4772727272727273,0.24382727272727275,-0.4388,44.25454545454546,0.0192,2
2010-04-04,0.0,0.23167272727272728,-0.38733636363636365,44.11818181818182,0.0619,2
2010-04-05,0.2409090909090909,0.23803636363636366,-0.3844090909090909,43.654545454545456,0.0144,2
2010-04-06,0.056363636363636366,0.23425454545454547,-0.4049909090909091,43.81818181818182,0.0914,2
2010-04-07,0.44636363636363635,0.22927272727272727,-0.35446363636363637,44.163636363636364,0.0,2
2010-04-08,0.0,0.23075454545454546,-0.40317272727272724,44.21818181818182,0.0,2
2010-04-09,0.46090909090909093,0.2373909090909091,-0.41095454545454546,44.46363636363637,0.0,2
2010-04-10,0.28363636363636363,0.24052727272727273,-0.4002181818181818,44.59090909090909,0.0087,2
2010-04-11,0.0,0.23993636363636364,-0.3872818181818182,44.309090909090905,0.0382,2
2010-04-12,0.2818181818181818,0.23397272727272728,-0.4334545454545454,44.75454545454546,0.0294,2
2010-04-13,0.07636363636363636,0.23175454545454544,-0.3885090909090909,44.654545454545456,0.0258,2
2010-04-14,0.01,0.2360090909090909,-0.3764454545454546,44.40909090909091,0.0106,2
2010-04-15,0.3890909090909091,0.2331090909090909,-0.4254636363636364,44.78181818181818,0.0,2
2010-04-16,0.49090909090909096,0.2394909090909091,-0.4018818181818182,45.59090909090909,0.0256,2
2010-04-17,0.6727272727272727,0.24249090909090906,-0.38845454545454544,44.77272727272727,0.0546,2
2010-04-18,0.6763636363636363,0.24037272727272727,-0.37125454545454545,44.36363636363637,0.0408,2
2010-04-19,0.0,0.238,-0.3962454545454545,45.00909090909091,0.0343,2
2010-04-20,0.7000000000000001,0.23594545454545457,-0.38447272727272724,45.4,0.0,2
2010-04-21,0.7981818181818183,0.24514545454545456,-0.3527090909090909,45.38181818181818,0.0178,2
2010-04-22,0.0,0.24441818181818184,-0.3808818181818182,45.07272727272727,0.0747,2
2010-04-23,0.3390909090909091,0.24612727272727272,-0.4042727272727273,45.445454545454545,0.0,2
2010-04-24,0.3181818181818182,0.2368,-0.3714272727272727,44.68181818181818,0.0002,2
2010-04-25,0.75,0.24797272727272726,-0.3790454545454546,45.690909090909095,0.031,2
2010-04-26,0.3054545454545454,0.24265454545454546,-0.36769999999999997,45.45454545454545,0.0,2
2010-04-27,1.2590909090909093,0.23758181818181817,-0.37654545454545457,45.35454545454545,0.0075,2
2010-04-28,0.4963636363636363,0.24832727272727276,-0.3835545454545455,45.77272727272727,0.0035,2
2010-04-29,0.20363636363636364,0.24555454545454544,-0.3711727272727273,45.09090909090909,0.0378,2
2010-04-30,0.5945454545454546,0.24939999999999998,-0.4136818181818182,45.46363636363637,0.036,2
2010-05-01,0.2681818181818182,0.24354545454545456,-0.1889909090909091,45.23636363636364,0.0286,2
2010-05-02,0.4481818181818182,0.25295454545454543,-0.19474545454545453,45.42727272727273,0.0565,2
2010-05-03,0.8600000000000001,0.25366363636363637,-0.18539090909090908,45.72727272727273,0.0013,2
2010-05-04,0.41363636363636364,0.2615181818181818,-0.1800818181818182,45.79090909090909,0.0161,2
2010-05-05,0.6736363636363637,0.2470090909090909,-0.18095454545454545,45.481818181818184,0.0765,2
2010-05-06,0.30454545454545456,0.2539181818181818,-0.17845454545454545,45.56363636363636,0.0777,2
2010-05-07,0.4772727272727273,0.26105454545454543,-0.18678181818181816,45.809090909090905,0.0537,2
2010-05-08,0.22636363636363638,0.2511272727272727,-0.19275454545454543,45.76363636363636,0.0784,2
2010-05-09,0.4309090909090909,0.2616454545454545,-0.16885454545454545,45.58181818181818,0.065,2
2010-05-10,0.6509090909090909,0.2638090909090909,-0.18100000000000002,45.70909090909091,0.0466,2
2010-05-11,0.03363636363636364,0.2605272727272727,-0.17263636363636364,45.4,0.0069,2
2010-05-12,0.0,0.2667181818181818,-0.1738727272727273,45.981818181818184,0.0556,2
2010-05-13,0.40363636363636357,0.2680181818181818,-0.18643636363636365,45.199999999999996,0.0101,2
2010-05-14,3.32,0.2746636363636364,-0.14558181818181817,46.10909090909091,0.0312,2
2010-05-15,2.808181818181818,0.2702636363636364,-0.14431818181818182,45.54545454545455,0.0364,2
2010-05-16,0.17545454545454545,0.26803636363636363,-0.16536363636363635,45.981818181818184,0.0022,2
2010-05-17,1.6945454545454546,0.2609909090909091,-0.15914545454545453,45.73636363636364,0.0822,2
2010-05-18,0.44,0.27133636363636365,-0.17762727272727272,46.345454545454544,0.0014,2
2010-05-19,1.0072727272727273,0.2850181818181818,-0.15776363636363636,45.690909090909095,0.0603,2
2010-05-20,0.9918181818181818,0.2782909090909091,-0.15677272727272726,45.74545454545454,0.0536,2
2010-05-21,0.9854545454545455,0.26274545454545456,-0.1650090909090909,45.99090909090909,0.0966,2
2010-05-22,0.2727272727272727,0.2749727272727273,-0.1499181818181818,45.79090909090909,0.0871,2
2010-05-23,0.06545454545454545,0.27244545454545455,-0.16057272727272728,45.59090909090909,0.081,2
2010-05-24,2.6063636363636364,0.29105454545454545,-0.12162727272727274,45.60909090909091,0.02,2
2010-05-25,2.2245454545454546,0.27606363636363634,-0.13035454545454545,45.20909090909091,0.082,2
2010-05-26,0.21545454545454545,0.29363636363636364,-0.14725454545454544,45.345454545454544,0.0698,2
2010-05-27,2.5681818181818183,0.2818090909090909,-0.12128181818181819,45.67272727272727,0.0453,2
2010-05-28,1.8654545454545455,0.29024545454545453,-0.10976363636363637,45.10909090909091,0.1361,2
2010-05-29,0.8345454545454545,0.29311818181818183,-0.12813636363636363,45.654545454545456,0.0905,2
2010-05-30,0.5227272727272727,0.2989909090909091,-0.11854545454545455,45.91818181818182,0.126,1
2010-05-31,1.1027272727272726,0.28983636363636367,-0.11975454545454545,45.43636363636364,0.1036,2
2010-06-01,0.7400000000000001,0.3161454545454545,-0.103,46.09090909090909,0.1202,1
2010-06-02,2.1072727272727274,0.30357272727272727,-0.08852727272727273,45.57272727272727,0.0447,2
2010-06-03,1.689090909090909,0.3189727272727273,-0.10234545454545453,45.36363636363637,0.0819,1
2010-06-04,3.5354545454545456,0.30926363636363635,-0.08049090909090909,45.42727272727273,0.0221,2
2010-06-05,19.71,0.3280272727272727,-0.040081818181818184,45.35454545454545,0.1396,1
2010-06-06,21.767272727272726,0.33899090909090906,-0.010627272727272728,44.836363636363636,0.1915,0
2010-06-07,15.62,0.3341,-0.0526,45.71818181818182,0.2074,1
2010-06-08,20.635454545454543,0.3511818181818182,-0.040590909090909094,45.09090909090909,0.349,1
2010-06-09,19.724545454545453,0.3467363636363636,-0.02969090909090909,45.31818181818182,0.3372,1
2010-06-10,18.73090909090909,0.359,0.000372727272727272,44.981818181818184,0.4078,1
2010-06-11,23.73909090909091,0.37419090909090913,0.045009090909090915,45.309090909090905,0.3946,1
2010-06-12,6.253636363636364,0.36884545454545453,-0.010654545454545456,44.9,0.3735,1
2010-06-13,12.44818181818182,0.38339090909090906,0.042363636363636374,45.300000000000004,0.4041,1
2010-06-14,3.7345454545454544,0.3910363636363636,-0.03222727272727272,44.76363636363636,0.3374,1
2010-06-15,6.683636363636364,0.3971363636363636,0.015145454545454545,44.95454545454545,0.3315,0
2010-06-16,3.416363636363636,0.4017727272727273,-0.0030818181818181812,44.54545454545455,0.3219,1
2010-06-17,10.93090909090909,0.40880000000000005,0.055545454545454544,44.99090909090909,0.2551,1
2010-06-18,9.334545454545456,0.41668181818181815,0.048045454545454544,45.11818181818182,0.2842,0
2010-06-19,9.399090909090908,0.40950000000000003,0.04135454545454545,44.92727272727273,0.2351,0
2010-06-20,8.52909090909091,0.4277454545454545,0.055154545454545456,44.39090909090909,0.2371,0
2010-06-21,17.295454545454547,0.43369090909090907,0.14956363636363634,44.800000000000004,0.3678,0
2010-06-22,8.486363636363636,0.4527181818181818,0.050618181818181826,43.92727272727273,0.2682,0
2010-06-23,9.44090909090909,0.4439090909090909,0.05766363636363636,44.28181818181818,0.2862,1
2010-06-24,12.035454545454543,0.46058181818181815,0.09780909090909091,43.918181818181814,0.32,1
2010-06-25,11.82909090909091,0.4681272727272727,0.11180909090909091,44.481818181818184,0.2796,1
2010-06-26,18.361818181818183,0.48984545454545453,0.15589090909090908,44.07272727272727,0.3718,0
2010-06-27,23.40727272727273,0.48825454545454544,0.19317272727272725,43.79090909090909,0.4258,0
2010-06-28,15.13,0.5155,0.09883636363636362,44.054545454545455,0.3575,0
2010-06-29,23.414545454545454,0.5222272727272728,0.1547090909090909,43.72727272727273,0.4411,0
2010-06-30,33.02272727272727,0.538,0.192,43.02727272727273,0.5659,0
2010-07-01,45.776363636363634,0.5516818181818182,0.2687727272727273,43.54545454545455,0.6145,0
2010-07-02,23.55636363636364,0.5655818181818182,0.25394545454545453,43.163636363636364,0.6215,1
2010-07-03,23.730909090909094,0.5863636363636364,0.2277909090909091,43.663636363636364,0.621,1
2010-07-04,9.785454545454545,0.5793727272727273,0.14149090909090908,43.00909090909091,0.6287,0
2010-07-05,15.80181818181818,0.5911727272727273,0.19759090909090907,43.04545454545455,0.6223,0
2010-07-06,19.862727272727273,0.6126454545454545,0.2213181818181818,42.71818181818182,0.5932,0
2010-07-07,25.96,0.6142090909090909,0.24415454545454549,42.872727272727275,0.5475,0
2010-07-08,17.44363636363636,0.6300818181818182,0.22789090909090912,42.54545454545455,0.5276,0
2010-07-09,18.87636363636364,0.6369363636363636,0.2053,42.88181818181818,0.4714,0
2010-07-10,26.153636363636362,0.6375363636363637,0.30074545454545454,42.71818181818182,0.59,0
2010-07-11,28.208181818181814,0.6587181818181818,0.30819090909090907,42.37272727272727,0.5468,0
2010-07-12,28.389090909090907,0.6655636363636364,0.3155545454545455,42.127272727272725,0.5736,0
2010-07-13,23.404545454545453,0.6556272727272727,0.28650909090909094,42.12727272727273,0.671,0
2010-07-14,27.863636363636363,0.6656181818181818,0.2591272727272727,42.12727272727273,0.601,0
2010-07-15,33.805454545454545,0.6831181818181817,0.3196727272727273,42.04545454545455,0.69,0
2010-07-16,18.972727272727273,0.6836090909090909,0.2840909090909091,41.699999999999996,0.6815,0
2010-07-17,34.550909090909094,0.6801727272727273,0.28648181818181817,42.10909090909091,0.6861,0
2010-07-18,39.35454545454545,0.6987636363636364,0.39953636363636363,41.67272727272727,0.7313,0
2010-07-19,26.16090909090909,0.6983090909090909,0.3436363636363637,41.46363636363636,0.7278,0
2010-07-20,31.96090909090909,0.7105363636363636,0.3588181818181818,41.154545454545456,0.7293,0
2010-07-21,42.268181818181816,0.7039545454545455,0.3783454545454545,40.99090909090909,0.7532,0
2010-07-22,38.28909090909091,0.715809090909091,0.40349090909090907,41.24545454545454,0.7144,0
2010-07-23,44.49454545454545,0.7300545454545454,0.39603636363636363,40.96363636363637,0.7889,0
2010-07-24,40.64181818181818,0.7248181818181818,0.3930909090909091,40.699999999999996,0.7599,0
2010-07-25,30.270909090909093,0.7325454545454545,0.31615454545454547,40.70909090909091,0.7631,0
2010-07-26,39.57363636363636,0.7350454545454546,0.41400000000000003,40.41818181818182,0.7612,0
2010-07-27,33.945454545454545,0.7371272727272727,0.41002727272727274,40.14545454545455,0.8156,0
2010-07-28,38.408181818181816,0.7401727272727272,0.31430909090909087,40.336363636363636,0.7761,0
2010-07-29,47.51636363636363,0.7454272727272727,0.40448181818181816,39.92727272727273,0.7542,0
2010-07-30,24.94636363636364,0.7424636363636363,0.36820909090909093,39.845454545454544,0.8039,0
2010-07-31,52.77181818181818,0.7543454545454545,0.44074545454545455,39.627272727272725,0.7439,0
2010-08-01,61.73454545454546,0.7613090909090908,0.44249999999999995,40.24545454545454,0.7756,0
2010-08-02,37.77454545454546,0.7557636363636363,0.3705636363636364,39.71818181818182,0.7304,0
2010-08-03,33.85,0.7684090909090909,0.3709818181818182,39.481818181818184,0.7688,0
2010-08-04,37.01272727272727,0.7622545454545455,0.41014545454545454,39.45454545454545,0.7338,0
2010-08-05,40.40909090909091,0.7664545454545454,0.3350090909090909,39.17272727272727,0.7488,0
2010-08-06,40.99272727272727,0.771109090909091,0.4078545454545454,38.47272727272727,0.7347,0
2010-08-07,31.05636363636364,0.7883545454545455,0.3730636363636364,39.190909090909095,0.7404,0
2010-08-08,33.43454545454545,0.7712090909090908,0.37226363636363635,39.04545454545455,0.7404,0
2010-08-09,42.39818181818182,0.7695909090909091,0.3901090909090909,38.9,0.7174,0
2010-08-10,32.372727272727275,0.7747727272727274,0.3740272727272727,38.75454545454546,0.7216,0
2010-08-11,23.23818181818182,0.7743636363636365,0.2730181818181818,38.28181818181818,0.6963,0
2010-08-12,24.479090909090907,0.7760636363636363,0.2816272727272727,38.19090909090909,0.7186,0
2010-08-13,31.269999999999996,0.7895818181818182,0.3149727272727273,38.054545454545455,0.819,0
2010-08-14,35.401818181818186,0.7899727272727273,0.3992545454545455,37.9,0.7838,0
2010-08-15,23.624545454545455,0.791409090909091,0.3265818181818182,38.31818181818182,0.7724,0
2010-08-16,20.400909090909092,0.7919909090909091,0.2589727272727273,38.32727272727273,0.7487,0
2010-08-17,23.03181818181818,0.7908818181818181,0.29885454545454543,38.04545454545455,0.7103,0
2010-08-18,13.187272727272727,0.7888181818181818,0.22137272727272725,38.06363636363636,0.6463,0
2010-08-19,33.400909090909096,0.7929272727272728,0.3285909090909091,37.82727272727273,0.7305,0
2010-08-20,32.809090909090905,0.8003181818181818,0.2932090909090909,38.127272727272725,0.7375,0
2010-08-21,6.1,0.7871636363636363,0.13149090909090907,37.57272727272727,0.5915,0
2010-08-22,33.06363636363636,0.7903818181818182,0.2936818181818182,37.13636363636363,0.6481,0
2010-08-23,30.16727272727273,0.7950272727272728,0.2978454545454545,37.372727272727275,0.659,0
2010-08-24,22.702727272727273,0.7964454545454545,0.25320000000000004,37.72727272727273,0.6767,0
2010-08-25,13.69,0.8016545454545455,0.17396363636363635,37.14545454545455,0.6799,0
2010-08-26,26.182727272727274,0.7935181818181818,0.2604181818181818,37.06363636363636,0.6336,0
2010-08-27,30.63272727272727,0.7955000000000001,0.2651454545454545,36.945454545454545,0.599,0
2010-08-28,21.983636363636364,0.7906545454545455,0.20337272727272726,36.70909090909091,0.6714,0
2010-08-29,16.80545454545455,0.7939272727272727,0.17686363636363636,36.836363636363636,0.5947,0
2010-08-30,19.695454545454545,0.7879090909090909,0.19184545454545454,36.75454545454546,0.6114,0
2010-08-31,15.98,0.7946545454545455,0.17881818181818182,36.75454545454546,0.5478,0
2010-09-01,16.525454545454547,0.7927454545454545,0.17001818181818182,36.41818181818182,0.6401,0
2010-09-02,19.329090909090908,0.7914636363636363,0.13633636363636364,36.76363636363636,0.5378,0
2010-09-03,17.71818181818182,0.788690909090909,0.1846909090909091,36.53636363636363,0.5551,0
2010-09-04,13.524545454545454,0.7809363636363638,0.13770909090909092,37.03636363636363,0.5203,0
2010-09-05,7.828181818181818,0.7903272727272728,0.08271818181818182,36.29090909090909,0.4758,0
2010-09-06,9.120909090909091,0.7825727272727273,0.08806363636363636,36.627272727272725,0.4086,0
2010-09-07,12.437272727272727,0.7841363636363637,0.06775454545454546,36.372727272727275,0.4469,0
2010-09-08,10.475454545454546,0.7809,0.07131818181818182,36.336363636363636,0.4389,0
2010-09-09,6.568181818181818,0.7780818181818181,0.04328181818181818,36.163636363636364,0.3685,0
2010-09-10,12.55090909090909,0.7806090909090909,0.07977272727272727,36.38181818181818,0.4058,0
2010-09-11,29.80818181818182,0.7759818181818182,0.18619090909090907,35.96363636363637,0.4358,0
2010-09-12,11.84818181818182,0.7722636363636363,0.06246363636363637,36.17272727272727,0.4097,0
2010-09-13,2.820909090909091,0.7526545454545454,-0.024045454545454547,35.95454545454545,0.3709,0
2010-09-14,11.20909090909091,0.7633181818181818,0.0567,35.91818181818182,0.4286,0
2010-09-15,11.324545454545456,0.759,0.04576363636363636,36.21818181818182,0.3659,0
2010-09-16,2.100909090909091,0.7571545454545454,-0.04320909090909091,35.36363636363637,0.3993,0
2010-09-17,4.420000000000001,0.7498818181818181,-0.022481818181818183,35.699999999999996,0.388,0
2010-09-18,2.6745454545454543,0.7428636363636364,-0.048854545454545456,36.07272727272727,0.2575,0
2010-09-19,9.02090909090909,0.7449363636363636,0.007972727272727272,35.85454545454545,0.2758,0
2010-09-20,2.3172727272727274,0.7326454545454546,-0.06451818181818182,35.46363636363637,0.2492,0
2010-09-21,12.18,0.7311181818181819,0.015445454545454547,35.68181818181818,0.325,0
2010-09-22,3.3672727272727276,0.7145636363636364,-0.04502727272727273,35.04545454545455,0.2522,0
2010-09-23,2.7509090909090905,0.7143999999999999,-0.07384545454545455,35.18181818181818,0.221,0
2010-09-24,6.397272727272727,0.709,-0.03061818181818182,36.018181818181816,0.254,0
2010-09-25,2.5399999999999996,0.7074818181818182,-0.08773636363636364,35.08181818181818,0.2295,0
2010-09-26,3.688181818181818,0.7016090909090908,-0.07185454545454545,35.67272727272727,0.2195,0
2010-09-27,0.12181818181818183,0.6834181818181818,-0.11013636363636364,34.96363636363637,0.256,0
2010-09-28,4.480909090909091,0.6771727272727273,-0.06821818181818182,35.345454545454544,0.2624,0
2010-09-29,2.936363636363636,0.6593272727272728,-0.09672727272727273,35.32727272727273,0.2237,0
2010-09-30,3.891818181818182,0.6569545454545455,-0.07776363636363637,35.24545454545454,0.2589,0
2010-10-01,1.1554545454545455,0.6444,-0.10763636363636363,35.23636363636364,0.1631,0
2010-10-02,3.2427272727272727,0.6345,-0.09555454545454545,34.96363636363637,0.1867,0
2010-10-03,1.2554545454545456,0.6191818181818182,-0.1142,35.1,0.2291,0
2010-10-04,1.49,0.6064090909090909,-0.12556363636363635,35.09090909090909,0.1409,0
2010-10-05,0.740909090909091,0.5973090909090909,-0.13164545454545454,34.50909090909091,0.1718,0
2010-10-06,0.47363636363636363,0.5801181818181819,-0.12327272727272728,34.627272727272725,0.1481,0
2010-10-07,0.5218181818181818,0.5735363636363636,-0.14603636363636363,34.163636363636364,0.1938,0
2010-10-08,0.56,0.570209090909091,-0.14295454545454545,35.07272727272727,0.1779,0
2010-10-09,0.13636363636363635,0.5639454545454545,-0.15351818181818183,34.56363636363636,0.1081,0
2010-10-10,0.7827272727272727,0.54,-0.1436909090909091,34.18181818181818,0.1387,0
2010-10-11,0.8509090909090908,0.5219090909090909,-0.14154545454545453,34.82727272727273,0.1353,0
2010-10-12,1.0154545454545454,0.5080272727272728,-0.15116363636363636,34.13636363636363,0.1074,0
2010-10-13,0.5718181818181818,0.5038909090909091,-0.16487272727272725,34.21818181818182,0.1172,0
2010-10-14,0.2490909090909091,0.48808181818181817,-0.1533909090909091,34.60909090909091,0.1924,0
2010-10-15,0.0,0.48328181818181815,-0.17205454545454546,34.300000000000004,0.1816,0
2010-10-16,0.0,0.47357272727272726,-0.16851818181818182,34.58181818181818,0.1681,0
2010-10-17,0.0,0.4756272727272727,-0.15460000000000002,34.24545454545454,0.1594,0
2010-10-18,0.3781818181818182,0.46947272727272726,-0.1608272727272727,34.14545454545455,0.1416,0
2010-10-19,0.0,0.43895454545454543,-0.16943636363636363,34.199999999999996,0.1493,0
2010-10-20,0.4572727272727272,0.44722727272727275,-0.16155454545454545,34.09090909090909,0.1017,1
2010-10-21,0.73,0.4393,-0.17220000000000002,33.93636363636364,0.1219,0
2010-10-22,0.32636363636363636,0.42941818181818187,-0.1545181818181818,34.163636363636364,0.1554,1
2010-10-23,0.6727272727272727,0.4289545454545454,-0.16693636363636363,33.42727272727273,0.1577,1
2010-10-24,1.002727272727273,0.42030000000000006,-0.15410909090909092,33.918181818181814,0.1874,1
2010-10-25,0.09636363636363637,0.4083818181818181,-0.18325454545454545,33.872727272727275,0.1685,1
2010-10-26,0.0,0.4099909090909091,-0.18082727272727273,33.81818181818182,0.1433,1
2010-10-27,0.3836363636363636,0.38945454545454544,-0.17723636363636364,33.90909090909091,0.1648,1
2010-10-28,0.08636363636363636,0.3974272727272728,-0.18551818181818183,34.45454545454545,0.1033,1
2010-10-29,0.0,0.37476363636363635,-0.18849090909090907,33.663636363636364,0.1993,1
2010-10-30,0.0,0.39020000000000005,-0.18545454545454546,33.554545454545455,0.1308,1
2010-10-31,0.12181818181818183,0.3695,-0.17267272727272728,33.75454545454546,0.1663,1
2010-11-01,0.0,0.3778181818181818,-0.3728727272727273,33.88181818181818,0.1621,2
2010-11-02,0.024545454545454547,0.37428181818181816,-0.40195454545454545,33.95454545454545,0.0862,1
2010-11-03,0.12000000000000001,0.3538818181818182,-0.39808181818181815,33.79090909090909,0.1211,2
2010-11-04,0.0,0.3563818181818182,-0.4032636363636364,33.699999999999996,0.1909,1
2010-11-05,0.0,0.35113636363636364,-0.4033,33.82727272727273,0.1555,2
2010-11-06,0.0,0.3460090909090909,-0.3770454545454545,32.93636363636363,0.106,1
2010-11-07,0.02727272727272727,0.34845454545454546,-0.40240000000000004,33.70909090909091,0.1689,2
2010-11-08,0.0,0.3402181818181818,-0.39686363636363636,33.60909090909091,0.1221,2
2010-11-09,0.06545454545454545,0.3301727272727273,-0.3764454545454546,33.372727272727275,0.1402,1
2010-11-10,0.01909090909090909,0.3433,-0.3676363636363637,33.345454545454544,0.1645,1
2010-11-11,0.0,0.32134545454545455,-0.37810909090909095,33.40909090909091,0.1064,1
2010-11-12,0.0,0.32142727272727273,-0.4027454545454546,34.03636363636364,0.0847,2
2010-11-13,0.0,0.3142181818181818,-0.4075454545454545,33.47272727272727,0.0697,2
2010-11-14,0.0,0.32130909090909093,-0.3898454545454546,33.654545454545456,0.0979,2
2010-11-15,0.013636363636363636,0.3154090909090909,-0.40703636363636364,33.300000000000004,0.0849,2
2010-11-16,0.0,0.3183909090909091,-0.41151818181818184,33.50909090909091,0.1119,2
2010-11-17,0.03363636363636364,0.3026909090909091,-0.35001818181818184,33.43636363636364,0.1525,2
2010-11-18,0.009090909090909092,0.3035272727272727,-0.35854545454545456,33.336363636363636,0.0955,2
2010-11-19,0.03818181818181818,0.30323636363636364,-0.39823636363636367,33.41818181818182,0.1018,1
2010-11-20,0.012727272727272728,0.2958454545454545,-0.38844545454545454,33.42727272727273,0.1007,2
2010-11-21,0.00818181818181818,0.3067,-0.41069090909090905,33.372727272727275,0.0877,2
2010-11-22,0.0,0.29516363636363635,-0.4194909090909091,33.60909090909091,0.1029,2
2010-11-23,0.09,0.2947909090909091,-0.3723636363636364,32.71818181818182,0.1058,1
2010-11-24,0.035454545454545454,0.2854272727272727,-0.41902727272727275,33.85454545454546,0.1534,2
2010-11-25,0.010909090909090908,0.28512727272727273,-0.39983636363636366,33.5,0.1465,2
2010-11-26,0.0,0.2812363636363636,-0.39972727272727276,33.40909090909091,0.0935,2
2010-11-27,0.0,0.2841727272727273,-0.3893181818181818,33.54545454545455,0.1331,2
2010-11-28,0.0018181818181818182,0.2741818181818182,-0.40963636363636363,33.70909090909091,0.0958,2
2010-11-29,0.004545454545454546,0.26748181818181815,-0.3919727272727273,33.74545454545454,0.0928,2
2010-11-30,0.0,0.2704090909090909,-0.38249090909090905,33.70909090909091,0.0997,2
2010-12-01,0.0,0.2776090909090909,-0.42110909090909093,33.39090909090909,0.1105,2
2010-12-02,0.038181818181818185,0.26388181818181816,-0.39905454545454544,33.699999999999996,0.1075,2
2010-12-03,0.09181818181818181,0.2691909090909091,-0.4235454545454545,33.82727272727273,0.1198,2
2010-12-04,0.0,0.2837181818181818,-0.42274545454545454,33.60909090909091,0.0591,2
2010-12-05,0.034545454545454546,0.2615272727272728,-0.41798181818181823,33.04545454545455,0.0998,2
2010-12-06,0.0,0.2642818181818182,-0.36394545454545457,33.690909090909095,0.1437,2
2010-12-07,0.03818181818181818,0.2596,-0.38498181818181815,33.77272727272727,0.0745,2
2010-12-08,0.01,0.2657818181818182,-0.4230181818181818,33.76363636363636,0.1237,2
2010-12-09,0.08545454545454546,0.2544909090909091,-0.4049909090909091,33.57272727272727,0.1247,2
2010-12-10,0.0,0.26723636363636366,-0.4227,33.654545454545456,0.1218,2
2010-12-11,0.22454545454545452,0.2615181818181818,-0.3775454545454545,33.627272727272725,0.0505,2
2010-12-12,0.1918181818181818,0.2617545454545454,-0.3886727272727273,34.59090909090909,0.1067,2
2010-12-13,0.11363636363636363,0.25930000000000003,-0.41867272727272725,34.38181818181818,0.1256,2
2010-12-14,0.005454545454545454,0.2555090909090909,-0.3853909090909091,34.29090909090909,0.1232,2
2010-12-15,0.035454545454545454,0.24950909090909093,-0.3789818181818182,34.336363636363636,0.0706,2
2010-12-16,0.35090909090909095,0.2561909090909091,-0.39328181818181823,34.50909090909091,0.1171,2
2010-12-17,0.0,0.2462818181818182,-0.4286,33.60909090909091,0.0925,2
2010-12-18,0.053636363636363635,0.2525090909090909,-0.40190909090909094,33.68181818181818,0.1344,2
2010-12-19,0.0,0.2494727272727273,-0.38160909090909095,33.91818181818182,0.1094,2
2010-12-20,0.013636363636363636,0.25366363636363637,-0.4134818181818181,34.581818181818186,0.1085,2
2010-12-21,0.0,0.24839090909090908,-0.4014090909090909,34.54545454545455,0.1426,2
2010-12-22,0.022727272727272728,0.24368181818181817,-0.39979090909090914,34.22727272727273,0.125,2
2010-12-23,0.0,0.2500636363636364,-0.39109090909090904,34.190909090909095,0.1352,2
2010-12-24,0.10272727272727272,0.23842727272727274,-0.4010818181818182,34.445454545454545,0.1318,2
2010-12-25,0.01909090909090909,0.2328818181818182,-0.4235545454545454,34.654545454545456,0.0224,2
2010-12-26,0.0,0.24199090909090912,-0.39972727272727276,35.0,0.0916,2
2010-12-27,0.005454545454545454,0.23867272727272726,-0.3896636363636363,35.09090909090909,0.1059,2
2010-12-28,0.18181818181818182,0.2545363636363636,-0.4158636363636363,34.72727272727273,0.1102,2
2010-12-29,0.0,0.2489727272727273,-0.41330000000000006,34.97272727272727,0.1026,2
2010-12-30,0.04,0.2337272727272727,-0.39538181818181817,34.690909090909095,0.0935,2
2010-12-31,0.03090909090909091,0.24385454545454543,-0.39984545454545456,35.163636363636364,0.0922,2
2011-01-01,0.0,0.19541818181818182,-0.4280909090909091,35.190909090909095,0.1252,2
2011-01-02,0.023636363636363636,0.19478181818181817,-0.4112727272727273,35.163636363636364,0.1066,2
2011-01-03,0.0,0.1904727272727273,-0.40835454545454547,35.28181818181818,0.0739,2
2011-01-04,0.011818181818181818,0.1944909090909091,-0.4327727272727273,35.10909090909091,0.1608,2
2011-01-05,0.07272727272727272,0.19953636363636365,-0.37483636363636363,35.21818181818182,0.1372,2
2011-01-06,0.026363636363636363,0.1999090909090909,-0.3775272727272727,35.52727272727273,0.1136,2
2011-01-07,0.19545454545454544,0.18897272727272726,-0.3683181818181818,35.372727272727275,0.0879,2
2011-01-08,0.01909090909090909,0.1915181818181818,-0.37907272727272723,35.9,0.0962,2
2011-01-09,0.0,0.18476363636363635,-0.3845454545454545,35.163636363636364,0.0872,2
2011-01-10,0.006363636363636364,0.2042,-0.40104545454545454,36.018181818181816,0.1408,2
2011-01-11,0.0,0.19353636363636362,-0.4063363636363636,35.60909090909091,0.0659,2
2011-01-12,0.0018181818181818182,0.19058181818181819,-0.42189090909090904,36.018181818181816,0.1331,2
2011-01-13,0.0,0.18336363636363637,-0.44213636363636366,35.96363636363637,0.1078,2
2011-01-14,0.07181818181818182,0.18826363636363636,-0.38933636363636365,36.663636363636364,0.0715,2
2011-01-15,0.16,0.18724545454545452,-0.39692727272727274,35.58181818181818,0.0672,2
2011-01-16,0.02,0.1832818181818182,-0.4277909090909091,36.154545454545456,0.0663,2
2011-01-17,0.006363636363636364,0.1860090909090909,-0.40240000000000004,36.72727272727273,0.0983,2
2011-01-18,0.028181818181818183,0.19554545454545452,-0.40307272727272725,36.29090909090909,0.112,2
2011-01-19,0.018181818181818184,0.1942090909090909,-0.4056272727272727,36.26363636363636,0.0852,2
2011-01-20,0.0,0.18302727272727273,-0.3961454545454545,36.52727272727273,0.0494,2
2011-01-21,0.018181818181818184,0.18441818181818181,-0.4092909090909091,36.6,0.1333,2
2011-01-22,0.0,0.19612727272727273,-0.4021363636363636,36.699999999999996,0.0886,2
2011-01-23,0.16181818181818183,0.18826363636363636,-0.39517272727272723,36.690909090909095,0.0579,2
2011-01-24,0.045454545454545456,0.19788181818181816,-0.4068090909090909,37.018181818181816,0.059,2
2011-01-25,0.0,0.19180909090909093,-0.41553636363636365,37.1,0.0671,2
2011-01-26,0.0,0.1884,-0.39455454545454544,36.72727272727273,0.0788,2
2011-01-27,0.0009090909090909091,0.19636363636363638,-0.45068181818181813,37.39090909090909,0.0734,2
2011-01-28,0.18,0.20703636363636366,-0.40804545454545454,37.08181818181818,0.0921,2
2011-01-29,0.02090909090909091,0.18728181818181816,-0.41396363636363637,37.18181818181818,0.0852,2
2011-01-30,0.0,0.20624545454545454,-0.36608181818181823,37.58181818181818,0.0704,2
2011-01-31,0.16,0.18461818181818182,-0.42256363636363636,37.872727272727275,0.1229,2
2011-02-01,0.010909090909090908,0.1838727272727273,-0.38830000000000003,37.77272727272727,0.0551,2
2011-02-02,0.031818181818181815,0.1860909090909091,-0.39809090909090905,37.74545454545454,0.1055,2
2011-02-03,0.026363636363636363,0.19487272727272728,-0.43200909090909095,37.73636363636364,0.0937,2
2011-02-04,0.0,0.18016363636363636,-0.4183818181818182,38.28181818181818,0.0527,2
2011-02-05,0.005454545454545454,0.18367272727272727,-0.3839090909090909,37.85454545454545,0.0446,2
2011-02-06,0.10818181818181817,0.19154545454545452,-0.41042727272727275,38.27272727272727,0.0174,2
2011-02-07,0.0,0.1885272727272727,-0.35973636363636363,37.93636363636364,0.0785,2
2011-02-08,0.0,0.18700909090909093,-0.4174545454545454,38.154545454545456,0.0948,2
2011-02-09,0.07727272727272727,0.1864909090909091,-0.3876545454545454,38.53636363636363,0.0426,2
2011-02-10,0.02727272727272727,0.17805454545454544,-0.3765818181818182,38.24545454545454,0.0585,2
2011-02-11,0.0,0.19268181818181818,-0.4193818181818182,38.5,0.0688,2
2011-02-12,0.023636363636363636,0.1961090909090909,-0.4191090909090909,38.32727272727273,0.096,2
2011-02-13,0.0,0.1844272727272727,-0.42847272727272734,38.59090909090909,0.0912,2
2011-02-14,0.04454545454545455,0.19230909090909093,-0.39909090909090905,39.20909090909091,0.0212,2
2011-02-15,0.014545454545454545,0.19206363636363635,-0.4158454545454546,39.24545454545454,0.0733,2
2011-02-16,0.02727272727272727,0.18937272727272728,-0.3915363636363636,39.31818181818182,0.0533,2
2011-02-17,0.009090909090909092,0.18827272727272729,-0.38640909090909087,39.554545454545455,0.1141,2
2011-02-18,0.0,0.19126363636363636,-0.42643636363636356,39.481818181818184,0.0305,2
2011-02-19,0.09,0.1867,-0.4046818181818182,39.52727272727273,0.0904,2
2011-02-20,0.024545454545454547,0.19249090909090907,-0.37623636363636365,39.663636363636364,0.0083,2
2011-02-21,0.10545454545454545,0.1832272727272727,-0.40716363636363634,39.88181818181818,0.0393,2
2011-02-22,0.0,0.188,-0.3956090909090909,39.75454545454546,0.0877,2
2011-02-23,0.0,0.1838181818181818,-0.4113636363636364,39.95454545454545,0.0458,2
2011-02-24,0.0,0.18716363636363634,-0.38991818181818183,39.309090909090905,0.0739,2
2011-02-25,0.0,0.1979363636363636,-0.39396363636363635,39.872727272727275,0.083,2
2011-02-26,0.05999999999999999,0.1922818181818182,-0.4121,40.08181818181818,0.0916,2
2011-02-27,0.03636363636363637,0.18312727272727275,-0.41615454545454544,39.89090909090909,0.1051,2
2011-02-28,0.03636363636363637,0.1872090909090909,-0.3998181818181818,40.690909090909095,0.0056,2
2011-03-01,0.0009090909090909091,0.1912909090909091,-0.41669090909090906,40.699999999999996,0.0546,2
2011-03-02,0.0009090909090909091,0.19687272727272728,-0.3942727272727273,40.88181818181818,0.0664,2
2011-03-03,0.0,0.19021818181818181,-0.43747272727272724,40.981818181818184,0.0199,2
2011-03-04,0.0,0.18412727272727272,-0.40649090909090907,40.96363636363637,0.0287,2
2011-03-05,0.0,0.1883181818181818,-0.3968909090909091,41.02727272727273,0.0111,2
2011-03-06,0.0,0.1880818181818182,-0.4050636363636364,41.58181818181818,0.0313,2
2011-03-07,0.0,0.18176363636363638,-0.3901090909090909,41.31818181818182,0.0164,2
2011-03-08,0.0009090909090909091,0.1863272727272727,-0.3728363636363637,41.6,0.0063,2
2011-03-09,0.0,0.18427272727272728,-0.3975454545454546,41.25454545454546,0.0241,2
2011-03-10,0.0,0.1959818181818182,-0.3859818181818182,41.40909090909091,0.0388,2
2011-03-11,0.0,0.19896363636363637,-0.43922727272727274,41.43636363636364,0.0304,2
2011-03-12,0.0009090909090909091,0.1813909090909091,-0.40244545454545455,42.07272727272727,0.021,2
2011-03-13,0.0,0.18131818181818182,-0.4033181818181818,42.04545454545455,0.0317,2
2011-03-14,0.012727272727272728,0.19750000000000004,-0.3989636363636364,41.90909090909091,0.0099,2
2011-03-15,0.0,0.1899,-0.41259999999999997,41.82727272727273,0.0455,2
2011-03-16,0.002727272727272727,0.18772727272727271,-0.44522727272727275,42.18181818181818,0.048,2
2011-03-17,0.004545454545454546,0.1865181818181818,-0.38780000000000003,41.76363636363636,0.0,2
2011-03-18,0.004545454545454546,0.19126363636363636,-0.4071909090909091,42.4,0.0032,2
2011-03-19,0.0,0.1886181818181818,-0.38890909090909087,42.58181818181818,0.0,2
2011-03-20,0.0,0.1944181818181818,-0.40401818181818183,42.53636363636364,0.0203,2
2011-03-21,0.002727272727272727,0.19425454545454546,-0.41202727272727274,42.22727272727273,0.0043,2
2011-03-22,0.0,0.19765454545454544,-0.41132727272727276,42.35454545454545,0.0086,2
2011-03-23,0.0,0.19457272727272726,-0.4230727272727273,42.63636363636363,0.0157,2
2011-03-24,0.0,0.18967272727272724,-0.39941818181818184,42.14545454545455,0.0536,2
2011-03-25,0.0,0.18560909090909092,-0.4057272727272727,42.93636363636364,0.0,2
2011-03-26,0.002727272727272727,0.18270909090909093,-0.36769090909090907,43.02727272727273,0.0405,2
2011-03-27,0.010909090909090908,0.19755454545454543,-0.40738181818181823,42.72727272727273,0.0255,2
2011-03-28,0.0,0.1949181818181818,-0.3940090909090909,43.4,0.0551,2
2011-03-29,0.007272727272727273,0.20183636363636365,-0.4008636363636363,43.60909090909091,0.0364,2
2011-03-30,0.0,0.1918363636363636,-0.3859,43.336363636363636,0.0275,2
2011-03-31,0.0,0.1885909090909091,-0.40329090909090914,43.190909090909095,0.0,2
2011-04-01,0.790909090909091,0.1957909090909091,-0.37889090909090906,45.02727272727273,0.0456,2
2011-04-02,0.04363636363636363,0.19210000000000002,-0.39872727272727276,45.24545454545454,0.039,2
2011-04-03,0.1709090909090909,0.19539090909090912,-0.3815363636363637,45.70909090909091,0.0,2
2011-04-04,0.0,0.18473636363636362,-0.43799999999999994,45.85454545454545,0.0,3
2011-04-05,1.57,0.2045181818181818,-0.3619818181818182,45.63636363636363,0.0,2
2011-04-06,0.6827272727272727,0.17925454545454544,-0.38167272727272733,45.26363636363636,0.0417,2
2011-04-07,0.13,0.2043,-0.4263818181818182,46.0,0.0557,2
2011-04-08,0.58,0.19427272727272726,-0.3717181818181818,46.35454545454545,0.0,2
2011-04-09,0.04454545454545455,0.20734545454545456,-0.37249090909090915,45.309090909090905,0.0311,2
2011-04-10,0.5727272727272728,0.18648181818181817,-0.41167272727272725,46.127272727272725,0.0073,3
2011-04-11,0.46636363636363637,0.1874818181818182,-0.37223636363636364,45.90909090909091,0.0034,2
2011-04-12,0.2081818181818182,0.1912909090909091,-0.3959818181818182,46.17272727272727,0.0212,3
2011-04-13,0.08363636363636363,0.1911636363636364,-0.39987272727272727,46.28181818181818,0.0336,2
2011-04-14,0.8427272727272727,0.19541818181818182,-0.39179090909090913,46.654545454545456,0.0281,3
2011-04-15,0.6854545454545454,0.20293636363636364,-0.4388727272727273,45.981818181818184,0.0167,2
2011-04-16,0.2372727272727273,0.20099999999999998,-0.41464545454545454,46.40909090909091,0.0516,2
2011-04-17,0.8936363636363637,0.2010727272727273,-0.3940272727272727,46.154545454545456,0.0037,2
2011-04-18,0.18727272727272729,0.20016363636363635,-0.4087727272727273,45.9,0.0,2
2011-04-19,0.05545454545454545,0.19064545454545456,-0.4142272727272727,46.14545454545455,0.0307,2
2011-04-20,0.36363636363636365,0.2122272727272727,-0.4022,46.42727272727273,0.0,2
2011-04-21,0.2318181818181818,0.20242727272727273,-0.40221818181818186,45.86363636363637,0.0351,2
2011-04-22,0.12181818181818183,0.20667272727272729,-0.4073727272727272,47.17272727272727,0.0,2
2011-04-23,0.5654545454545455,0.1911272727272727,-0.4133181818181818,46.99090909090909,0.0279,2
2011-04-24,0.41999999999999993,0.2055,-0.4134363636363636,46.29090909090909,0.0,2
2011-04-25,0.0,0.19962727272727274,-0.4160818181818182,46.88181818181818,0.0013,2
2011-04-26,0.22636363636363638,0.19983636363636362,-0.42650909090909095,46.77272727272727,0.0,2
2011-04-27,0.9745454545454546,0.20318181818181816,-0.3831818181818182,47.24545454545455,0.0,2
2011-04-28,0.0,0.21004545454545456,-0.3781818181818182,46.99090909090909,0.0119,2
2011-04-29,0.10545454545454545,0.2082,-0.40991818181818185,47.41818181818182,0.0323,2
2011-04-30,1.2145454545454546,0.2057909090909091,-0.35979999999999995,46.336363636363636,0.0084,2
2011-05-01,0.519090909090909,0.20261818181818184,-0.18391818181818181,47.36363636363637,0.0115,2
2011-05-02,0.2827272727272727,0.2036090909090909,-0.18492727272727272,47.14545454545455,0.0101,2
2011-05-03,0.9109090909090909,0.2070909090909091,-0.19056363636363638,47.23636363636364,0.0801,2
2011-05-04,0.38636363636363635,0.20741818181818183,-0.18558181818181818,46.81818181818182,0.031,2
2011-05-05,1.580909090909091,0.20254545454545456,-0.17646363636363638,47.31818181818182,0.0539,2
2011-05-06,0.8927272727272727,0.21005454545454547,-0.1732909090909091,46.86363636363637,0.0351,2
2011-05-07,0.6727272727272727,0.20822727272727273,-0.16719090909090908,47.027272727272724,0.0434,2
2011-05-08,0.7181818181818183,0.19906363636363633,-0.1746909090909091,47.48181818181818,0.0753,2
2011-05-09,0.7963636363636364,0.21756363636363638,-0.17056363636363636,47.35454545454545,0.0468,2
2011-05-10,0.0,0.21760000000000002,-0.18059090909090908,47.53636363636363,0.086,2
2011-05-11,0.16,0.21408181818181815,-0.1670909090909091,47.35454545454545,0.0833,2
2011-05-12,0.7809090909090909,0.213,-0.16521818181818182,47.472727272727276,0.1065,2
2011-05-13,0.21545454545454545,0.2113090909090909,-0.16291818181818182,47.190909090909095,0.0612,2
2011-05-14,1.2027272727272729,0.2187,-0.1494909090909091,47.372727272727275,0.0145,2
2011-05-15,2.5090909090909093,0.20995454545454545,-0.13514545454545457,46.91818181818182,0.0542,2
2011-05-16,1.4600000000000002,0.21405454545454547,-0.16155454545454545,47.6,0.0565,2
2011-05-17,0.8954545454545454,0.22816363636363635,-0.15419090909090907,47.872727272727275,0.0893,2
2011-05-18,0.9845454545454545,0.2243363636363636,-0.15386363636363637,47.3,0.091,2
2011-05-19,0.7645454545454545,0.2247727272727273,-0.15381818181818183,46.85454545454545,0.0875,2
2011-05-20,1.5618181818181818,0.22307272727272728,-0.14994545454545455,47.16363636363636,0.0006,2
2011-05-21,0.6327272727272728,0.21864545454545456,-0.15204545454545457,46.72727272727273,0.055,2
2011-05-22,0.5263636363636364,0.21866363636363637,-0.14864545454545455,47.472727272727276,0.1014,2
2011-05-23,1.0118181818181817,0.2362909090909091,-0.14326363636363637,47.36363636363637,0.0909,2
2011-05-24,2.8818181818181823,0.23418181818181819,-0.13021818181818182,47.027272727272724,0.049,2
2011-05-25,0.7809090909090909,0.24709090909090908,-0.14809090909090908,46.73636363636364,0.0656,2
2011-05-26,4.321818181818182,0.23788181818181817,-0.10429090909090909,47.0,0.1035,2
2011-05-27,1.1354545454545455,0.24694545454545455,-0.13102727272727274,47.17272727272727,0.0553,2
2011-05-28,4.693636363636363,0.2536818181818182,-0.08822727272727272,47.472727272727276,0.1201,1
2011-05-29,1.74,0.24714545454545453,-0.12390909090909091,46.85454545454545,0.1115,2
2011-05-30,2.567272727272727,0.2690909090909091,-0.12008181818181818,47.35454545454545,0.0877,2
2011-05-31,0.8781818181818182,0.2553,-0.11684545454545456,47.41818181818182,0.1274,2
2011-06-01,0.5136363636363637,0.24774545454545455,-0.09041818181818183,47.14545454545455,0.107,2
2011-06-02,3.700909090909091,0.25486363636363635,-0.047327272727272725,47.1,0.1578,1
2011-06-03,0.8109090909090909,0.25089090909090905,-0.08090909090909092,47.33636363636364,0.0834,2
2011-06-04,2.17,0.2504,-0.05580909090909091,47.16363636363636,0.0887,2
2011-06-05,1.7827272727272727,0.26906363636363634,-0.05183636363636364,46.60909090909092,0.1182,1
2011-06-06,0.20727272727272725,0.26935454545454546,-0.0675,47.309090909090905,0.1023,2
2011-06-07,2.023636363636364,0.2646909090909091,-0.048036363636363634,46.57272727272727,0.0836,1
2011-06-08,3.640909090909091,0.2862181818181818,-0.042763636363636365,47.03636363636363,0.1446,1
2011-06-09,0.7518181818181818,0.2666181818181818,-0.0554,46.88181818181818,0.0888,1
2011-06-10,2.6545454545454543,0.2914818181818182,-0.03861818181818182,46.24545454545454,0.1255,1
2011-06-11,3.328181818181818,0.2803363636363636,-0.030799999999999998,46.518181818181816,0.1156,1
2011-06-12,0.5136363636363637,0.2882090909090909,-0.06388181818181818,46.89090909090908,0.0686,1
2011-06-13,1.3281818181818181,0.29664545454545455,-0.04022727272727273,46.92727272727273,0.0818,1
2011-06-14,3.1972727272727273,0.28445454545454546,-0.0315090909090909,46.57272727272727,0.1632,1
2011-06-15,2.450909090909091,0.30425454545454544,-0.017463636363636362,46.163636363636364,0.1339,1
2011-06-16,0.7872727272727272,0.3024181818181818,-0.03398181818181818,46.018181818181816,0.1093,1
2011-06-17,6.4372727272727275,0.30057272727272727,0.016445454545454544,46.71818181818182,0.1384,1
2011-06-18,3.8245454545454547,0.3154363636363637,-0.004254545454545454,46.4,0.165,1
2011-06-19,11.687272727272727,0.3159636363636364,0.04926363636363636,46.690909090909095,0.189,1
2011-06-20,8.381818181818183,0.32843636363636364,0.029918181818181813,46.518181818181816,0.2053,1
2011-06-21,2.1145454545454543,0.3220818181818182,-0.014372727272727271,46.27272727272727,0.1682,1
2011-06-22,16.499090909090906,0.34618181818181815,0.09228181818181819,46.518181818181816,0.2422,1
2011-06-23,5.337272727272727,0.35760909090909093,0.03202727272727273,46.190909090909095,0.2053,1
2011-06-24,7.699090909090909,0.3632909090909091,0.05456363636363636,46.10909090909091,0.2516,0
2011-06-25,13.17181818181818,0.36104545454545456,0.09278181818181817,46.28181818181818,0.308,1
2011-06-26,2.8963636363636365,0.3648636363636364,0.021809090909090906,45.43636363636364,0.2563,1
2011-06-27,13.702727272727271,0.38165454545454547,0.08424545454545453,45.6,0.2238,1
2011-06-28,7.134545454545455,0.37498181818181825,0.0659090909090909,46.29090909090909,0.3305,1
2011-06-29,8.976363636363637,0.3810272727272727,0.05517272727272727,45.47272727272727,0.2768,1
2011-06-30,8.19818181818182,0.38647272727272725,0.07833636363636363,45.85454545454545,0.2982,0
2011-07-01,15.073636363636364,0.39239999999999997,0.08041818181818182,43.85454545454545,0.2568,1
2011-07-02,14.623636363636365,0.4023454545454545,0.12357272727272726,44.08181818181818,0.3411,0
2011-07-03,17.69454545454545,0.4078909090909091,0.11827272727272727,43.59090909090909,0.3421,1
2011-07-04,21.971818181818183,0.42565454545454545,0.18273636363636364,43.08181818181818,0.38,1
2011-07-05,16.09,0.44160909090909084,0.1522181818181818,43.13636363636363,0.4326,0
2011-07-06,7.341818181818183,0.4495454545454546,0.08991818181818181,42.79090909090909,0.3968,0
2011-07-07,25.05545454545454,0.458509090909091,0.16078181818181816,43.40909090909091,0.4862,0
2011-07-08,5.920909090909091,0.46587272727272727,0.08260909090909091,43.00909090909091,0.3869,0
2011-07-09,26.774545454545454,0.4642545454545454,0.2232909090909091,42.836363636363636,0.5257,0
2011-07-10,17.94363636363636,0.47517272727272725,0.13474545454545453,43.154545454545456,0.4376,0
2011-07-11,15.172727272727274,0.48194545454545457,0.18289999999999998,42.836363636363636,0.4309,0
2011-07-12,7.947272727272727,0.49265454545454546,0.12151818181818182,42.36363636363637,0.389,0
2011-07-13,17.13090909090909,0.5012,0.20964545454545452,42.46363636363637,0.4798,0
2011-07-14,16.88909090909091,0.5026272727272727,0.19637272727272725,42.981818181818184,0.461,0
2011-07-15,18.956363636363637,0.5068,0.18586363636363637,42.59090909090909,0.4364,0
2011-07-16,21.834545454545456,0.5232181818181818,0.20566363636363635,42.481818181818184,0.5562,0
2011-07-17,14.568181818181818,0.5270818181818182,0.1916909090909091,42.03636363636363,0.4674,0
2011-07-18,18.222727272727273,0.5347181818181818,0.20479090909090908,41.76363636363636,0.4787,1
2011-07-19,13.360909090909091,0.5376636363636363,0.16512727272727273,41.89090909090909,0.5068,0
2011-07-20,22.354545454545455,0.5486272727272727,0.22591818181818182,41.481818181818184,0.4874,0
2011-07-21,9.77,0.5486454545454545,0.1596909090909091,41.554545454545455,0.4161,0
2011-07-22,19.666363636363638,0.5508818181818183,0.2442363636363636,41.64545454545454,0.4697,0
2011-07-23,33.85727272727273,0.5584727272727273,0.3059454545454546,41.300000000000004,0.517,0
2011-07-24,26.09909090909091,0.5626454545454546,0.2479909090909091,41.85454545454545,0.5813,0
2011-07-25,22.41818181818182,0.5675727272727272,0.2519727272727273,41.07272727272727,0.6438,0
2011-07-26,30.903636363636362,0.573509090909091,0.26739090909090907,41.53636363636364,0.6321,0
2011-07-27,19.60727272727273,0.5861,0.25525454545454546,40.97272727272727,0.6948,0
2011-07-28,21.805454545454545,0.5946363636363636,0.24860909090909092,40.92727272727273,0.7125,0
2011-07-29,25.413636363636364,0.588709090909091,0.2999181818181818,40.60909090909091,0.6143,0
2011-07-30,24.281818181818185,0.6026363636363636,0.28602727272727274,40.945454545454545,0.6607,0
2011-07-31,17.51181818181818,0.6071727272727273,0.23463636363636364,39.99090909090909,0.6102,0
2011-08-01,25.044545454545457,0.6032636363636363,0.25539090909090906,40.5,0.6084,0
2011-08-02,15.010909090909092,0.6036,0.19953636363636365,40.24545454545454,0.5871,0
2011-08-03,37.04727272727273,0.6047090909090909,0.27842727272727275,40.03636363636363,0.6406,0
2011-08-04,30.913636363636364,0.6110636363636364,0.32575454545454546,40.09090909090909,0.6496,0
2011-08-05,35.20727272727272,0.6103090909090909,0.3115181818181818,40.27272727272727,0.7236,0
2011-08-06,17.58545454545455,0.6080727272727273,0.18924545454545455,39.56363636363636,0.5613,0
2011-08-07,33.48909090909091,0.6192818181818182,0.23211818181818178,40.054545454545455,0.7206,0
2011-08-08,28.83272727272727,0.6136818181818181,0.26075454545454546,39.10909090909091,0.7188,0
2011-08-09,25.51090909090909,0.6195090909090909,0.2526,38.945454545454545,0.7478,0
2011-08-10,9.65090909090909,0.6251181818181819,0.17594545454545454,39.054545454545455,0.6365,0
2011-08-11,15.05,0.6386727272727273,0.1584727272727273,39.17272727272727,0.5597,0
2011-08-12,20.80909090909091,0.6323272727272727,0.20957272727272727,38.99090909090909,0.6026,0
2011-08-13,13.11909090909091,0.6203363636363636,0.1769909090909091,38.75454545454546,0.5666,0
2011-08-14,20.683636363636364,0.6415090909090909,0.22910000000000003,38.68181818181818,0.5641,0
2011-08-15,15.311818181818182,0.6313,0.19756363636363636,38.78181818181818,0.539,0
2011-08-16,20.842727272727274,0.6357636363636364,0.22222727272727275,39.13636363636363,0.4952,0
2011-08-17,29.89363636363636,0.6264545454545455,0.2139,38.9,0.5862,0
2011-08-18,15.452727272727275,0.6359636363636363,0.17116363636363638,38.5,0.4949,0
2011-08-19,30.89363636363636,0.6434,0.24515454545454543,38.663636363636364,0.6469,0
2011-08-20,19.915454545454548,0.6424727272727272,0.18916363636363637,38.32727272727273,0.6286,0
2011-08-21,8.766363636363636,0.6459454545454545,0.1242090909090909,37.68181818181818,0.5514,0
2011-08-22,19.318181818181817,0.6380181818181818,0.21753636363636364,37.86363636363637,0.568,0
2011-08-23,17.44090909090909,0.6429363636363636,0.16011818181818183,37.72727272727273,0.5872,0
2011-08-24,21.184545454545454,0.6379818181818182,0.19473636363636365,38.24545454545454,0.4934,0
2011-08-25,10.474545454545455,0.6421363636363636,0.11706363636363637,37.43636363636364,0.5472,0
2011-08-26,27.487272727272728,0.6463545454545454,0.20905454545454544,37.9,0.5665,0
2011-08-27,4.141818181818182,0.6434272727272727,0.057809090909090914,37.54545454545455,0.4665,0
2011-08-28,11.80181818181818,0.6393,0.12150909090909091,37.40909090909091,0.4823,0
2011-08-29,7.79,0.6293727272727273,0.09511818181818182,37.54545454545455,0.4807,0
2011-08-30,6.833636363636364,0.6311454545454546,0.06742727272727272,37.54545454545455,0.4163,0
2011-08-31,5.094545454545455,0.6290272727272727,0.04625454545454546,37.58181818181818,0.3454,0
2011-09-01,12.035454545454543,0.6342636363636364,0.10976363636363637,36.845454545454544,0.4433,0
2011-09-02,1.5045454545454546,0.6309363636363636,0.014227272727272727,37.09090909090909,0.3276,0
2011-09-03,12.334545454545456,0.6336454545454546,0.10991818181818182,37.04545454545455,0.3982,0
2011-09-04,1.3254545454545454,0.6281363636363636,0.007536363636363636,36.663636363636364,0.2781,0
2011-09-05,7.490909090909091,0.6260363636363636,0.06319090909090909,36.81818181818182,0.3374,0
2011-09-06,7.891818181818182,0.6284,0.0548,37.25454545454546,0.3006,0
2011-09-07,16.708181818181817,0.6167909090909091,0.1138,36.85454545454546,0.3218,0
2011-09-08,10.598181818181818,0.6167818181818182,0.08386363636363636,36.28181818181818,0.3656,0
2011-09-09,1.3936363636363636,0.6200545454545454,-0.011781818181818181,36.627272727272725,0.3476,0
2011-09-10,2.0336363636363632,0.6129181818181818,-0.010063636363636365,36.31818181818182,0.3428,0
2011-09-11,16.07,0.6084727272727273,0.09634545454545455,36.59090909090909,0.3308,0
2011-09-12,4.377272727272727,0.6062454545454545,-9.090909090909982e-06,35.91818181818182,0.3334,0
2011-09-13,7.453636363636363,0.6108,0.019799999999999998,36.36363636363637,0.3304,0
2011-09-14,3.3963636363636365,0.6037181818181818,-0.013418181818181819,36.17272727272727,0.3097,0
2011-09-15,1.0581818181818183,0.6041090909090909,-0.04153636363636364,36.53636363636363,0.235,0
2011-09-16,7.51,0.5954727272727273,0.015172727272727275,36.06363636363636,0.3401,0
2011-09-17,1.7881818181818183,0.5943545454545455,-0.04698181818181819,36.17272727272727,0.2577,0
2011-09-18,3.8436363636363633,0.5890181818181818,-0.018027272727272725,36.018181818181816,0.2628,0
2011-09-19,2.173636363636364,0.5640727272727273,-0.049354545454545456,36.17272727272727,0.2041,0
2011-09-20,2.6427272727272726,0.5696727272727272,-0.036472727272727275,35.93636363636364,0.2444,0
2011-09-21,1.3454545454545455,0.5560909090909091,-0.05366363636363636,36.14545454545455,0.2609,0
2011-09-22,1.4763636363636363,0.5534454545454545,-0.07243636363636363,35.63636363636363,0.2044,0
2011-09-23,0.0,0.5407090909090909,-0.08536363636363636,35.9,0.1566,0
2011-09-24,3.727272727272727,0.5379454545454545,-0.03601818181818182,35.699999999999996,0.2491,0
2011-09-25,1.5963636363636367,0.5278545454545455,-0.06937272727272727,35.86363636363637,0.1973,0
2011-09-26,2.49,0.5239545454545455,-0.056881818181818186,35.663636363636364,0.1892,0
2011-09-27,1.6945454545454546,0.5128181818181818,-0.07043636363636364,35.58181818181818,0.1949,0
2011-09-28,1.5336363636363637,0.5045090909090909,-0.07367272727272728,35.49090909090909,0.1681,0
2011-09-29,0.32545454545454544,0.4993090909090909,-0.09803636363636364,35.17272727272727,0.1922,0
2011-09-30,1.5036363636363639,0.48889090909090904,-0.08710000000000001,35.43636363636364,0.1564,0
2011-10-01,1.291818181818182,0.4823363636363636,-0.09107272727272728,35.29090909090909,0.181,0
2011-10-02,2.939090909090909,0.49027272727272725,-0.0915090909090909,35.0,0.2189,0
2011-10-03,0.8109090909090909,0.4705363636363637,-0.09094545454545454,34.76363636363636,0.205,0
2011-10-04,0.0,0.47691818181818185,-0.10989090909090908,35.11818181818182,0.1541,0
2011-10-05,1.9281818181818182,0.4582636363636363,-0.09078181818181819,35.154545454545456,0.1824,0
2011-10-06,0.0,0.44250909090909096,-0.11227272727272729,34.872727272727275,0.1361,0
2011-10-07,0.1881818181818182,0.44314545454545456,-0.09626363636363636,34.91818181818182,0.1831,0
2011-10-08,0.7463636363636365,0.4228272727272728,-0.11497272727272727,35.28181818181818,0.1198,0
2011-10-09,0.9354545454545454,0.4245636363636364,-0.10808181818181818,34.57272727272727,0.1761,0
2011-10-10,0.0,0.42527272727272725,-0.11327272727272727,34.79090909090909,0.1805,0
2011-10-11,0.950909090909091,0.41399090909090913,-0.11321818181818183,34.59090909090909,0.1764,0
2011-10-12,0.0,0.39273636363636366,-0.11210909090909092,34.72727272727273,0.159,1
2011-10-13,0.43000000000000005,0.3996454545454545,-0.13161818181818183,34.872727272727275,0.1799,1
2011-10-14,0.6954545454545454,0.38609999999999994,-0.1298272727272727,34.518181818181816,0.1694,1
2011-10-15,0.8090909090909091,0.39127272727272727,-0.10619090909090909,34.190909090909095,0.2236,1
2011-10-16,0.0,0.3891363636363636,-0.13584545454545455,33.95454545454545,0.151,1
2011-10-17,0.6272727272727273,0.3801909090909091,-0.13005454545454545,34.27272727272727,0.1638,1
2011-10-18,0.0,0.3732090909090909,-0.13623636363636363,34.20909090909091,0.1742,1
2011-10-19,0.3536363636363636,0.3649727272727272,-0.12176363636363635,34.26363636363636,0.1336,1
2011-10-20,0.48636363636363633,0.3574727272727273,-0.1368909090909091,34.13636363636363,0.1684,1
2011-10-21,0.0,0.3544181818181818,-0.13669090909090909,34.345454545454544,0.1481,1
2011-10-22,0.8472727272727273,0.3433090909090909,-0.11585454545454545,34.190909090909095,0.1542,1
2011-10-23,0.0,0.34240909090909094,-0.1334,34.24545454545454,0.1222,1
2011-10-24,0.0,0.33407272727272724,-0.11747272727272727,33.61818181818182,0.1657,1
2011-10-25,0.0,0.3316363636363637,-0.14258181818181817,34.20909090909091,0.1716,1
2011-10-26,0.0,0.3366454545454545,-0.12912727272727273,33.88181818181818,0.1409,1
2011-10-27,0.7936363636363637,0.32194545454545453,-0.11652727272727273,33.57272727272727,0.1083,1
2011-10-28,0.009090909090909092,0.31609090909090914,-0.13609090909090907,33.981818181818184,0.153,1
2011-10-29,0.0,0.32336363636363635,-0.12961818181818183,34.08181818181818,0.1134,1
2011-10-30,0.0,0.31914545454545457,-0.15335454545454547,33.67272727272727,0.1348,1
2011-10-31,0.0,0.3114272727272727,-0.14484545454545453,33.39090909090909,0.2029,1
2011-11-01,0.0,0.3079272727272727,-0.4029818181818182,33.39090909090909,0.0749,2
2011-11-02,0.0,0.3035909090909091,-0.42810000000000004,33.654545454545456,0.1481,2
2011-11-03,0.0,0.2898636363636364,-0.42512727272727274,33.45454545454545,0.1355,2
2011-11-04,0.05454545454545454,0.2857818181818182,-0.3971,33.518181818181816,0.0903,2
2011-11-05,0.09,0.2712727272727273,-0.4054818181818182,33.836363636363636,0.1019,2
2011-11-06,0.3054545454545455,0.2776272727272727,-0.3916363636363636,33.58181818181818,0.1066,2
2011-11-07,0.16545454545454544,0.27951818181818183,-0.3910363636363636,34.04545454545455,0.1298,2
2011-11-08,0.02909090909090909,0.2770363636363636,-0.3938636363636364,33.336363636363636,0.089,2
2011-11-09,0.0,0.27709999999999996,-0.39945454545454545,33.27272727272727,0.0927,2
2011-11-10,0.07636363636363636,0.28039090909090914,-0.42323636363636363,33.42727272727273,0.1195,2
2011-11-11,0.02909090909090909,0.27635454545454546,-0.40185454545454546,33.45454545454545,0.1036,2
2011-11-12,0.21181818181818182,0.2637909090909091,-0.3919636363636364,33.445454545454545,0.0925,2
2011-11-13,0.0,0.26043636363636363,-0.39049090909090906,33.85454545454545,0.1054,2
2011-11-14,0.0,0.26082727272727274,-0.4030545454545455,33.61818181818182,0.1111,2
2011-11-15,0.0,0.25815454545454547,-0.4049090909090909,33.22727272727273,0.0755,2
2011-11-16,0.02727272727272727,0.25976363636363636,-0.4172909090909091,33.41818181818182,0.0773,2
2011-11-17,0.010909090909090908,0.2578,-0.3905363636363636,33.17272727272727,0.1628,2
2011-11-18,0.0,0.24906363636363638,-0.3975454545454546,33.699999999999996,0.1454,2
2011-11-19,0.0,0.24354545454545456,-0.40296363636363636,33.663636363636364,0.0999,2
2011-11-20,0.0,0.2328818181818182,-0.38331818181818184,33.41818181818182,0.1415,2
2011-11-21,0.08545454545454545,0.23577272727272727,-0.4219909090909091,33.690909090909095,0.1318,2
2011-11-22,0.0,0.25017272727272727,-0.3910363636363636,33.57272727272727,0.1291,2
2011-11-23,0.01,0.23513636363636364,-0.38336363636363635,33.13636363636363,0.1522,2
2011-11-24,0.03909090909090909,0.2321909090909091,-0.42338181818181814,33.11818181818182,0.1214,2
2011-11-25,0.0,0.22536363636363638,-0.38357272727272734,33.77272727272727,0.1513,2
2011-11-26,0.0,0.23762727272727274,-0.38080909090909093,33.845454545454544,0.0285,2
2011-11-27,0.0,0.22605454545454548,-0.4078818181818182,33.86363636363637,0.1235,2
2011-11-28,0.0,0.22874545454545456,-0.38912727272727277,33.73636363636364,0.1183,2
2011-11-29,0.006363636363636364,0.2281,-0.4183,33.53636363636363,0.068,2
2011-11-30,0.021818181818181816,0.2232818181818182,-0.40243636363636365,33.190909090909095,0.1202,2
2011-12-01,0.0,0.21465454545454543,-0.4290727272727273,34.32727272727273,0.1361,2
2011-12-02,0.010909090909090908,0.2242727272727273,-0.40996363636363636,33.72727272727273,0.1309,2
2011-12-03,0.04454545454545455,0.2132090909090909,-0.37234545454545454,34.00909090909091,0.1027,2
2011-12-04,0.0,0.21804545454545454,-0.40958181818181816,33.79090909090909,0.1086,2
2011-12-05,0.0,0.22461818181818183,-0.4136909090909091,33.61818181818182,0.1297,2
2011-12-06,0.0,0.2188818181818182,-0.4274272727272727,33.92727272727273,0.1069,2
2011-12-07,0.11,0.2146909090909091,-0.40214545454545453,33.800000000000004,0.1301,2
2011-12-08,0.045454545454545456,0.20400000000000001,-0.39250909090909086,34.0,0.0909,2
2011-12-09,0.01636363636363636,0.21917272727272727,-0.4353727272727273,33.92727272727273,0.1463,2
2011-12-10,0.23636363636363633,0.2143818181818182,-0.41617272727272725,33.58181818181818,0.0786,2
2011-12-11,0.01909090909090909,0.2080909090909091,-0.4265727272727272,33.95454545454545,0.1154,2
2011-12-12,0.017272727272727273,0.21204545454545454,-0.4031636363636364,33.57272727272727,0.1087,2
2011-12-13,0.019090909090909092,0.20933636363636365,-0.42639090909090904,33.85454545454546,0.2058,2
2011-12-14,0.030000000000000002,0.2052272727272727,-0.4252636363636364,33.81818181818182,0.1519,2
2011-12-15,0.0,0.1963181818181818,-0.36306363636363637,33.88181818181818,0.0703,2
2011-12-16,0.12545454545454546,0.1995,-0.3896272727272727,33.54545454545455,0.1063,2
2011-12-17,0.0,0.21313636363636365,-0.3872818181818181,34.14545454545455,0.1613,2
2011-12-18,0.08545454545454545,0.19894545454545456,-0.3709818181818182,34.154545454545456,0.1592,2
2011-12-19,0.0,0.20133636363636365,-0.41140000000000004,34.79090909090909,0.1486,2
2011-12-20,0.15727272727272726,0.20693636363636364,-0.3679,34.199999999999996,0.1341,2
2011-12-21,0.0,0.20339090909090907,-0.37379999999999997,34.300000000000004,0.0681,2
2011-12-22,0.03363636363636364,0.20570000000000002,-0.3977363636363636,34.49090909090909,0.1024,2
2011-12-23,0.0,0.1964090909090909,-0.38476363636363636,34.61818181818182,0.1132,2
2011-12-24,0.06090909090909091,0.19693636363636366,-0.4130909090909091,34.4,0.1323,2
2011-12-25,0.0,0.20653636363636363,-0.35474545454545453,34.14545454545455,0.0887,2
2011-12-26,0.012727272727272728,0.20436363636363633,-0.3821818181818182,34.50909090909091,0.0877,2
2011-12-27,0.0,0.19257272727272728,-0.37130909090909087,34.9,0.106,2
2011-12-28,0.0,0.19487272727272728,-0.3912818181818182,34.97272727272727,0.0999,2
2011-12-29,0.011818181818181818,0.21409090909090908,-0.38429090909090907,35.09090909090909,0.0804,2
2011-12-30,0.0,0.1995,-0.3849,34.945454545454545,0.1238,2
2011-12-31,0.0,0.19963636363636364,-0.37070000000000003,35.481818181818184,0.0669,2
2012-01-01,0.05545454545454545,0.22642727272727273,-0.4077454545454545,35.38181818181818,0.136,2
2012-01-02,0.0,0.21342727272727274,-0.3699454545454545,35.07272727272727,0.0627,2
2012-01-03,0.012727272727272728,0.22873636363636363,-0.39317272727272723,35.518181818181816,0.1166,2
2012-01-04,0.0,0.22270909090909094,-0.3853454545454546,35.11818181818182,0.0915,2
2012-01-05,0.03272727272727272,0.22601818181818178,-0.41609999999999997,35.17272727272727,0.0921,2
2012-01-06,0.0,0.22846363636363637,-0.3881545454545455,35.336363636363636,0.0769,2
2012-01-07,0.01,0.21351818181818183,-0.38688181818181816,35.54545454545455,0.121,2
2012-01-08,0.0,0.22761818181818183,-0.4067545454545455,35.42727272727273,0.1005,2
2012-01-09,0.0,0.22060000000000002,-0.4011181818181818,36.17272727272727,0.0754,2
2012-01-10,0.005454545454545454,0.2163090909090909,-0.37533636363636363,35.86363636363637,0.1277,2
2012-01-11,0.0,0.22073636363636365,-0.41054545454545455,35.90909090909091,0.075,2
2012-01-12,0.0,0.21853636363636364,-0.4308727272727273,36.07272727272727,0.1216,2
2012-01-13,0.0,0.23176363636363637,-0.4228090909090909,36.13636363636363,0.0757,2
2012-01-14,0.038181818181818185,0.22040909090909092,-0.39390909090909093,35.91818181818182,0.0874,2
2012-01-15,0.0,0.2232636363636364,-0.40440909090909094,36.28181818181818,0.0711,2
2012-01-16,0.0,0.22204545454545455,-0.40693636363636365,36.018181818181816,0.0538,2
2012-01-17,0.0,0.22095454545454543,-0.3932363636363636,36.32727272727272,0.076,2
2012-01-18,0.13545454545454547,0.21558181818181818,-0.3946727272727273,36.345454545454544,0.0732,2
2012-01-19,0.024545454545454547,0.22792727272727273,-0.40307272727272725,36.09090909090909,0.1007,2
2012-01-20,0.03818181818181818,0.22006363636363638,-0.4094090909090909,37.1,0.0486,2
2012-01-21,0.04181818181818182,0.22616363636363637,-0.42606363636363637,36.42727272727273,0.0961,2
2012-01-22,0.004545454545454546,0.23445454545454544,-0.3972818181818182,36.554545454545455,0.0951,2
2012-01-23,0.0,0.22207272727272728,-0.3889454545454545,36.82727272727273,0.069,2
2012-01-24,0.04818181818181819,0.21840909090909089,-0.4062272727272727,37.78181818181818,0.0655,2
2012-01-25,0.0,0.22784545454545455,-0.4219818181818182,36.73636363636364,0.1218,2
2012-01-26,0.04181818181818182,0.21901818181818183,-0.4128090909090909,37.70909090909091,0.0855,2
2012-01-27,0.0,0.22837272727272728,-0.39581818181818185,37.81818181818182,0.072,2
2012-01-28,0.0,0.22843636363636363,-0.3909,37.32727272727273,0.0278,2
2012-01-29,0.012727272727272728,0.2305090909090909,-0.4157727272727273,37.39090909090909,0.1042,2
2012-01-30,0.11181818181818182,0.22548181818181814,-0.3982727272727273,37.554545454545455,0.0852,2
2012-01-31,0.0,0.22240000000000001,-0.4004818181818182,37.47272727272727,0.105,2
2012-02-01,0.0,0.23410909090909093,-0.44938181818181816,38.09090909090909,0.0222,2
2012-02-02,0.05818181818181818,0.2352909090909091,-0.37914545454545456,38.10909090909091,0.1164,2
2012-02-03,0.03636363636363637,0.23315454545454548,-0.4179,37.89090909090909,0.0286,2
2012-02-04,0.011818181818181818,0.22713636363636364,-0.3709272727272727,37.91818181818182,0.1071,2
2012-02-05,0.0,0.22990000000000002,-0.40709090909090906,38.72727272727273,0.0593,2
2012-02-06,0.005454545454545454,0.21653636363636364,-0.39293636363636364,38.63636363636363,0.0171,2
2012-02-07,0.0,0.22707272727272726,-0.39856363636363634,38.554545454545455,0.0803,2
2012-02-08,0.06818181818181818,0.22167272727272727,-0.38048181818181814,38.309090909090905,0.0692,2
2012-02-09,0.042727272727272725,0.2197909090909091,-0.3824363636363637,38.554545454545455,0.106,2
2012-02-10,0.0,0.22686363636363635,-0.4072545454545455,38.45454545454545,0.0483,2
2012-02-11,0.0,0.22558181818181816,-0.34148181818181816,38.68181818181818,0.0421,2
2012-02-12,0.0,0.2183818181818182,-0.39124545454545456,39.29090909090909,0.073,2
2012-02-13,0.07454545454545454,0.22064545454545453,-0.40608181818181815,38.82727272727273,0.0419,2
2012-02-14,0.0,0.21766363636363636,-0.4323,39.163636363636364,0.1149,2
2012-02-15,0.0,0.22932727272727274,-0.4072181818181818,38.92727272727273,0.0439,2
2012-02-16,0.0,0.224,-0.3876818181818182,39.20909090909091,0.0576,2
2012-02-17,0.0,0.2279545454545455,-0.41609999999999997,39.127272727272725,0.0553,2
2012-02-18,0.0,0.2161818181818182,-0.38791818181818183,39.13636363636363,0.1155,2
2012-02-19,0.0,0.22660909090909093,-0.41448181818181823,39.47272727272727,0.0512,2
2012-02-20,0.0,0.2378909090909091,-0.3956090909090909,39.49090909090909,0.0896,2
2012-02-21,0.0,0.22958181818181816,-0.40507272727272725,39.481818181818184,0.0157,2
2012-02-22,0.0,0.21787272727272725,-0.4200545454545454,39.95454545454545,0.0287,2
2012-02-23,0.049090909090909095,0.22832727272727274,-0.3938636363636363,40.199999999999996,0.089,2
2012-02-24,0.0,0.21822727272727274,-0.43067272727272726,40.47272727272727,0.0528,2
2012-02-25,0.07454545454545455,0.2178,-0.4043636363636364,40.190909090909095,0.0194,2
2012-02-26,0.0018181818181818182,0.24132727272727272,-0.40910909090909087,40.59090909090909,0.0842,2
2012-02-27,0.0,0.21774545454545455,-0.41214545454545454,40.13636363636363,0.0499,2
2012-02-28,0.0009090909090909091,0.22429999999999997,-0.4041727272727273,40.372727272727275,0.0335,2
2012-02-29,0.01636363636363636,0.2225909090909091,-0.39625454545454547,40.64545454545455,0.0115,2
2012-03-01,0.0009090909090909091,0.21990909090909092,-0.3957636363636363,40.85454545454545,0.0087,2
2012-03-02,0.0,0.2363090909090909,-0.3927727272727273,40.49090909090909,0.0401,2
2012-03-03,0.0,0.22229090909090907,-0.3987363636363636,40.800000000000004,0.0388,2
2012-03-04,0.0009090909090909091,0.22717272727272728,-0.3811,41.372727272727275,0.0356,2
2012-03-05,0.0009090909090909091,0.21985454545454547,-0.4178636363636363,41.190909090909095,0.058,2
2012-03-06,0.0,0.22417272727272727,-0.40408181818181815,41.25454545454546,0.0,2
2012-03-07,0.0,0.2248727272727273,-0.3833727272727273,41.163636363636364,0.0686,2
2012-03-08,0.0,0.2220272727272727,-0.41196363636363637,41.54545454545455,0.0475,2
2012-03-09,0.0,0.2190090909090909,-0.4048818181818181,41.73636363636364,0.0375,2
2012-03-10,0.0,0.2199181818181818,-0.40336363636363637,41.41818181818182,0.0996,2
2012-03-11,0.0,0.23170000000000002,-0.4376090909090909,42.13636363636363,0.0496,2
2012-03-12,0.0,0.2309363636363636,-0.36984545454545453,41.836363636363636,0.0407,2
2012-03-13,0.0,0.23765454545454545,-0.3991818181818182,42.1,0.0128,2
2012-03-14,0.0,0.21328181818181816,-0.4187818181818182,41.845454545454544,0.0655,2
2012-03-15,0.0018181818181818182,0.22899090909090908,-0.3882454545454545,41.82727272727273,0.0564,2
2012-03-16,0.0018181818181818182,0.22162727272727273,-0.3994,42.40909090909091,0.0524,2
2012-03-17,0.0009090909090909091,0.22422727272727272,-0.3778,41.75454545454546,0.0577,2
2012-03-18,0.0,0.22570909090909091,-0.4047454545454546,41.91818181818182,0.0,2
2012-03-19,0.0,0.23593636363636364,-0.37683636363636364,42.02727272727273,0.048,2
2012-03-20,0.0,0.21977272727272726,-0.4024909090909091,42.6,0.0095,2
2012-03-21,0.0,0.2197818181818182,-0.4018818181818182,43.20909090909091,0.0662,2
2012-03-22,0.0,0.21779090909090912,-0.3928090909090909,43.02727272727273,0.0,2
2012-03-23,0.0,0.21166363636363636,-0.4227272727272728,42.336363636363636,0.0335,2
2012-03-24,0.0,0.22346363636363636,-0.4420454545454545,43.45454545454545,0.056,2
2012-03-25,0.018181818181818184,0.22622727272727275,-0.3995909090909091,42.872727272727275,0.0,2
2012-03-26,0.0,0.22895454545454544,-0.3822181818181818,42.72727272727273,0.0,2
2012-03-27,0.010909090909090908,0.23204545454545455,-0.41850909090909094,43.199999999999996,0.044,2
2012-03-28,0.0036363636363636364,0.21989999999999998,-0.39791818181818184,43.36363636363637,0.0068,2
2012-03-29,0.0,0.21957272727272725,-0.38558181818181814,43.32727272727273,0.0412,2
2012-03-30,0.0,0.21954545454545454,-0.3749636363636364,43.07272727272727,0.0184,2
2012-03-31,0.0,0.22525454545454543,-0.36824545454545454,43.02727272727273,0.0537,2
2012-04-01,0.05545454545454545,0.22547272727272727,-0.4358636363636364,44.23636363636364,0.0406,2
2012-04-02,1.5581818181818183,0.23220000000000002,-0.4052272727272727,44.23636363636364,0.0373,2
2012-04-03,0.7409090909090907,0.22815454545454547,-0.40708181818181816,44.09090909090909,0.0742,2
2012-04-04,0.4690909090909091,0.22134545454545454,-0.40195454545454545,44.35454545454545,0.0027,2
2012-04-05,0.3281818181818182,0.22743636363636366,-0.3956,44.49090909090909,0.0201,2
2012-04-06,0.018181818181818184,0.22128181818181816,-0.3960818181818182,44.17272727272728,0.0064,2
2012-04-07,0.2009090909090909,0.22352727272727274,-0.3829545454545455,44.54545454545455,0.0411,2
2012-04-08,0.28545454545454546,0.22336363636363635,-0.39001818181818176,44.73636363636364,0.0,2
2012-04-09,0.2627272727272727,0.23983636363636363,-0.38911818181818175,44.481818181818184,0.0002,2
2012-04-10,0.051818181818181826,0.22274545454545455,-0.40570909090909085,44.97272727272727,0.0,2
2012-04-11,0.47181818181818186,0.22327272727272726,-0.3784636363636364,44.699999999999996,0.0155,2
2012-04-12,0.2081818181818182,0.2286272727272727,-0.39440000000000003,44.60909090909091,0.0003,2
2012-04-13,0.5,0.23229999999999998,-0.40096363636363636,45.0,0.0209,2
2012-04-14,0.33454545454545453,0.2322181818181818,-0.3862818181818182,45.39090909090909,0.0,2
2012-04-15,0.9436363636363637,0.22256363636363635,-0.3871,45.42727272727273,0.0,2
2012-04-16,0.25181818181818183,0.23934545454545456,-0.36074545454545454,45.17272727272727,0.0483,2
2012-04-17,0.48000000000000004,0.22543636363636363,-0.39448181818181816,45.199999999999996,0.0228,2
2012-04-18,1.3245454545454545,0.23463636363636364,-0.3619636363636364,45.67272727272727,0.0,2
2012-04-19,0.44090909090909086,0.23506363636363636,-0.3941454545454546,45.39090909090909,0.0119,2
2012-04-20,0.3890909090909091,0.22514545454545454,-0.40529999999999994,45.663636363636364,0.0383,2
2012-04-21,0.2818181818181818,0.2309,-0.37509090909090914,45.47272727272727,0.0,2
2012-04-22,0.7418181818181818,0.2264090909090909,-0.40440000000000004,45.59090909090909,0.0007,2
2012-04-23,0.29545454545454547,0.24458181818181818,-0.3927727272727273,45.445454545454545,0.0,2
2012-04-24,0.36000000000000004,0.23143636363636363,-0.37225454545454545,45.39090909090909,0.0,2
2012-04-25,2.105454545454546,0.2382,-0.3533636363636364,45.67272727272727,0.0,2
2012-04-26,0.5481818181818182,0.23744545454545454,-0.36971818181818183,45.75454545454546,0.0,2
2012-04-27,1.2854545454545454,0.24217272727272726,-0.3624454545454545,45.38181818181818,0.0,2
2012-04-28,0.38181818181818183,0.24470909090909093,-0.3924818181818182,45.836363636363636,0.0042,2
2012-04-29,0.0,0.23481818181818184,-0.4210090909090909,45.46363636363637,0.0001,2
2012-04-30,0.2863636363636364,0.24493636363636365,-0.4038272727272727,46.07272727272727,0.0409,2
2012-05-01,1.689090909090909,0.2433,-0.1834727272727273,45.58181818181818,0.0722,2
2012-05-02,0.30000000000000004,0.24699090909090907,-0.19255454545454545,46.190909090909095,0.1032,2
2012-05-03,1.11,0.2367181818181818,-0.16619090909090908,45.54545454545455,0.0152,2
2012-05-04,0.2727272727272727,0.2394181818181818,-0.18623636363636364,45.58181818181818,0.0959,2
2012-05-05,0.6063636363636363,0.24233636363636366,-0.1764909090909091,45.92727272727273,0.053,2
2012-05-06,1.008181818181818,0.2504181818181818,-0.17823636363636364,46.190909090909095,0.053,2
2012-05-07,1.030909090909091,0.24447272727272729,-0.1678909090909091,45.89090909090909,0.0514,2
2012-05-08,0.04363636363636363,0.25072727272727274,-0.17013636363636364,45.90909090909091,0.0261,2
2012-05-09,0.31,0.2509090909090909,-0.1727090909090909,46.627272727272725,0.0681,2
2012-05-10,1.9318181818181819,0.24707272727272728,-0.16235454545454545,46.154545454545456,0.0647,2
2012-05-11,0.3145454545454546,0.26023636363636365,-0.1813090909090909,46.35454545454545,0.0664,2
2012-05-12,1.4727272727272727,0.25227272727272726,-0.16436363636363638,46.57272727272727,0.0779,2
2012-05-13,3.309090909090909,0.27136363636363636,-0.13075454545454546,45.690909090909095,0.0132,2
2012-05-14,0.8181818181818182,0.2637,-0.16496363636363637,45.99090909090909,0.1112,1
2012-05-15,0.9118181818181817,0.2620454545454545,-0.16027272727272726,45.845454545454544,0.0808,2
2012-05-16,2.4854545454545454,0.26423636363636366,-0.14814545454545455,45.9,0.0505,2
2012-05-17,0.5481818181818182,0.26899090909090906,-0.1514909090909091,45.90909090909091,0.0564,2
2012-05-18,1.3254545454545454,0.2524909090909091,-0.13870000000000002,45.74545454545454,0.0562,2
2012-05-19,0.9745454545454546,0.2660363636363636,-0.1585909090909091,46.1,0.0106,2
2012-05-20,0.8772727272727273,0.2753909090909091,-0.14776363636363635,45.809090909090905,0.0697,2
2012-05-21,1.289090909090909,0.2692,-0.14483636363636362,45.70909090909091,0.0377,2
2012-05-22,1.9845454545454544,0.2747363636363636,-0.14825454545454544,45.89090909090909,0.0019,2
2012-05-23,0.5881818181818181,0.27424545454545457,-0.1396909090909091,46.04545454545455,0.1076,2
2012-05-24,2.559090909090909,0.2792,-0.10602727272727273,46.24545454545454,0.0742,2
2012-05-25,0.8663636363636363,0.2787272727272727,-0.13307272727272726,45.90909090909091,0.0625,2
2012-05-26,2.3063636363636366,0.28726363636363633,-0.12255454545454546,46.07272727272727,0.1083,2
2012-05-27,1.4136363636363638,0.2807545454545454,-0.1234090909090909,45.85454545454545,0.1047,1
2012-05-28,2.2390909090909092,0.28296363636363636,-0.1144909090909091,45.68181818181818,0.1317,1
2012-05-29,2.862727272727273,0.28715454545454544,-0.10764545454545454,45.58181818181818,0.0844,1
2012-05-30,2.0772727272727276,0.2974363636363636,-0.11045454545454546,46.07272727272727,0.0602,1
2012-05-31,5.647272727272727,0.30314545454545455,-0.07040909090909091,45.76363636363636,0.1364,1
2012-06-01,3.1763636363636363,0.2968090909090909,-0.06540909090909092,46.09090909090909,0.1592,1
2012-06-02,1.360909090909091,0.2971818181818182,-0.09343636363636364,46.27272727272727,0.1157,1
2012-06-03,3.3127272727272725,0.30987272727272724,-0.07452727272727272,45.88181818181818,0.123,1
2012-06-04,1.4654545454545456,0.31982727272727274,-0.09761818181818183,45.554545454545455,0.1164,1
2012-06-05,0.9927272727272727,0.31986363636363635,-0.09826363636363636,45.73636363636364,0.0875,1
2012-06-06,4.206363636363637,0.33798181818181816,-0.04161818181818182,45.86363636363637,0.0851,1
2012-06-07,4.592727272727273,0.3265636363636364,-0.0455909090909091,45.78181818181818,0.0856,1
2012-06-08,3.0345454545454547,0.3397909090909091,-0.05490000000000001,45.21818181818182,0.1446,1
2012-06-09,5.376363636363636,0.3355,-0.029999999999999995,45.62727272727273,0.0992,1
2012-06-10,2.494545454545454,0.3286909090909091,-0.04320000000000001,46.018181818181816,0.1269,1
2012-06-11,10.145454545454545,0.35527272727272724,0.00419090909090909,44.92727272727273,0.1434,1
2012-06-12,9.867272727272727,0.3451818181818182,0.04521818181818182,45.79090909090909,0.2144,1
2012-06-13,3.637272727272727,0.35854545454545456,-0.014263636363636362,45.14545454545455,0.2024,1
2012-06-14,9.76,0.3549363636363636,0.03171818181818182,45.08181818181818,0.1915,0
2012-06-15,9.23,0.36878181818181816,0.048054545454545454,45.68181818181818,0.2195,1
2012-06-16,2.462727272727273,0.3643363636363636,-0.028136363636363636,45.60909090909091,0.194,1
2012-06-17,10.610909090909091,0.37810909090909095,0.07519090909090909,45.21818181818182,0.2291,1
2012-06-18,5.6054545454545455,0.39723636363636367,0.022272727272727274,44.872727272727275,0.2447,0
2012-06-19,11.38090909090909,0.40419090909090905,0.09443636363636364,45.11818181818182,0.2936,1
2012-06-20,8.69909090909091,0.4058818181818182,0.055445454545454555,44.88181818181818,0.2683,1
2012-06-21,14.1,0.4228818181818182,0.11869999999999999,45.27272727272727,0.2965,0
2012-06-22,8.766363636363637,0.43751818181818175,0.06122727272727273,45.00909090909091,0.293,0
2012-06-23,25.716363636363635,0.4446727272727273,0.1865,44.699999999999996,0.3451,0
2012-06-24,16.170909090909092,0.4586272727272727,0.13263636363636364,44.345454545454544,0.3558,0
2012-06-25,7.175454545454546,0.4591545454545454,0.07100000000000001,44.49090909090909,0.3012,0
2012-06-26,23.248181818181816,0.4758909090909091,0.19213636363636366,44.445454545454545,0.4429,0
2012-06-27,14.775454545454545,0.4968272727272727,0.1585909090909091,44.68181818181818,0.4601,1
2012-06-28,14.319090909090908,0.501109090909091,0.11587272727272727,44.13636363636363,0.3125,0
2012-06-29,34.87181818181818,0.5141272727272728,0.20746363636363635,44.154545454545456,0.5267,0
2012-06-30,19.726363636363637,0.5176909090909091,0.1983090909090909,44.46363636363637,0.4383,0
2012-07-01,13.622727272727273,0.5361,0.12331818181818183,42.82727272727273,0.4702,0
2012-07-02,24.742727272727276,0.5484909090909091,0.24982727272727273,43.38181818181818,0.5284,0
2012-07-03,14.431818181818182,0.5591727272727273,0.17477272727272727,43.127272727272725,0.5304,0
2012-07-04,18.232727272727274,0.5629727272727273,0.1799909090909091,43.29090909090909,0.4747,0
2012-07-05,16.824545454545454,0.5797545454545454,0.1629090909090909,42.97272727272727,0.5504,0
2012-07-06,17.257272727272724,0.5857818181818182,0.20440000000000003,43.04545454545455,0.4546,0
2012-07-07,13.982727272727272,0.6054727272727273,0.20213636363636364,42.53636363636363,0.4298,0
2012-07-08,20.49,0.6098909090909092,0.23289090909090907,42.92727272727273,0.4786,0
2012-07-09,35.121818181818185,0.6165636363636363,0.2756454545454545,42.336363636363636,0.5386,0
2012-07-10,29.51181818181818,0.6318727272727273,0.31412727272727275,42.52727272727273,0.5585,0
2012-07-11,18.51181818181818,0.6275454545454546,0.2279181818181818,42.22727272727273,0.5415,0
2012-07-12,22.549090909090907,0.6350818181818182,0.2540454545454545,42.56363636363636,0.6287,0
2012-07-13,25.64636363636364,0.6420363636363636,0.2738909090909091,41.99090909090909,0.5669,0
2012-07-14,20.847272727272728,0.6393454545454546,0.2499727272727273,42.56363636363636,0.6382,0
2012-07-15,41.050000000000004,0.6545545454545455,0.36920000000000003,41.89090909090909,0.7527,0
2012-07-16,25.50272727272727,0.6662181818181818,0.31514545454545456,41.85454545454545,0.6611,0
2012-07-17,24.833636363636366,0.6678636363636363,0.28846363636363637,40.981818181818184,0.6527,0
2012-07-18,29.96181818181818,0.6700181818181818,0.30167272727272726,41.53636363636363,0.6475,0
2012-07-19,33.02363636363636,0.6863818181818182,0.3497181818181818,41.02727272727273,0.7925,0
2012-07-20,49.61636363636364,0.679390909090909,0.4290090909090909,40.800000000000004,0.774,0
2012-07-21,35.33,0.6964727272727272,0.3795,40.63636363636363,0.7515,0
2012-07-22,29.137272727272727,0.6923909090909091,0.3574090909090909,41.445454545454545,0.7878,0
2012-07-23,50.405454545454546,0.6930272727272727,0.39538181818181817,40.82727272727273,0.7317,0
2012-07-24,27.298181818181817,0.7032363636363637,0.3420636363636364,40.872727272727275,0.7173,0
2012-07-25,25.700909090909093,0.7023909090909091,0.3343909090909091,40.82727272727272,0.6994,0
2012-07-26,26.822727272727274,0.7042181818181817,0.35169090909090905,40.28181818181818,0.7104,0
2012-07-27,29.825454545454544,0.6988818181818183,0.3311,40.39090909090909,0.7437,0
2012-07-28,19.177272727272726,0.7146181818181818,0.3072272727272727,40.58181818181818,0.7342,0
2012-07-29,32.77454545454545,0.7219454545454546,0.3690454545454545,39.96363636363637,0.7588,0
2012-07-30,27.235454545454544,0.7188,0.2842818181818182,40.154545454545456,0.7151,0
2012-07-31,29.817272727272726,0.7301363636363636,0.3356909090909091,39.95454545454545,0.7767,0
2012-08-01,39.28727272727273,0.7247454545454546,0.4325909090909091,39.981818181818184,0.745,0
2012-08-02,38.21636363636364,0.7334636363636363,0.31843636363636363,39.95454545454545,0.7909,0
2012-08-03,30.547272727272727,0.7374727272727273,0.38325454545454546,39.6,0.7617,0
2012-08-04,35.697272727272725,0.7409272727272728,0.36660000000000004,39.25454545454546,0.7395,0
2012-08-05,44.75,0.7392363636363637,0.40037272727272727,39.627272727272725,0.782,0
2012-08-06,29.060909090909092,0.7447454545454545,0.32079090909090907,39.4,0.737,0
2012-08-07,29.077272727272728,0.7409363636363636,0.3269545454545455,39.21818181818182,0.7944,0
2012-08-08,20.525454545454544,0.7575181818181819,0.2311181818181818,38.43636363636363,0.7321,0
2012-08-09,36.266363636363636,0.7582272727272727,0.37978181818181816,39.554545454545455,0.716,0
2012-08-10,28.995454545454546,0.7494636363636363,0.31876363636363636,38.67272727272727,0.7394,0
2012-08-11,43.32636363636364,0.7515363636363636,0.32973636363636366,38.71818181818182,0.6751,0
2012-08-12,34.35909090909091,0.7502181818181818,0.40120909090909085,38.90909090909091,0.7626,0
2012-08-13,29.225454545454546,0.7566818181818181,0.30729090909090906,38.54545454545455,0.8296,0
2012-08-14,27.547272727272727,0.7596181818181819,0.2783272727272727,38.13636363636363,0.735,0
2012-08-15,26.139090909090907,0.7437,0.27402727272727273,38.03636363636363,0.7526,0
2012-08-16,23.75090909090909,0.7553272727272727,0.2566818181818182,38.35454545454545,0.6907,0
2012-08-17,22.934545454545454,0.7607454545454545,0.23540909090909093,37.9,0.7231,0
2012-08-18,24.491818181818186,0.7508818181818182,0.31411818181818185,38.054545454545455,0.7576,0
2012-08-19,19.18909090909091,0.7561545454545455,0.2564272727272727,38.03636363636363,0.6593,0
2012-08-20,30.39454545454545,0.7523272727272728,0.29116363636363635,37.74545454545454,0.6404,0
2012-08-21,28.882727272727276,0.7672272727272728,0.3257454545454545,37.61818181818182,0.6882,0
2012-08-22,22.747272727272726,0.7669909090909091,0.2727090909090909,37.56363636363636,0.6305,0
2012-08-23,19.778181818181817,0.7588818181818181,0.23182727272727274,37.57272727272727,0.7097,0
2012-08-24,24.003636363636364,0.7723181818181818,0.21018181818181816,37.309090909090905,0.6253,0
2012-08-25,25.11636363636364,0.7601,0.1555,37.481818181818184,0.6321,0
2012-08-26,23.792727272727276,0.759990909090909,0.21859090909090909,36.86363636363637,0.6755,0
2012-08-27,23.413636363636364,0.7557272727272728,0.25436363636363635,37.06363636363636,0.6467,0
2012-08-28,21.984545454545454,0.760909090909091,0.18121818181818183,36.95454545454545,0.5803,0
2012-08-29,22.999090909090906,0.7626636363636364,0.18536363636363637,37.07272727272727,0.6244,0
2012-08-30,9.65090909090909,0.7527272727272727,0.11255454545454545,36.68181818181818,0.5549,0
2012-08-31,20.971818181818183,0.7632363636363636,0.13878181818181817,37.054545454545455,0.622,0
2012-09-01,7.350909090909091,0.7628181818181818,0.0865909090909091,36.418181818181814,0.5082,0
2012-09-02,13.585454545454546,0.7591545454545454,0.13217272727272728,36.71818181818182,0.514,0
2012-09-03,1.4390909090909092,0.7515636363636364,0.010454545454545454,36.59090909090909,0.3591,0
2012-09-04,10.477272727272727,0.7586181818181817,0.08798181818181817,36.20909090909091,0.3905,0
2012-09-05,14.387272727272727,0.7580545454545454,0.13768181818181818,36.79090909090909,0.4174,0
2012-09-06,3.972727272727273,0.7456727272727274,0.03567272727272727,36.63636363636363,0.3172,0
2012-09-07,9.097272727272726,0.7528909090909092,0.0706,36.663636363636364,0.3438,0
2012-09-08,8.055454545454545,0.7608999999999999,0.04866363636363636,36.22727272727273,0.3615,0
2012-09-09,10.19090909090909,0.7471545454545455,0.057081818181818185,36.18181818181818,0.2678,0
2012-09-10,7.508181818181819,0.7465909090909091,0.04146363636363636,36.481818181818184,0.3935,0
2012-09-11,8.171818181818182,0.7416727272727273,0.039345454545454545,36.35454545454545,0.3524,0
2012-09-12,12.983636363636363,0.7296636363636364,0.035290909090909095,35.800000000000004,0.3234,0
2012-09-13,7.067272727272728,0.7196,0.018472727272727273,36.32727272727273,0.3537,0
2012-09-14,8.093636363636364,0.7355090909090909,0.024063636363636363,35.67272727272727,0.3215,0
2012-09-15,3.478181818181818,0.7118363636363637,-0.026636363636363635,35.77272727272727,0.3373,0
2012-09-16,8.82909090909091,0.7151545454545455,0.024663636363636367,35.96363636363637,0.3259,0
2012-09-17,7.879090909090909,0.7051545454545455,-0.003036363636363643,35.57272727272727,0.3412,0
2012-09-18,2.090909090909091,0.6896636363636364,-0.05675454545454545,36.03636363636363,0.3167,0
2012-09-19,6.986363636363637,0.6763181818181818,-0.008099999999999998,35.42727272727273,0.2774,0
2012-09-20,7.305454545454546,0.6803636363636364,-0.006645454545454549,35.60909090909091,0.2498,0
2012-09-21,1.1363636363636365,0.6669818181818182,-0.05618181818181818,35.845454545454544,0.301,0
2012-09-22,3.2372727272727273,0.6541545454545455,-0.06605454545454546,35.45454545454545,0.2105,0
2012-09-23,1.430909090909091,0.6460363636363636,-0.08787272727272727,35.96363636363637,0.226,0
2012-09-24,2.6245454545454545,0.6274272727272727,-0.05184545454545455,35.345454545454544,0.2477,0
2012-09-25,4.325454545454545,0.6235727272727273,-0.04447272727272727,35.29090909090909,0.2357,0
2012-09-26,0.7045454545454546,0.6250363636363636,-0.10999090909090908,35.57272727272727,0.2111,0
2012-09-27,3.4454545454545453,0.6011727272727273,-0.06371818181818183,35.32727272727273,0.2075,0
2012-09-28,0.49727272727272726,0.5949636363636364,-0.10779999999999999,35.42727272727273,0.1633,0
2012-09-29,0.0,0.5856090909090909,-0.10348181818181819,35.58181818181818,0.1653,0
2012-09-30,2.1545454545454543,0.5687818181818182,-0.10675454545454546,35.190909090909095,0.1952,0
2012-10-01,0.06454545454545454,0.5780545454545455,-0.12805454545454545,34.89090909090909,0.1213,0
2012-10-02,0.0,0.5611454545454545,-0.12172727272727273,35.24545454545454,0.178,0
2012-10-03,0.38181818181818183,0.5537636363636363,-0.12380000000000001,35.02727272727273,0.2526,0
2012-10-04,0.1827272727272727,0.5707545454545454,-0.12903636363636364,34.78181818181818,0.1543,0
2012-10-05,0.8190909090909091,0.5478545454545455,-0.1257818181818182,34.99090909090909,0.1677,0
2012-10-06,1.1063636363636364,0.5328,-0.1279909090909091,34.92727272727273,0.1823,0
2012-10-07,0.9045454545454544,0.5131363636363636,-0.13623636363636363,34.336363636363636,0.1455,0
2012-10-08,0.0,0.5199909090909091,-0.14763636363636362,34.53636363636363,0.1643,0
2012-10-09,0.2427272727272727,0.49711818181818185,-0.14571818181818183,34.872727272727275,0.1326,0
2012-10-10,0.0,0.48693636363636367,-0.1355909090909091,34.58181818181818,0.1536,0
2012-10-11,0.9218181818181819,0.4959818181818182,-0.125,34.5,0.1171,0
2012-10-12,0.14818181818181816,0.48164545454545454,-0.14046363636363635,34.71818181818182,0.1645,0
2012-10-13,0.0,0.46340000000000003,-0.14281818181818182,34.39090909090909,0.156,0
2012-10-14,1.2518181818181817,0.4681909090909091,-0.15361818181818182,34.52727272727273,0.1237,0
2012-10-15,0.0,0.45228181818181823,-0.1571818181818182,34.627272727272725,0.2259,1
2012-10-16,0.8581818181818182,0.4422727272727273,-0.14468181818181816,34.02727272727273,0.0856,0
2012-10-17,0.33272727272727276,0.44681818181818184,-0.15517272727272727,34.1,0.147,0
2012-10-18,0.14909090909090908,0.4254090909090909,-0.1703909090909091,33.32727272727273,0.133,1
2012-10-19,0.32545454545454544,0.4362818181818182,-0.1571,34.154545454545456,0.1587,1
2012-10-20,0.06272727272727273,0.41739090909090915,-0.15885454545454547,34.26363636363636,0.1384,1
2012-10-21,0.2490909090909091,0.41791818181818186,-0.1613090909090909,34.38181818181818,0.1571,1
2012-10-22,0.0,0.39124545454545456,-0.16404545454545455,34.300000000000004,0.1577,1
2012-10-23,0.5509090909090909,0.40191818181818184,-0.1529090909090909,34.10909090909091,0.1891,1
2012-10-24,0.0,0.3984272727272727,-0.16255454545454545,33.845454545454544,0.1617,1
2012-10-25,0.37454545454545457,0.37547272727272724,-0.16817272727272728,34.20909090909091,0.1832,1
2012-10-26,0.0,0.38368181818181823,-0.16723636363636363,33.67272727272727,0.1268,1
2012-10-27,0.08727272727272727,0.3785636363636364,-0.1741909090909091,33.809090909090905,0.2257,1
2012-10-28,0.1809090909090909,0.37502727272727276,-0.16702727272727272,34.03636363636363,0.1488,1
2012-10-29,0.4263636363636364,0.3824090909090909,-0.1606090909090909,33.809090909090905,0.1683,1
2012-10-30,0.0,0.36257272727272727,-0.16747272727272727,33.64545454545455,0.1373,1
2012-10-31,0.07272727272727274,0.35765454545454545,-0.17086363636363636,33.20909090909091,0.1466,1
2012-11-01,0.18454545454545454,0.3493727272727273,-0.40640909090909094,33.85454545454545,0.0992,1
2012-11-02,0.0,0.36394545454545457,-0.3921909090909091,33.78181818181818,0.1237,1
2012-11-03,0.19454545454545452,0.3397,-0.4068545454545455,33.86363636363637,0.1029,1
2012-11-04,0.11727272727272728,0.3354,-0.41094545454545456,34.04545454545455,0.1155,2
2012-11-05,0.045454545454545456,0.32827272727272727,-0.39354545454545453,33.96363636363637,0.067,2
2012-11-06,0.046363636363636364,0.32542727272727273,-0.3829272727272727,32.96363636363637,0.1921,1
2012-11-07,0.018181818181818184,0.32346363636363634,-0.4149272727272727,33.67272727272727,0.1222,2
2012-11-08,0.049090909090909095,0.31970000000000004,-0.3815636363636364,33.6,0.1297,2
2012-11-09,0.026363636363636363,0.31523636363636365,-0.385409090909091,33.74545454545454,0.1204,2
2012-11-10,0.015454545454545455,0.31724545454545455,-0.45130909090909094,33.03636363636363,0.0902,2
2012-11-11,0.05545454545454545,0.3122090909090909,-0.3812909090909091,33.53636363636363,0.159,2
2012-11-12,0.0,0.30242727272727277,-0.39681818181818185,33.345454545454544,0.1062,2
2012-11-13,0.01909090909090909,0.3124636363636364,-0.3854909090909091,33.36363636363637,0.1469,2
2012-11-14,0.0,0.3136272727272727,-0.3679545454545455,33.79090909090909,0.0685,2
2012-11-15,0.11636363636363635,0.2988818181818182,-0.3532181818181818,33.64545454545455,0.1418,1
2012-11-16,0.018181818181818184,0.29467272727272725,-0.37321818181818184,33.59090909090909,0.1048,2
2012-11-17,0.05090909090909091,0.30109090909090913,-0.39835454545454546,33.74545454545454,0.1774,2
2012-11-18,0.01636363636363636,0.2944363636363636,-0.39347272727272725,33.39090909090909,0.0747,2
2012-11-19,0.0,0.28882727272727277,-0.38330909090909093,33.59090909090909,0.0959,2
2012-11-20,0.0,0.27584545454545456,-0.40301818181818183,33.345454545454544,0.1607,2
2012-11-21,0.0,0.2818090909090909,-0.40604545454545454,33.45454545454545,0.157,2
2012-11-22,0.03363636363636364,0.27787272727272727,-0.3708636363636364,33.70909090909091,0.0736,2
2012-11-23,0.0,0.2775909090909091,-0.3907818181818181,33.445454545454545,0.1332,2
2012-11-24,0.01909090909090909,0.2757636363636364,-0.35710000000000003,34.018181818181816,0.0847,2
2012-11-25,0.0,0.27022727272727276,-0.41954545454545455,33.43636363636364,0.0978,2
2012-11-26,0.02909090909090909,0.27193636363636364,-0.3972818181818182,33.663636363636364,0.1035,2
2012-11-27,0.010909090909090908,0.2721545454545455,-0.4083272727272727,33.49090909090909,0.0625,2
2012-11-28,0.006363636363636364,0.25980000000000003,-0.37863636363636366,33.163636363636364,0.1321,2
2012-11-29,0.016363636363636365,0.2650727272727273,-0.4097545454545454,33.40909090909091,0.125,2
2012-11-30,0.006363636363636364,0.25543636363636363,-0.39687272727272727,33.57272727272727,0.1345,2
2012-12-01,0.0,0.2635090909090909,-0.4017727272727273,33.70909090909091,0.1796,2
2012-12-02,0.0,0.27530000000000004,-0.40136363636363637,33.91818181818182,0.1269,2
2012-12-03,0.04,0.2561363636363636,-0.3923818181818182,33.88181818181818,0.092,2
2012-12-04,0.01,0.25732727272727274,-0.3953,33.53636363636363,0.1336,2
2012-12-05,0.0,0.2550636363636363,-0.43015454545454546,34.14545454545455,0.111,2
2012-12-06,0.0,0.2530363636363636,-0.4418090909090909,34.02727272727273,0.1363,2
2012-12-07,0.013636363636363636,0.26287272727272726,-0.40912727272727273,33.90909090909091,0.1008,2
2012-12-08,0.0,0.2514,-0.3804636363636364,33.51818181818182,0.1381,2
2012-12-09,0.0,0.2536181818181818,-0.4018272727272727,33.627272727272725,0.075,2
2012-12-10,0.0,0.24745454545454545,-0.36490000000000006,34.07272727272727,0.0714,2
2012-12-11,0.0,0.2450909090909091,-0.4067727272727273,33.49090909090909,0.1302,2
2012-12-12,0.05545454545454545,0.24494545454545455,-0.4304090909090909,34.22727272727273,0.1385,2
2012-12-13,0.09,0.24722727272727274,-0.4022727272727273,33.91818181818182,0.1016,2
2012-12-14,0.026363636363636363,0.23670909090909092,-0.43550909090909096,34.50909090909091,0.1154,2
2012-12-15,0.2890909090909091,0.24459999999999998,-0.4178545454545455,34.04545454545455,0.0544,2
2012-12-16,0.04818181818181819,0.23914545454545458,-0.39559090909090905,33.845454545454544,0.089,2
2012-12-17,0.0,0.24863636363636363,-0.3906727272727272,34.190909090909095,0.1051,2
2012-12-18,0.10909090909090909,0.23832727272727272,-0.36601818181818185,34.02727272727273,0.156,2
2012-12-19,0.002727272727272727,0.22182727272727273,-0.3921181818181818,34.481818181818184,0.1476,2
2012-12-20,0.046363636363636364,0.24282727272727272,-0.38287272727272725,34.054545454545455,0.1099,2
2012-12-21,0.0,0.23280909090909094,-0.3875090909090909,34.32727272727273,0.1355,2
2012-12-22,0.0,0.2252909090909091,-0.3885181818181818,34.445454545454545,0.1029,2
2012-12-23,0.01636363636363636,0.23483636363636365,-0.4027181818181818,34.36363636363637,0.0468,2
2012-12-24,0.06909090909090909,0.23336363636363638,-0.37985454545454544,34.70909090909091,0.1149,2
2012-12-25,0.0,0.23213636363636364,-0.39529090909090914,34.27272727272727,0.0754,2
2012-12-26,0.0,0.2322727272727273,-0.38181818181818183,34.49090909090909,0.1185,2
2012-12-27,0.0,0.24032727272727275,-0.40578181818181813,35.163636363636364,0.1026,2
2012-12-28,0.0,0.22582727272727274,-0.37003636363636366,34.86363636363637,0.1467,2
2012-12-29,0.011818181818181818,0.23151818181818182,-0.40054545454545454,35.154545454545456,0.1268,2
2012-12-30,0.0,0.23587272727272726,-0.3756727272727273,34.690909090909095,0.1238,2
2012-12-31,0.03363636363636364,0.22419090909090908,-0.4061090909090909,35.02727272727273,0.1106,2
2013-01-01,0.0,0.22587272727272725,-0.40894545454545456,34.945454545454545,0.099,2
2013-01-02,0.0,0.20071818181818182,-0.3830363636363636,35.08181818181818,0.073,2
2013-01-03,0.01909090909090909,0.20783636363636362,-0.3934818181818182,35.23636363636364,0.0,2
2013-01-04,0.04272727272727273,0.21401818181818183,-0.36798181818181813,35.58181818181818,0.0792,2
2013-01-05,0.0,0.21662727272727275,-0.43021818181818183,35.56363636363636,0.0745,2
2013-01-06,0.04181818181818182,0.2203909090909091,-0.4047,35.24545454545454,0.0577,2
2013-01-07,0.0,0.21109999999999998,-0.4006727272727273,35.372727272727275,0.0455,2
2013-01-08,0.0,0.22064545454545453,-0.42122727272727273,35.85454545454545,0.0994,2
2013-01-09,0.009090909090909092,0.21323636363636364,-0.4390818181818182,35.81818181818182,0.0866,2
2013-01-10,0.035454545454545454,0.21163636363636362,-0.43932727272727273,35.72727272727273,0.0805,2
2013-01-11,0.07454545454545454,0.22722727272727275,-0.3968727272727273,36.018181818181816,0.1245,2
2013-01-12,0.0,0.22642727272727273,-0.39707272727272724,35.73636363636364,0.0818,2
2013-01-13,0.0,0.21757272727272728,-0.41516363636363635,36.06363636363636,0.0652,2
2013-01-14,0.034545454545454546,0.21673636363636364,-0.3968,36.309090909090905,0.1226,2
2013-01-15,0.11999999999999998,0.22179090909090912,-0.39994545454545455,36.54545454545455,0.0753,2
2013-01-16,0.007272727272727273,0.22512727272727273,-0.3896272727272727,35.91818181818182,0.0868,2
2013-01-17,0.0,0.20904545454545456,-0.3925272727272727,36.1,0.0465,2
2013-01-18,0.05181818181818181,0.2138,-0.4198454545454545,36.199999999999996,0.0891,2
2013-01-19,0.0,0.20973636363636364,-0.4073363636363636,36.53636363636363,0.077,2
2013-01-20,0.049090909090909095,0.22024545454545452,-0.43016363636363636,36.63636363636363,0.0882,2
2013-01-21,0.0,0.21847272727272726,-0.3956181818181818,36.654545454545456,0.0611,2
2013-01-22,0.09636363636363637,0.2104818181818182,-0.4239181818181818,36.9,0.0853,2
2013-01-23,0.1490909090909091,0.2207090909090909,-0.4384363636363636,36.845454545454544,0.0594,2
2013-01-24,0.07727272727272727,0.20765454545454543,-0.4295,37.845454545454544,0.138,2
2013-01-25,0.1490909090909091,0.2199181818181818,-0.4312818181818182,36.96363636363637,0.0458,2
2013-01-26,0.023636363636363636,0.21312727272727272,-0.3623454545454545,36.86363636363637,0.0379,2
2013-01-27,0.0,0.21803636363636364,-0.42406363636363636,37.08181818181818,0.0875,2
2013-01-28,0.0,0.2141,-0.3780818181818182,38.13636363636363,0.084,2
2013-01-29,0.0018181818181818182,0.21915454545454544,-0.4107181818181818,37.481818181818184,0.0826,2
2013-01-30,0.04,0.21854545454545454,-0.38112727272727276,37.35454545454545,0.0565,2
2013-01-31,0.10818181818181817,0.20047272727272727,-0.4189090909090909,37.82727272727273,0.0891,2
2013-02-01,0.0036363636363636364,0.20578181818181818,-0.44627272727272727,37.981818181818184,0.0423,2
2013-02-02,0.07090909090909091,0.22743636363636366,-0.38293636363636363,37.45454545454545,0.0764,2
2013-02-03,0.05,0.22369090909090908,-0.4165090909090909,37.690909090909095,0.0897,2
2013-02-04,0.0036363636363636364,0.2244818181818182,-0.40199090909090907,37.92727272727273,0.103,2
2013-02-05,0.12363636363636363,0.2162909090909091,-0.3727181818181818,38.38181818181818,0.0843,2
2013-02-06,0.00818181818181818,0.21954545454545454,-0.4547181818181818,37.72727272727273,0.0528,2
2013-02-07,0.031818181818181815,0.2146727272727273,-0.4150181818181818,38.309090909090905,0.047,2
2013-02-08,0.03363636363636364,0.20647272727272725,-0.40598181818181817,38.56363636363636,0.0392,2
2013-02-09,0.0,0.21783636363636363,-0.37810909090909095,38.77272727272727,0.0595,2
2013-02-10,0.0,0.21335454545454546,-0.42406363636363636,38.43636363636364,0.0782,2
2013-02-11,0.05818181818181818,0.21257272727272725,-0.42729090909090905,38.82727272727273,0.0836,2
2013-02-12,0.0,0.2220909090909091,-0.3654545454545454,38.71818181818182,0.0846,2
2013-02-13,0.27090909090909093,0.21625454545454545,-0.4049,39.27272727272727,0.1236,2
2013-02-14,0.042727272727272725,0.21459999999999999,-0.40035454545454546,38.99090909090909,0.0484,2
2013-02-15,0.014545454545454545,0.21278181818181816,-0.40753636363636364,39.699999999999996,0.0683,2
2013-02-16,0.0,0.21344545454545455,-0.38637272727272726,39.336363636363636,0.0676,2
2013-02-17,0.034545454545454546,0.20647272727272725,-0.3830363636363636,39.50909090909091,0.0821,2
2013-02-18,0.01,0.22412727272727276,-0.37275454545454545,39.53636363636363,0.0802,2
2013-02-19,0.009090909090909092,0.20822727272727273,-0.40958181818181816,39.945454545454545,0.0192,2
2013-02-20,0.0,0.2076181818181818,-0.3967272727272727,39.39090909090909,0.0385,2
2013-02-21,0.1309090909090909,0.20894545454545455,-0.4162181818181818,39.70909090909091,0.0,2
2013-02-22,0.06090909090909091,0.21901818181818183,-0.42065454545454545,39.39090909090909,0.0771,2
2013-02-23,0.0,0.22135454545454544,-0.39417272727272723,39.800000000000004,0.005,2
2013-02-24,0.0,0.21139090909090907,-0.4004090909090909,39.809090909090905,0.0133,2
2013-02-25,0.18454545454545454,0.209,-0.39246363636363635,40.45454545454545,0.0417,2
2013-02-26,0.011818181818181818,0.2073636363636364,-0.40058181818181815,40.28181818181818,0.0195,2
2013-02-27,0.0,0.2263,-0.40990909090909095,40.74545454545454,0.0461,2
2013-02-28,0.0,0.21617272727272727,-0.4269,40.54545454545455,0.0813,2
2013-03-01,0.0009090909090909091,0.22590000000000002,-0.42157272727272727,40.79090909090909,0.0301,2
2013-03-02,0.0,0.2284727272727273,-0.44035454545454544,41.054545454545455,0.0449,2
2013-03-03,0.0,0.21146363636363638,-0.3668272727272727,40.43636363636364,0.0425,2
2013-03-04,0.0,0.21574545454545457,-0.4053727272727273,41.199999999999996,0.0223,2
2013-03-05,0.0,0.22317272727272727,-0.3951454545454546,40.809090909090905,0.0605,2
2013-03-06,0.0,0.2260727272727273,-0.40559999999999996,41.47272727272727,0.0462,2
2013-03-07,0.0009090909090909091,0.21472727272727274,-0.4114636363636363,41.54545454545455,0.0187,2
2013-03-08,0.0009090909090909091,0.21108181818181818,-0.3633090909090909,41.75454545454546,0.074,2
2013-03-09,0.0,0.2133909090909091,-0.4094090909090909,41.54545454545455,0.058,2
2013-03-10,0.0018181818181818182,0.22075454545454545,-0.3993272727272727,41.72727272727273,0.0437,2
2013-03-11,0.0,0.22023636363636365,-0.3841636363636363,41.418181818181814,0.0335,2
2013-03-12,0.0,0.21805454545454547,-0.3778,41.73636363636364,0.05,2
2013-03-13,0.0018181818181818182,0.22116363636363634,-0.42857272727272727,42.0,0.0347,2
2013-03-14,0.0,0.22095454545454543,-0.40543636363636365,41.68181818181818,0.0061,2
2013-03-15,0.0,0.2197,-0.3941818181818182,42.20909090909091,0.0303,2
2013-03-16,0.0,0.20777272727272725,-0.40772727272727277,42.14545454545455,0.0242,2
2013-03-17,0.0,0.21109999999999998,-0.4342636363636364,42.11818181818182,0.0255,2
2013-03-18,0.0009090909090909091,0.21019999999999997,-0.4304272727272727,42.08181818181818,0.0345,2
2013-03-19,0.0036363636363636364,0.2119,-0.41716363636363635,42.845454545454544,0.0515,2
2013-03-20,0.0,0.22693636363636366,-0.41362727272727273,42.336363636363636,0.0,2
2013-03-21,0.0,0.2169090909090909,-0.4064727272727273,43.10909090909091,0.0652,2
2013-03-22,0.0,0.20622727272727273,-0.42406363636363636,42.31818181818182,0.0307,2
2013-03-23,0.004545454545454546,0.21743636363636362,-0.39950909090909087,43.054545454545455,0.0,2
2013-03-24,0.0,0.20909090909090908,-0.4461636363636364,42.54545454545455,0.0958,2
2013-03-25,0.005454545454545454,0.22354545454545455,-0.4046272727272727,42.981818181818184,0.0,2
2013-03-26,0.0,0.22899090909090908,-0.42788181818181814,43.300000000000004,0.0479,2
2013-03-27,0.0,0.2141727272727273,-0.3879363636363636,42.93636363636364,0.0253,2
2013-03-28,0.0,0.21705454545454544,-0.38230000000000003,43.00909090909091,0.0516,2
2013-03-29,0.0036363636363636364,0.21086363636363636,-0.4013090909090909,43.38181818181818,0.0,2
2013-03-30,0.0,0.22575454545454543,-0.42829090909090906,43.45454545454545,0.0,2
2013-03-31,0.01,0.21783636363636363,-0.4087090909090909,43.663636363636364,0.0037,2
2013-04-01,0.08181818181818182,0.2230090909090909,-0.4128727272727273,44.14545454545455,0.0805,2
2013-04-02,0.13454545454545455,0.2234909090909091,-0.3749272727272727,44.300000000000004,0.0,2
2013-04-03,1.492727272727273,0.21583636363636363,-0.3747363636363636,44.018181818181816,0.0,2
2013-04-04,0.6436363636363637,0.22158181818181816,-0.4100818181818182,44.481818181818184,0.0287,2
2013-04-05,0.4063636363636363,0.2159090909090909,-0.39846363636363635,44.93636363636364,0.0555,2
2013-04-06,0.021818181818181816,0.21443636363636365,-0.4048090909090909,44.481818181818184,0.0369,2
2013-04-07,0.18454545454545457,0.22786363636363635,-0.3839727272727273,44.06363636363636,0.0,2
2013-04-08,0.09636363636363637,0.22718181818181818,-0.4013,45.018181818181816,0.0799,2
2013-04-09,0.0,0.22277272727272726,-0.39396363636363635,44.64545454545455,0.0001,2
2013-04-10,0.9627272727272728,0.2204909090909091,-0.37672727272727274,44.981818181818184,0.0033,2
2013-04-11,0.22272727272727275,0.22224545454545455,-0.43796363636363633,45.39090909090909,0.0,2
2013-04-12,0.08545454545454545,0.22320909090909088,-0.36635454545454543,45.48181818181818,0.0027,2
2013-04-13,0.28545454545454546,0.22374545454545453,-0.3901818181818182,45.70909090909091,0.0133,2
2013-04-14,0.01636363636363636,0.22794545454545456,-0.42278181818181815,45.42727272727273,0.0112,2
2013-04-15,0.5518181818181819,0.23101818181818182,-0.41452727272727274,45.35454545454545,0.0583,2
2013-04-16,0.01,0.22473636363636365,-0.4078727272727273,45.43636363636364,0.042,2
2013-04-17,0.0,0.22201818181818184,-0.40354545454545454,44.92727272727273,0.0,2
2013-04-18,2.1972727272727273,0.23525454545454547,-0.3713454545454546,45.56363636363636,0.0018,2
2013-04-19,0.13636363636363635,0.22295454545454546,-0.3820909090909091,45.800000000000004,0.0,2
2013-04-20,0.8454545454545456,0.22072727272727272,-0.39596363636363635,45.77272727272727,0.0,2
2013-04-21,0.0,0.22472727272727272,-0.3898363636363636,46.29090909090909,0.0,2
2013-04-22,0.6936363636363636,0.2292,-0.41017272727272724,46.02727272727273,0.1034,2
2013-04-23,0.5954545454545455,0.22686363636363635,-0.3754090909090909,46.300000000000004,0.027,2
2013-04-24,0.8227272727272728,0.22972727272727275,-0.37729090909090907,45.68181818181818,0.0,2
2013-04-25,0.12363636363636364,0.23204545454545455,-0.4034272727272727,46.1,0.0453,2
2013-04-26,1.7072727272727273,0.2296,-0.36850909090909095,46.154545454545456,0.0178,2
2013-04-27,1.4754545454545456,0.22496363636363637,-0.38312727272727276,46.03636363636363,0.0277,2
2013-04-28,1.319090909090909,0.23263636363636364,-0.3965090909090909,46.47272727272727,0.0913,2
2013-04-29,0.05818181818181818,0.23179999999999998,-0.3800909090909091,45.75454545454546,0.0201,2
2013-04-30,0.07545454545454545,0.23987272727272727,-0.38111818181818186,45.809090909090905,0.0291,2
2013-05-01,0.03818181818181818,0.22703636363636368,-0.1877,46.38181818181818,0.1042,2
2013-05-02,0.14909090909090908,0.23680909090909094,-0.1862818181818182,46.31818181818182,0.1551,2
2013-05-03,0.19363636363636363,0.23773636363636363,-0.1811,45.845454545454544,0.0567,2
2013-05-04,0.0,0.23767272727272726,-0.17786363636363636,46.09090909090909,0.0573,2
2013-05-05,0.32181818181818184,0.23859090909090908,-0.17653636363636363,46.32727272727273,0.082,2
2013-05-06,0.5945454545454546,0.23913636363636365,-0.17806363636363634,46.08181818181818,0.0722,2
2013-05-07,0.8145454545454546,0.23773636363636363,-0.17575454545454547,45.9,0.0,2
2013-05-08,0.7536363636363638,0.23691818181818183,-0.16220909090909091,46.77272727272727,0.0271,2
2013-05-09,0.7827272727272727,0.24481818181818182,-0.1718727272727273,46.1,0.0736,2
2013-05-10,0.7181818181818181,0.24105454545454547,-0.18428181818181819,46.20909090909091,0.072,2
2013-05-11,0.5345454545454545,0.2378090909090909,-0.16083636363636364,46.46363636363637,0.0117,2
2013-05-12,0.7436363636363637,0.2456636363636364,-0.16283636363636364,46.41818181818182,0.0812,2
2013-05-13,0.9036363636363636,0.2478,-0.16363636363636364,46.39090909090909,0.0342,2
2013-05-14,0.07363636363636364,0.23975454545454544,-0.17364545454545455,45.79090909090909,0.0086,2
2013-05-15,1.250909090909091,0.2437363636363636,-0.16093636363636363,45.96363636363637,0.0851,2
2013-05-16,1.2154545454545456,0.24652727272727273,-0.1582727272727273,46.03636363636363,0.0559,2
2013-05-17,1.1854545454545453,0.24794545454545458,-0.15946363636363636,46.63636363636363,0.0154,2
2013-05-18,1.3909090909090909,0.2662909090909091,-0.13972727272727273,46.445454545454545,0.0773,2
2013-05-19,0.32181818181818184,0.2531636363636363,-0.1644,46.154545454545456,0.0827,2
2013-05-20,1.2545454545454546,0.2618727272727273,-0.1519818181818182,46.63636363636363,0.0307,2
2013-05-21,1.6981818181818182,0.25827272727272726,-0.14400000000000002,46.27272727272727,0.0754,2
2013-05-22,2.7072727272727275,0.26449090909090905,-0.12692727272727275,46.31818181818182,0.0741,2
2013-05-23,0.4709090909090909,0.26471818181818185,-0.14443636363636364,46.17272727272727,0.0833,2
2013-05-24,1.5872727272727274,0.2692090909090909,-0.13755454545454546,46.76363636363636,0.0303,2
2013-05-25,2.555454545454545,0.2681454545454546,-0.1194090909090909,46.10909090909091,0.0754,2
2013-05-26,2.460909090909091,0.2707818181818182,-0.11331818181818182,46.06363636363636,0.0746,1
2013-05-27,2.477272727272727,0.262,-0.11058181818181817,46.28181818181818,0.1243,2
2013-05-28,2.5181818181818185,0.2777181818181818,-0.12421818181818182,46.53636363636363,0.1038,2
2013-05-29,3.0600000000000005,0.2757090909090909,-0.10828181818181819,46.13636363636363,0.04,2
2013-05-30,1.4554545454545453,0.27395454545454545,-0.11388181818181818,46.5,0.0993,1
2013-05-31,1.6954545454545453,0.27772727272727277,-0.10408181818181818,45.809090909090905,0.0533,1
2013-06-01,2.179090909090909,0.26932727272727275,-0.08078181818181819,45.41818181818182,0.0977,1
2013-06-02,0.3009090909090909,0.2871636363636364,-0.09789090909090908,45.82727272727273,0.0991,1
2013-06-03,1.1245454545454545,0.2838090909090909,-0.1048,45.75454545454546,0.1072,1
2013-06-04,1.7154545454545456,0.30268181818181816,-0.08542727272727273,46.39090909090909,0.0686,1
2013-06-05,0.27636363636363637,0.29010909090909087,-0.08543636363636363,46.345454545454544,0.0681,1
2013-06-06,4.365454545454546,0.2993,-0.04996363636363636,45.981818181818184,0.0825,1
2013-06-07,3.421818181818182,0.31353636363636367,-0.04433636363636364,45.372727272727275,0.0767,1
2013-06-08,6.821818181818181,0.3008454545454545,-0.013145454545454545,46.18181818181818,0.1442,1
2013-06-09,2.6709090909090913,0.31204545454545457,-0.05446363636363636,46.00909090909091,0.1029,1
2013-06-10,16.453636363636363,0.3212,-0.007009090909090909,45.99090909090909,0.1289,1
2013-06-11,23.008181818181818,0.3402545454545454,0.018881818181818184,45.64545454545455,0.1915,0
2013-06-12,27.00090909090909,0.35062727272727273,0.05996363636363636,45.77272727272727,0.3365,1
2013-06-13,3.5745454545454547,0.3623727272727273,-0.028554545454545454,45.58181818181818,0.2489,1
2013-06-14,1.2309090909090907,0.3497,-0.03679090909090909,45.74545454545454,0.2745,1
2013-06-15,0.0,0.3559545454545454,-0.05079090909090909,45.690909090909095,0.2552,0
2013-06-16,5.347272727272728,0.3599636363636364,-0.01628181818181818,45.25454545454546,0.2944,1
2013-06-17,4.067272727272727,0.3736363636363636,-0.003399999999999999,45.654545454545456,0.2831,1
2013-06-18,6.804545454545454,0.3857090909090909,0.018927272727272727,44.836363636363636,0.2438,1
2013-06-19,5.947272727272727,0.3848090909090909,0.026436363636363636,45.300000000000004,0.15,1
2013-06-20,18.495454545454546,0.38573636363636365,0.0909,45.127272727272725,0.2519,1
2013-06-21,10.522727272727273,0.4140727272727273,0.07748181818181818,45.309090909090905,0.2129,0
2013-06-22,5.303636363636364,0.4047545454545455,0.03878181818181818,45.00909090909091,0.2411,1
2013-06-23,17.041818181818183,0.4187181818181818,0.13735454545454545,44.872727272727275,0.3012,0
2013-06-24,5.498181818181819,0.42338181818181825,0.024181818181818183,45.14545454545455,0.2654,1
2013-06-25,8.187272727272727,0.4277545454545455,0.06898181818181819,45.0,0.3168,0
2013-06-26,14.97090909090909,0.4386818181818182,0.1366090909090909,45.13636363636363,0.3268,0
2013-06-27,10.412727272727272,0.4491636363636364,0.1072909090909091,44.75454545454546,0.3262,0
2013-06-28,15.469090909090909,0.4664818181818182,0.14206363636363636,44.981818181818184,0.3509,0
2013-06-29,15.975454545454545,0.46129090909090914,0.16634545454545455,44.5,0.43,0
2013-06-30,16.487272727272728,0.47298181818181817,0.16434545454545454,44.36363636363637,0.4278,0
2013-07-01,13.375454545454545,0.5053545454545455,0.14094545454545454,43.45454545454545,0.4082,0
2013-07-02,14.510000000000002,0.49776363636363635,0.16519999999999999,42.91818181818182,0.3993,0
2013-07-03,7.308181818181819,0.5063454545454545,0.10023636363636364,43.39090909090909,0.3791,0
2013-07-04,23.79,0.5384545454545454,0.23498181818181818,43.61818181818182,0.4689,0
2013-07-05,22.953636363636363,0.5277545454545455,0.1708090909090909,43.23636363636364,0.4363,0
2013-07-06,30.55272727272727,0.5567909090909091,0.2462909090909091,42.67272727272728,0.5275,0
2013-07-07,21.74818181818182,0.5557181818181818,0.2300090909090909,43.04545454545455,0.5265,0
2013-07-08,17.604545454545455,0.5590818181818181,0.20217272727272728,42.75454545454546,0.5057,0
2013-07-09,24.236363636363638,0.5804818181818182,0.2483818181818182,43.300000000000004,0.5859,0
2013-07-10,16.362727272727273,0.5743454545454546,0.20517272727272726,42.845454545454544,0.5781,1
2013-07-11,25.882727272727276,0.5901545454545455,0.2449,42.42727272727273,0.6086,0
2013-07-12,20.451818181818183,0.5933818181818182,0.24296363636363638,42.309090909090905,0.5462,0
2013-07-13,21.707272727272727,0.6003272727272727,0.24860909090909092,42.45454545454545,0.5299,0
2013-07-14,25.734545454545454,0.6087454545454546,0.22547272727272727,41.57272727272727,0.5485,0
2013-07-15,20.175454545454546,0.6147818181818182,0.2325090909090909,42.054545454545455,0.5931,0
2013-07-16,31.019090909090906,0.6287272727272728,0.3186909090909091,42.10909090909091,0.5891,0
2013-07-17,47.13999999999999,0.6342,0.30171818181818183,41.60909090909091,0.6353,0
2013-07-18,37.16818181818182,0.6402272727272728,0.3187090909090909,41.73636363636364,0.6965,0
2013-07-19,23.405454545454543,0.6401272727272728,0.29168181818181815,41.36363636363637,0.7353,0
2013-07-20,21.257272727272724,0.6424545454545455,0.27442727272727274,41.53636363636363,0.7212,0
2013-07-21,30.329090909090908,0.6565090909090909,0.3024545454545455,41.57272727272727,0.6989,0
2013-07-22,19.516363636363636,0.662,0.26584545454545455,41.20909090909091,0.7247,0
2013-07-23,31.412727272727274,0.6546636363636363,0.34741818181818185,40.92727272727273,0.747,0
2013-07-24,25.713636363636365,0.6759727272727273,0.2681181818181818,40.97272727272727,0.6835,0
2013-07-25,40.68818181818182,0.6749272727272727,0.3703818181818182,41.445454545454545,0.6945,0
2013-07-26,39.692727272727275,0.6767636363636363,0.3725818181818182,40.89090909090909,0.7577,0
2013-07-27,25.45909090909091,0.6745818181818182,0.2848454545454545,40.40909090909091,0.6636,0
2013-07-28,33.623636363636365,0.6841636363636364,0.3405727272727273,40.699999999999996,0.723,0
2013-07-29,31.526363636363634,0.6857272727272727,0.34618181818181815,40.54545454545455,0.6997,0
2013-07-30,34.20545454545454,0.6951909090909091,0.29841818181818186,40.36363636363637,0.7278,0
2013-07-31,35.71,0.6977454545454546,0.31114545454545456,40.518181818181816,0.7224,0
2013-08-01,34.657272727272726,0.6966727272727273,0.3539818181818182,39.481818181818184,0.7671,0
2013-08-02,22.004545454545454,0.7042545454545455,0.2804090909090909,39.654545454545456,0.7169,0
2013-08-03,22.57090909090909,0.7136454545454546,0.2846181818181818,39.64545454545455,0.7183,0
2013-08-04,22.565454545454546,0.7093454545454545,0.31174545454545455,39.57272727272727,0.7789,0
2013-08-05,44.29454545454545,0.7195636363636364,0.3911090909090909,39.336363636363636,0.7626,0
2013-08-06,32.097272727272724,0.7165363636363636,0.34614545454545453,39.09090909090909,0.7131,0
2013-08-07,29.90818181818182,0.7198454545454546,0.32395454545454544,39.45454545454545,0.7129,0
2013-08-08,15.332727272727272,0.7190090909090909,0.20628181818181818,39.127272727272725,0.6216,0
2013-08-09,31.995454545454546,0.726690909090909,0.3544272727272727,38.85454545454545,0.7301,0
2013-08-10,26.354545454545452,0.7333545454545455,0.33187272727272726,38.97272727272727,0.7503,0
2013-08-11,24.097272727272728,0.7390454545454546,0.3019363636363636,39.18181818181818,0.7306,0
2013-08-12,18.11181818181818,0.7314,0.2156545454545455,38.89090909090909,0.6758,0
2013-08-13,30.30181818181818,0.7227090909090909,0.3195272727272727,38.481818181818184,0.7153,0
2013-08-14,14.718181818181819,0.7271909090909091,0.23354545454545453,38.018181818181816,0.6174,0
2013-08-15,24.504545454545454,0.7277272727272728,0.25981818181818184,38.74545454545454,0.6504,0
2013-08-16,25.034545454545455,0.7387727272727272,0.26389999999999997,38.518181818181816,0.632,0
2013-08-17,33.054545454545455,0.7322181818181818,0.32089090909090906,38.82727272727273,0.6498,0
2013-08-18,31.59272727272727,0.7373727272727273,0.29625454545454544,37.75454545454546,0.6994,0
2013-08-19,38.650909090909096,0.7365454545454546,0.2986090909090909,37.88181818181818,0.7607,0
2013-08-20,23.622727272727275,0.7408545454545454,0.2132909090909091,37.86363636363637,0.6862,0
2013-08-21,30.179090909090913,0.7316272727272728,0.19740000000000002,37.64545454545455,0.7354,0
2013-08-22,34.13727272727272,0.7508454545454545,0.22511818181818183,37.6,0.7487,0
2013-08-23,24.60909090909091,0.7387090909090909,0.1807,37.59090909090909,0.6824,0
2013-08-24,33.70636363636364,0.7494,0.2189181818181818,37.71818181818182,0.7753,0
2013-08-25,32.31272727272727,0.7329,0.21327272727272728,37.67272727272727,0.6915,0
2013-08-26,28.19272727272727,0.7455090909090909,0.19307272727272728,36.71818181818182,0.7619,0
2013-08-27,21.184545454545454,0.7441727272727273,0.1261,37.24545454545454,0.7052,0
2013-08-28,33.56818181818182,0.7357454545454545,0.2227,37.154545454545456,0.7545,0
2013-08-29,7.885454545454547,0.7384000000000001,0.08882727272727273,37.300000000000004,0.6941,0
2013-08-30,8.15090909090909,0.739509090909091,0.09602727272727273,36.72727272727273,0.6124,0
2013-08-31,14.021818181818183,0.7433454545454545,0.1438,37.163636363636364,0.5327,0
2013-09-01,8.784545454545455,0.7388181818181819,0.09495454545454546,37.06363636363636,0.4492,0
2013-09-02,6.301818181818181,0.7313181818181818,0.07196363636363635,36.82727272727273,0.4271,0
2013-09-03,20.954545454545453,0.7306272727272727,0.16525454545454546,37.099999999999994,0.4505,0
2013-09-04,14.42818181818182,0.7353545454545455,0.11731818181818182,36.86363636363637,0.3979,0
2013-09-05,4.26,0.7339636363636365,0.03140909090909091,36.836363636363636,0.3985,0
2013-09-06,9.895454545454546,0.7282545454545454,0.09294545454545457,37.07272727272727,0.3944,0
2013-09-07,4.504545454545454,0.7230818181818182,0.025400000000000002,36.627272727272725,0.3062,0
2013-09-08,14.788181818181817,0.7295636363636363,0.10055454545454544,36.56363636363636,0.3986,0
2013-09-09,9.382727272727273,0.7226636363636364,0.05630909090909091,36.45454545454545,0.3284,0
2013-09-10,8.548181818181819,0.7208,0.04487272727272728,36.14545454545455,0.3803,0
2013-09-11,5.71,0.7129,0.007954545454545454,35.96363636363637,0.3295,0
2013-09-12,1.9772727272727273,0.7126,-0.026690909090909095,35.49090909090909,0.3589,0
2013-09-13,12.796363636363635,0.7137,0.0872181818181818,36.13636363636363,0.3759,0
2013-09-14,6.042727272727273,0.6972272727272727,0.017400000000000002,36.054545454545455,0.3315,0
2013-09-15,4.39,0.7108909090909091,-0.013963636363636366,36.127272727272725,0.2826,0
2013-09-16,3.247272727272727,0.6871999999999999,-0.01807272727272727,35.73636363636364,0.3277,0
2013-09-17,5.653636363636364,0.685490909090909,-0.010827272727272725,36.47272727272727,0.2362,0
2013-09-18,2.7418181818181817,0.6758727272727273,-0.03771818181818182,35.82727272727273,0.2573,0
2013-09-19,6.463636363636363,0.661309090909091,-0.028318181818181822,36.07272727272727,0.2938,0
2013-09-20,0.13363636363636364,0.6583272727272728,-0.07306363636363636,35.71818181818182,0.2207,0
2013-09-21,0.8781818181818182,0.6516363636363637,-0.0781,36.03636363636363,0.2438,0
2013-09-22,4.96090909090909,0.6326636363636363,-0.02799090909090909,35.518181818181816,0.1955,0
2013-09-23,3.752727272727272,0.6405181818181819,-0.04651818181818182,35.581818181818186,0.2162,0
2013-09-24,3.5090909090909084,0.6258,-0.04894545454545454,35.70909090909091,0.2039,0
2013-09-25,3.5672727272727274,0.6112000000000001,-0.049518181818181815,35.76363636363636,0.2399,0
2013-09-26,4.513636363636364,0.6013363636363637,-0.049572727272727275,35.90909090909091,0.2532,0
2013-09-27,2.0336363636363637,0.5957181818181818,-0.09115454545454545,35.74545454545454,0.251,0
2013-09-28,1.6381818181818182,0.5864090909090909,-0.07384545454545455,35.59090909090909,0.2137,0
2013-09-29,5.099090909090909,0.579690909090909,-0.04471818181818182,35.79090909090909,0.2333,0
2013-09-30,2.25,0.5716545454545454,-0.07635454545454547,35.28181818181818,0.2662,0
2013-10-01,2.213636363636364,0.5622727272727274,-0.09386363636363636,35.27272727272727,0.1763,0
2013-10-02,1.0045454545454546,0.5555,-0.10087272727272727,35.00909090909091,0.1952,0
2013-10-03,0.4818181818181818,0.5492545454545454,-0.12552727272727274,34.945454545454545,0.1845,0
2013-10-04,0.6918181818181819,0.5341,-0.11096363636363636,35.809090909090905,0.1786,0
2013-10-05,1.9590909090909092,0.5290181818181818,-0.11115454545454545,34.86363636363637,0.2728,0
2013-10-06,0.37545454545454543,0.5261454545454546,-0.12590909090909091,34.88181818181818,0.2302,0
2013-10-07,0.7000000000000001,0.5151090909090908,-0.1146,34.154545454545456,0.2262,0
2013-10-08,1.831818181818182,0.5074090909090909,-0.11230000000000001,35.24545454545454,0.1206,0
2013-10-09,1.420909090909091,0.4955363636363636,-0.1175909090909091,34.78181818181818,0.1729,0
2013-10-10,0.03909090909090909,0.47501818181818184,-0.13191818181818182,34.554545454545455,0.1533,0
2013-10-11,0.1309090909090909,0.48057272727272726,-0.1419090909090909,34.63636363636363,0.2101,0
2013-10-12,0.46545454545454545,0.4746727272727273,-0.12738181818181818,34.872727272727275,0.1755,0
2013-10-13,0.6172727272727272,0.44897272727272725,-0.1418909090909091,34.654545454545456,0.1755,0
2013-10-14,0.14545454545454548,0.45325454545454547,-0.14332727272727272,34.309090909090905,0.1622,0
2013-10-15,0.66,0.4494090909090909,-0.1368818181818182,34.654545454545456,0.0914,0
2013-10-16,0.04181818181818182,0.43134545454545453,-0.15543636363636362,34.22727272727273,0.1635,0
2013-10-17,1.0981818181818184,0.4346909090909091,-0.15030909090909092,34.00909090909091,0.1727,1
2013-10-18,0.43454545454545457,0.4322909090909091,-0.13653636363636365,34.00909090909091,0.1969,1
2013-10-19,0.5736363636363637,0.4229272727272727,-0.1450090909090909,33.88181818181818,0.2227,1
2013-10-20,0.6672727272727272,0.41007272727272726,-0.1542181818181818,34.02727272727273,0.2009,1
2013-10-21,0.15727272727272726,0.4077545454545455,-0.15747272727272726,34.09090909090909,0.1238,1
2013-10-22,0.3527272727272727,0.39491818181818183,-0.1506,34.336363636363636,0.1846,1
2013-10-23,0.0,0.40597272727272726,-0.15114545454545456,34.23636363636364,0.1132,1
2013-10-24,0.0,0.38276363636363636,-0.16466363636363635,34.163636363636364,0.158,1
2013-10-25,0.2290909090909091,0.3856,-0.16515454545454544,33.554545454545455,0.1226,1
2013-10-26,0.18999999999999997,0.3825545454545454,-0.16216363636363634,33.73636363636364,0.1281,1
2013-10-27,0.0,0.3668363636363636,-0.15525454545454545,34.39090909090909,0.168,1
2013-10-28,0.0,0.37253636363636367,-0.1612090909090909,33.78181818181818,0.1363,1
2013-10-29,0.0,0.3575,-0.16533636363636364,33.85454545454545,0.1136,1
2013-10-30,0.0,0.3572090909090909,-0.14252727272727272,33.809090909090905,0.1625,1
2013-10-31,0.0,0.35406363636363636,-0.16869090909090909,33.5,0.1954,1
2013-11-01,0.0,0.34863636363636363,-0.3645454545454545,33.59090909090909,0.119,1
2013-11-02,0.07363636363636364,0.34401818181818183,-0.41150000000000003,33.45454545454545,0.146,1
2013-11-03,0.0,0.3282181818181818,-0.39332727272727275,33.872727272727275,0.1017,2
2013-11-04,0.030000000000000002,0.3256363636363636,-0.35606363636363636,33.9,0.1021,1
2013-11-05,0.01909090909090909,0.3190636363636364,-0.36168181818181816,33.77272727272727,0.0461,1
2013-11-06,0.0,0.32657272727272724,-0.36947272727272723,34.14545454545455,0.1099,2
2013-11-07,0.0,0.3182181818181818,-0.36350909090909095,33.36363636363637,0.1157,2
2013-11-08,0.0,0.30514545454545455,-0.37557272727272734,33.43636363636364,0.1066,2
2013-11-09,0.07,0.31678181818181816,-0.3984,33.77272727272727,0.1218,2
2013-11-10,0.0,0.3197363636363636,-0.38945454545454544,33.372727272727275,0.1293,2
2013-11-11,0.013636363636363636,0.29885454545454543,-0.43000909090909095,33.63636363636363,0.144,2
2013-11-12,0.05545454545454545,0.3099454545454545,-0.38834545454545455,33.39090909090909,0.0977,2
2013-11-13,0.046363636363636364,0.2928363636363636,-0.4078636363636363,33.445454545454545,0.1171,1
2013-11-14,0.0,0.2915272727272727,-0.4108727272727272,33.6,0.126,2
2013-11-15,0.0,0.2969090909090909,-0.3909636363636364,33.24545454545454,0.1583,2
2013-11-16,0.06727272727272728,0.2999454545454545,-0.39448181818181816,33.63636363636363,0.1373,2
2013-11-17,0.03636363636363637,0.28734545454545457,-0.4127818181818182,33.345454545454544,0.1362,2
2013-11-18,0.07181818181818182,0.2902,-0.4059,33.78181818181818,0.1147,2
2013-11-19,0.030000000000000002,0.27772727272727277,-0.4066545454545455,33.36363636363637,0.1341,2
2013-11-20,0.0,0.26792727272727274,-0.42542727272727276,34.0,0.0845,2
2013-11-21,0.0,0.2692363636363636,-0.39396363636363635,33.9,0.116,2
2013-11-22,0.0,0.27075454545454547,-0.37792727272727267,33.38181818181818,0.0868,2
2013-11-23,0.049090909090909095,0.2697818181818182,-0.3775545454545455,34.06363636363636,0.0918,2
2013-11-24,0.00818181818181818,0.2671090909090909,-0.40518181818181814,34.336363636363636,0.1823,2
2013-11-25,0.009090909090909092,0.27240909090909093,-0.4081454545454546,33.9,0.0832,2
2013-11-26,0.0,0.28150909090909093,-0.4058363636363636,33.81818181818182,0.1494,2
2013-11-27,0.014545454545454545,0.26446363636363635,-0.37162727272727275,33.31818181818182,0.1132,2
2013-11-28,0.013636363636363636,0.25215454545454546,-0.3963090909090909,33.71818181818182,0.1136,2
2013-11-29,0.023636363636363636,0.2578181818181818,-0.3943181818181818,33.68181818181818,0.1215,2
2013-11-30,0.0,0.264,-0.3798363636363637,33.74545454545454,0.1506,2
2013-12-01,0.11272727272727273,0.26324545454545456,-0.37995454545454543,34.00909090909091,0.1206,2
2013-12-02,0.08272727272727273,0.24455454545454547,-0.3836,33.945454545454545,0.1113,2
2013-12-03,0.0036363636363636364,0.2561909090909091,-0.4024090909090909,33.73636363636364,0.1025,2
2013-12-04,0.0,0.2476727272727273,-0.4287090909090909,33.53636363636363,0.1338,2
2013-12-05,0.0,0.24473636363636364,-0.42538181818181814,33.53636363636363,0.1142,2
2013-12-06,0.1309090909090909,0.24699090909090912,-0.44183636363636364,33.85454545454545,0.0896,2
2013-12-07,0.0,0.24225454545454547,-0.447,33.699999999999996,0.1468,2
2013-12-08,0.12818181818181817,0.2560818181818182,-0.3818,34.10909090909091,0.0971,2
2013-12-09,0.19636363636363638,0.24158181818181818,-0.39604545454545453,33.97272727272727,0.0999,2
2013-12-10,0.0,0.23046363636363634,-0.3804636363636364,33.21818181818182,0.1044,2
2013-12-11,0.01,0.23895454545454545,-0.4196818181818182,33.82727272727273,0.1471,2
2013-12-12,0.0,0.23095454545454547,-0.3935909090909091,34.32727272727273,0.0169,2
2013-12-13,0.0,0.2345,-0.40172727272727277,34.21818181818182,0.1425,2
2013-12-14,0.0009090909090909091,0.23703636363636366,-0.4043727272727273,34.25454545454546,0.2018,2
2013-12-15,0.0018181818181818182,0.22788181818181819,-0.4125363636363636,34.49090909090909,0.0839,2
2013-12-16,0.0,0.23673636363636363,-0.41040000000000004,33.800000000000004,0.123,2
2013-12-17,0.07818181818181819,0.23554545454545456,-0.4231818181818182,34.127272727272725,0.1458,2
2013-12-18,0.035454545454545454,0.22965454545454544,-0.40009999999999996,34.18181818181818,0.0834,2
2013-12-19,0.0,0.23394545454545454,-0.3969,34.28181818181818,0.1545,2
2013-12-20,0.03636363636363637,0.24229090909090908,-0.37285454545454544,34.56363636363636,0.1245,2
2013-12-21,0.009090909090909092,0.2389,-0.40444545454545455,34.17272727272727,0.1255,2
2013-12-22,0.0,0.2393909090909091,-0.4068181818181818,34.45454545454545,0.0894,2
2013-12-23,0.0,0.23796363636363635,-0.406890909090909,34.61818181818182,0.0839,2
2013-12-24,0.13454545454545455,0.23587272727272726,-0.41346363636363637,35.1,0.0391,2
2013-12-25,0.01636363636363636,0.21325454545454547,-0.3695,35.28181818181818,0.1448,2
2013-12-26,0.16090909090909092,0.22544545454545456,-0.42173636363636363,35.18181818181818,0.097,2
2013-12-27,0.0,0.22544545454545453,-0.39082727272727275,34.90909090909091,0.0853,2
2013-12-28,0.13545454545454547,0.22556363636363636,-0.4152454545454546,34.845454545454544,0.0873,2
2013-12-29,0.08,0.22183636363636364,-0.3741454545454545,34.836363636363636,0.0979,2
2013-12-30,0.026363636363636363,0.2240181818181818,-0.3796909090909091,34.90909090909091,0.1073,2
2013-12-31,0.0,0.22353636363636362,-0.41707272727272726,35.018181818181816,0.0967,2
2014-01-01,0.1781818181818182,0.24113636363636362,-0.4212818181818182,34.972727272727276,0.0705,2
2014-01-02,0.16272727272727272,0.24127272727272728,-0.38213636363636366,35.67272727272728,0.0787,2
2014-01-03,0.07636363636363636,0.23716363636363635,-0.41976363636363634,35.09090909090909,0.1362,2
2014-01-04,0.0,0.24227272727272728,-0.41562727272727273,35.68181818181818,0.1183,2
2014-01-05,0.0,0.2501454545454545,-0.45920909090909096,35.345454545454544,0.099,2
2014-01-06,0.006363636363636364,0.24347272727272726,-0.36553636363636366,34.97272727272727,0.1266,2
2014-01-07,0.01636363636363636,0.23010909090909093,-0.40440909090909094,35.61818181818182,0.0928,2
2014-01-08,0.0,0.24234545454545453,-0.38934545454545455,35.77272727272727,0.0829,2
2014-01-09,0.0,0.2406727272727273,-0.3860727272727273,35.79090909090909,0.0965,2
2014-01-10,0.0,0.22698181818181817,-0.3797727272727273,35.9,0.038,2
2014-01-11,0.16636363636363638,0.23374545454545456,-0.3762727272727273,36.38181818181818,0.0823,2
2014-01-12,0.0,0.23374545454545456,-0.4170363636363636,35.89090909090909,0.0633,2
2014-01-13,0.0,0.24594545454545455,-0.4286909090909091,35.92727272727273,0.1129,2
2014-01-14,0.0,0.23813636363636362,-0.42601818181818185,35.95454545454545,0.0698,2
2014-01-15,0.03272727272727272,0.24953636363636364,-0.40147272727272726,36.11818181818182,0.0648,2
2014-01-16,0.013636363636363636,0.24516363636363636,-0.3820909090909091,35.88181818181818,0.0918,2
2014-01-17,0.0009090909090909091,0.24086363636363634,-0.4154454545454545,36.56363636363636,0.0682,2
2014-01-18,0.20454545454545456,0.24795454545454546,-0.3747363636363636,36.300000000000004,0.0937,2
2014-01-19,0.06272727272727273,0.23468181818181819,-0.4031636363636364,36.800000000000004,0.0985,2
2014-01-20,0.06818181818181818,0.24006363636363634,-0.39788181818181817,37.02727272727273,0.0641,2
2014-01-21,0.0,0.22645454545454546,-0.37725454545454545,36.86363636363637,0.0617,2
2014-01-22,0.14636363636363636,0.2359,-0.39188181818181816,36.77272727272727,0.0404,2
2014-01-23,0.05545454545454545,0.23769090909090906,-0.41516363636363635,37.199999999999996,0.1262,2
2014-01-24,0.06181818181818182,0.23885454545454543,-0.39044545454545454,37.08181818181818,0.0693,2
2014-01-25,0.0,0.2455,-0.3665727272727273,37.09090909090909,0.0929,2
2014-01-26,0.034545454545454546,0.24606363636363637,-0.40191818181818184,37.00909090909091,0.0617,2
2014-01-27,0.021818181818181816,0.2437909090909091,-0.3846454545454545,37.67272727272727,0.0332,2
2014-01-28,0.09,0.23232727272727274,-0.37647272727272724,37.58181818181818,0.0665,2
2014-01-29,0.2381818181818182,0.23474545454545456,-0.3877636363636363,37.57272727272727,0.0589,2
2014-01-30,0.05272727272727273,0.2500909090909091,-0.3866636363636364,37.03636363636363,0.0391,2
2014-01-31,0.04090909090909091,0.24254545454545456,-0.3544272727272727,37.309090909090905,0.0426,2
2014-02-01,0.031818181818181815,0.24405454545454547,-0.3673363636363636,37.64545454545455,0.0591,2
2014-02-02,0.1109090909090909,0.24500909090909093,-0.3840545454545454,38.018181818181816,0.0819,2
2014-02-03,0.0,0.23311818181818184,-0.4089727272727273,38.518181818181816,0.0803,2
2014-02-04,0.012727272727272728,0.2412181818181818,-0.3941909090909091,38.09090909090909,0.097,2
2014-02-05,0.08363636363636363,0.24274545454545454,-0.3566090909090909,38.54545454545455,0.1055,2
2014-02-06,0.002727272727272727,0.2519,-0.4198,37.85454545454545,0.0592,2
2014-02-07,0.08181818181818182,0.24988181818181818,-0.3852363636363636,38.690909090909095,0.0575,2
2014-02-08,0.0,0.2483090909090909,-0.4411545454545454,38.68181818181818,0.1101,2
2014-02-09,0.014545454545454545,0.2411090909090909,-0.3970545454545455,38.73636363636364,0.0717,2
2014-02-10,0.0,0.2479909090909091,-0.3592818181818182,38.32727272727273,0.1438,2
2014-02-11,0.0,0.24306363636363637,-0.39390000000000003,38.82727272727273,0.0739,2
2014-02-12,0.021818181818181816,0.25335454545454544,-0.35716363636363635,39.518181818181816,0.0448,2
2014-02-13,0.053636363636363635,0.23845454545454545,-0.39596363636363635,39.38181818181818,0.078,2
2014-02-14,0.0,0.24150909090909092,-0.3994090909090909,38.95454545454545,0.0482,2
2014-02-15,0.05909090909090909,0.24163636363636362,-0.4049909090909091,39.36363636363637,0.1236,2
2014-02-16,0.025454545454545455,0.2600090909090909,-0.35955454545454546,39.64545454545455,0.0262,2
2014-02-17,0.08454545454545455,0.24378181818181818,-0.4099727272727273,39.20909090909091,0.0488,2
2014-02-18,0.045454545454545456,0.22533636363636364,-0.4090909090909091,39.49090909090909,0.0428,2
2014-02-19,0.15545454545454546,0.24058181818181817,-0.39012727272727277,40.06363636363636,0.032,2
2014-02-20,0.1290909090909091,0.23153636363636362,-0.39350909090909086,39.699999999999996,0.0507,2
2014-02-21,0.0,0.24587272727272727,-0.36304545454545456,39.4,0.0672,2
2014-02-22,0.031818181818181815,0.2423727272727273,-0.3825727272727273,39.40909090909091,0.0411,2
2014-02-23,0.006363636363636364,0.24242727272727274,-0.38578181818181817,39.800000000000004,0.0887,2
2014-02-24,0.02727272727272727,0.2347818181818182,-0.40042727272727274,40.46363636363637,0.0962,2
2014-02-25,0.0,0.24350000000000002,-0.40096363636363636,40.345454545454544,0.0497,2
2014-02-26,0.0,0.2429818181818182,-0.36144545454545457,40.47272727272727,0.0196,2
2014-02-27,0.14727272727272728,0.24495454545454545,-0.3965363636363637,40.95454545454545,0.0345,2
2014-02-28,0.03363636363636364,0.2416,-0.4234545454545455,40.88181818181818,0.0958,2
2014-03-01,0.0,0.23763636363636362,-0.3887,40.481818181818184,0.071,2
2014-03-02,0.0,0.2342,-0.3355909090909091,41.199999999999996,0.0498,2
2014-03-03,0.0,0.24587272727272727,-0.3859818181818182,41.07272727272727,0.0166,2
2014-03-04,0.0,0.2385,-0.4168545454545454,40.690909090909095,0.0377,2
2014-03-05,0.0009090909090909091,0.24986363636363637,-0.4032727272727273,41.190909090909095,0.0,2
2014-03-06,0.002727272727272727,0.2474909090909091,-0.4164090909090909,41.43636363636364,0.0534,2
2014-03-07,0.0,0.2293818181818182,-0.4016,41.690909090909095,0.008,2
2014-03-08,0.0,0.23853636363636363,-0.3781272727272727,41.43636363636364,0.0241,2
2014-03-09,0.0,0.2433727272727273,-0.39494545454545454,41.627272727272725,0.0,2
2014-03-10,0.0018181818181818182,0.2295727272727273,-0.3555,41.32727272727273,0.0338,2
2014-03-11,0.0009090909090909091,0.24541818181818179,-0.4056272727272727,41.74545454545454,0.0119,2
2014-03-12,0.0009090909090909091,0.24958181818181818,-0.3994454545454546,41.52727272727273,0.0,2
2014-03-13,0.0009090909090909091,0.24642727272727274,-0.3967727272727272,42.07272727272727,0.0276,2
2014-03-14,0.0,0.2494909090909091,-0.4103181818181818,41.92727272727273,0.0,2
2014-03-15,0.0,0.2444090909090909,-0.3744363636363637,41.86363636363637,0.0424,2
2014-03-16,0.0,0.2348727272727273,-0.43466363636363636,42.40909090909091,0.0,2
2014-03-17,0.0018181818181818182,0.2429,-0.4124272727272727,41.99090909090909,0.0301,2
2014-03-18,0.0,0.24162727272727275,-0.4146181818181818,41.79090909090909,0.0495,2
2014-03-19,0.0,0.23767272727272726,-0.42241818181818186,42.35454545454545,0.017,2
2014-03-20,0.002727272727272727,0.24571818181818184,-0.3820727272727273,42.50909090909091,0.0061,2
2014-03-21,0.0,0.23831818181818185,-0.4145909090909091,42.95454545454545,0.0,2
2014-03-22,0.0,0.2382272727272727,-0.37609090909090903,42.554545454545455,0.0012,2
2014-03-23,0.0018181818181818182,0.23333636363636365,-0.3615090909090909,42.49090909090909,0.0036,2
2014-03-24,0.019090909090909092,0.2370181818181818,-0.35543636363636366,42.70909090909091,0.0248,2
2014-03-25,0.0,0.2515090909090909,-0.4332636363636364,42.89090909090909,0.0126,2
2014-03-26,0.0,0.23817272727272726,-0.40079090909090903,43.263636363636365,0.0352,2
2014-03-27,0.002727272727272727,0.2463181818181818,-0.4116909090909091,42.99090909090909,0.0201,2
2014-03-28,0.0,0.24956363636363638,-0.4244818181818182,43.46363636363637,0.0033,2
2014-03-29,0.014545454545454545,0.24184545454545453,-0.40299999999999997,43.07272727272727,0.0481,2
2014-03-30,0.0,0.24638181818181817,-0.4118,43.24545454545454,0.0604,2
2014-03-31,0.006363636363636364,0.23785454545454546,-0.38435454545454545,43.845454545454544,0.0165,2
2014-04-01,0.09454545454545454,0.24454545454545454,-0.40052727272727273,43.518181818181816,0.0,2
2014-04-02,0.31363636363636366,0.2316272727272727,-0.4077181818181818,43.800000000000004,0.092,2
2014-04-03,0.37999999999999995,0.2440090909090909,-0.41257272727272726,43.63636363636363,0.046,2
2014-04-04,1.1881818181818182,0.24593636363636362,-0.3880454545454545,43.481818181818184,0.0079,2
2014-04-05,0.9445454545454546,0.2434818181818182,-0.4241818181818182,44.20909090909091,0.0,2
2014-04-06,0.18545454545454546,0.2447181818181818,-0.3875636363636364,43.74545454545454,0.0246,2
2014-04-07,0.018181818181818184,0.23808181818181817,-0.4116363636363637,44.13636363636363,0.0495,2
2014-04-08,0.5909090909090909,0.23895454545454545,-0.3989545454545454,43.91818181818182,0.0309,2
2014-04-09,0.5009090909090909,0.23465454545454545,-0.40339090909090913,43.89090909090909,0.0554,2
2014-04-10,0.11363636363636363,0.23626363636363637,-0.4247727272727273,44.10909090909091,0.033,2
2014-04-11,0.4254545454545454,0.2505363636363636,-0.42230909090909097,44.23636363636364,0.0357,2
2014-04-12,0.8445454545454545,0.24392727272727274,-0.38939090909090907,44.40909090909091,0.0401,2
2014-04-13,0.07909090909090909,0.25086363636363634,-0.38837272727272726,44.14545454545454,0.0087,2
2014-04-14,0.0,0.2601181818181818,-0.3880363636363636,44.70909090909091,0.0079,2
2014-04-15,0.30363636363636365,0.2431,-0.4052818181818182,44.5,0.0428,2
2014-04-16,0.8072727272727274,0.2539818181818182,-0.4221272727272727,44.845454545454544,0.0,2
2014-04-17,0.24090909090909093,0.25566363636363637,-0.39384545454545455,44.99090909090909,0.0,2
2014-04-18,0.09727272727272727,0.2515636363636364,-0.38911818181818175,44.54545454545455,0.0,2
2014-04-19,0.4436363636363636,0.24852727272727274,-0.4047272727272727,44.86363636363637,0.017,2
2014-04-20,2.0663636363636364,0.25366363636363637,-0.3987545454545455,44.800000000000004,0.0381,2
2014-04-21,0.07,0.24044545454545452,-0.4042090909090909,44.59090909090909,0.0594,2
2014-04-22,1.5454545454545454,0.2557,-0.38826363636363637,44.800000000000004,0.0,2
2014-04-23,0.44636363636363635,0.2525454545454546,-0.4072636363636363,44.699999999999996,0.0355,2
2014-04-24,0.4163636363636364,0.25478181818181816,-0.40308181818181815,44.68181818181818,0.0295,2
2014-04-25,0.8136363636363637,0.24626363636363635,-0.39022727272727276,45.190909090909095,0.0,2
2014-04-26,1.0027272727272727,0.2528909090909091,-0.3878272727272727,45.127272727272725,0.0032,2
2014-04-27,0.7699999999999999,0.2685818181818182,-0.37173636363636364,44.481818181818184,0.007,2
2014-04-28,0.31545454545454543,0.2580818181818182,-0.38949999999999996,44.90909090909091,0.0093,2
2014-04-29,1.3618181818181818,0.26647272727272725,-0.4016454545454545,44.75454545454546,0.0005,2
2014-04-30,1.1981818181818182,0.26027272727272727,-0.40202727272727273,45.07272727272727,0.0,2
2014-05-01,0.0,0.26633636363636365,-0.1993,45.690909090909095,0.0406,2
2014-05-02,0.006363636363636364,0.2673090909090909,-0.1884,45.372727272727275,0.0,2
2014-05-03,0.15818181818181817,0.26441818181818183,-0.1933818181818182,45.699999999999996,0.0337,2
2014-05-04,0.24727272727272728,0.26076363636363636,-0.19042727272727272,45.199999999999996,0.082,2
2014-05-05,0.31,0.2607909090909091,-0.17824545454545457,45.52727272727273,0.0567,2
2014-05-06,0.19090909090909092,0.2676818181818182,-0.19534545454545454,44.81818181818182,0.0635,2
2014-05-07,0.3409090909090909,0.26726363636363637,-0.18461818181818182,44.800000000000004,0.0079,2
2014-05-08,0.8181818181818182,0.2779,-0.1859,45.35454545454545,0.0825,2
2014-05-09,0.45272727272727276,0.26938181818181817,-0.17607272727272727,45.74545454545454,0.0582,2
2014-05-10,0.2690909090909091,0.2639909090909091,-0.17574545454545454,45.32727272727273,0.0541,2
2014-05-11,0.44727272727272727,0.26494545454545454,-0.17963636363636362,45.56363636363636,0.0588,2
2014-05-12,0.6409090909090909,0.28919090909090905,-0.1683909090909091,45.4,0.0113,2
2014-05-13,1.7963636363636362,0.27853636363636364,-0.16284545454545454,45.26363636363636,0.0405,2
2014-05-14,2.8363636363636364,0.2732090909090909,-0.13775454545454546,45.32727272727273,0.0807,2
2014-05-15,0.8318181818181819,0.27304545454545454,-0.16596363636363637,45.91818181818182,0.0697,2
2014-05-16,1.8272727272727274,0.26940909090909093,-0.1499,45.445454545454545,0.0332,2
2014-05-17,2.3181818181818183,0.2842909090909091,-0.14600909090909092,45.59090909090909,0.0639,2
2014-05-18,1.0063636363636363,0.2928454545454545,-0.15489090909090908,45.5,0.0653,2
2014-05-19,0.0,0.27786363636363637,-0.15772727272727272,45.86363636363637,0.1129,2
2014-05-20,1.3063636363636364,0.2805909090909091,-0.14515454545454545,45.59090909090909,0.1101,2
2014-05-21,3.5327272727272727,0.28494545454545456,-0.12179090909090907,45.872727272727275,0.033,2
2014-05-22,1.1290909090909091,0.2857727272727273,-0.14283636363636362,45.6,0.0811,2
2014-05-23,1.830909090909091,0.2853,-0.14286363636363636,45.54545454545455,0.0686,2
2014-05-24,2.31,0.3004,-0.13959999999999997,45.71818181818182,0.082,1
2014-05-25,1.3772727272727272,0.2972727272727273,-0.13355454545454545,45.54545454545455,0.1018,2
2014-05-26,0.9272727272727274,0.29986363636363633,-0.13086363636363638,45.81818181818182,0.1141,1
2014-05-27,3.296363636363637,0.31064545454545456,-0.10963636363636363,45.20909090909091,0.1294,1
2014-05-28,3.364545454545455,0.31132727272727273,-0.11554545454545453,45.72727272727273,0.0921,2
2014-05-29,1.3118181818181818,0.30836363636363634,-0.1289909090909091,45.190909090909095,0.101,1
2014-05-30,2.02,0.3114,-0.10252727272727272,45.43636363636364,0.134,1
2014-05-31,2.4336363636363636,0.3159,-0.0939181818181818,45.4,0.0772,2
2014-06-01,17.62636363636364,0.3366636363636364,-0.06363636363636363,45.68181818181818,0.1611,1
2014-06-02,17.61272727272727,0.3419181818181818,-0.05072727272727273,45.29090909090909,0.1296,1
2014-06-03,11.80090909090909,0.3503363636363636,-0.07596363636363636,45.04545454545455,0.1971,1
2014-06-04,16.814545454545456,0.35096363636363637,-0.034281818181818184,45.06363636363636,0.2336,1
2014-06-05,5.400909090909091,0.36869999999999997,-0.04881818181818182,45.20909090909091,0.2862,1
2014-06-06,4.764545454545455,0.3647,-0.05221818181818182,45.190909090909095,0.2849,1
2014-06-07,4.180000000000001,0.3617181818181818,-0.04377272727272727,44.90909090909091,0.2724,1
2014-06-08,1.919090909090909,0.36850909090909095,-0.07184545454545455,44.872727272727275,0.2301,1
2014-06-09,8.503636363636362,0.37282727272727273,-0.007199999999999999,44.79090909090909,0.1468,1
2014-06-10,3.9618181818181815,0.37354545454545457,-0.036736363636363636,45.25454545454546,0.1234,1
2014-06-11,10.140909090909092,0.39390000000000003,0.0212,45.11818181818182,0.1876,1
2014-06-12,4.786363636363637,0.3984818181818182,-0.027463636363636367,45.13636363636363,0.1846,1
2014-06-13,6.840000000000001,0.40292727272727275,0.009572727272727267,44.800000000000004,0.2366,1
2014-06-14,5.90090909090909,0.40909999999999996,-0.018727272727272728,44.51818181818182,0.2036,1
2014-06-15,6.848181818181818,0.40597272727272726,0.0019363636363636356,45.18181818181818,0.1948,0
2014-06-16,11.877272727272727,0.4163909090909091,0.05525454545454545,44.63636363636363,0.2579,1
2014-06-17,4.975454545454546,0.42861818181818184,0.002390909090909091,44.56363636363636,0.1991,0
2014-06-18,11.976363636363635,0.44186363636363635,0.06727272727272728,44.6,0.2572,1
2014-06-19,8.206363636363637,0.4509727272727273,0.05088181818181818,44.91818181818182,0.2684,0
2014-06-20,8.703636363636365,0.46036363636363636,0.04844545454545454,43.90909090909091,0.254,0
2014-06-21,5.915454545454545,0.4556454545454546,0.02489090909090909,44.1,0.2689,0
2014-06-22,9.710909090909091,0.45841818181818184,0.06336363636363636,44.345454545454544,0.2855,0
2014-06-23,4.500909090909091,0.46695454545454546,0.02759090909090909,44.345454545454544,0.2061,0
2014-06-24,14.17090909090909,0.48660909090909094,0.13372727272727272,44.018181818181816,0.2677,0
2014-06-25,19.42727272727273,0.5013818181818182,0.16297272727272727,44.1,0.3575,1
2014-06-26,14.606363636363636,0.49912727272727275,0.12948181818181817,43.627272727272725,0.344,0
2014-06-27,14.047272727272729,0.5148181818181818,0.14056363636363636,44.26363636363636,0.3301,1
2014-06-28,20.845454545454547,0.5385363636363636,0.21866363636363637,43.70909090909091,0.4385,0
2014-06-29,18.61818181818182,0.5483727272727272,0.16717272727272728,43.35454545454545,0.4201,0
2014-06-30,14.267272727272728,0.5568363636363637,0.12094545454545455,43.45454545454545,0.4592,1
2014-07-01,32.693636363636365,0.5722636363636364,0.2928545454545455,43.96363636363637,0.5523,0
2014-07-02,14.956363636363635,0.5966545454545454,0.18244545454545455,43.79090909090909,0.4535,0
2014-07-03,34.844545454545454,0.6060454545454546,0.2849,43.163636363636364,0.5852,0
2014-07-04,19.88,0.6069727272727273,0.20538181818181817,43.31818181818182,0.5519,0
2014-07-05,21.596363636363638,0.6329727272727272,0.2727363636363636,43.654545454545456,0.5791,1
2014-07-06,34.04818181818182,0.6417363636363637,0.3241727272727273,43.0,0.635,0
2014-07-07,30.206363636363633,0.6637363636363637,0.2943363636363637,43.13636363636363,0.6137,0
2014-07-08,42.52909090909091,0.6662545454545454,0.3584090909090909,42.86363636363637,0.813,0
2014-07-09,33.27727272727273,0.679209090909091,0.31168181818181817,42.53636363636363,0.6929,0
2014-07-10,30.84272727272727,0.6870999999999999,0.3533545454545454,42.64545454545455,0.7038,0
2014-07-11,38.33272727272727,0.6866545454545455,0.4202727272727273,42.45454545454545,0.7279,0
2014-07-12,27.94909090909091,0.697109090909091,0.30528181818181815,42.06363636363636,0.7135,0
2014-07-13,39.17363636363637,0.7100272727272727,0.40132727272727275,42.20909090909091,0.7574,0
2014-07-14,26.94363636363636,0.7230454545454545,0.3281454545454545,42.09090909090909,0.719,0
2014-07-15,30.262727272727272,0.7193909090909091,0.38672727272727275,42.20909090909091,0.7553,0
2014-07-16,23.232727272727274,0.7324909090909091,0.3288272727272727,41.981818181818184,0.7399,0
2014-07-17,26.48818181818182,0.7324363636363636,0.3412090909090909,41.554545454545455,0.7399,0
2014-07-18,39.95818181818182,0.7291363636363637,0.3895181818181818,41.54545454545455,0.7637,0
2014-07-19,31.650909090909092,0.7393818181818183,0.3567909090909091,41.11818181818182,0.7475,0
2014-07-20,32.690909090909095,0.7364909090909091,0.3688272727272727,41.41818181818182,0.7232,0
2014-07-21,29.87,0.7569636363636363,0.4084454545454545,41.35454545454545,0.7296,0
2014-07-22,26.75181818181818,0.7567454545454545,0.3487727272727273,40.99090909090909,0.6916,1
2014-07-23,46.47818181818182,0.7635818181818181,0.5062727272727273,40.972727272727276,0.7776,0
2014-07-24,53.74272727272727,0.7582363636363637,0.5138454545454546,40.163636363636364,0.7852,0
2014-07-25,30.78818181818182,0.7655000000000001,0.3554727272727272,40.981818181818184,0.7244,0
2014-07-26,43.8890909090909,0.7663727272727272,0.39347272727272725,40.554545454545455,0.8285,0
2014-07-27,30.70909090909091,0.7691454545454545,0.38219090909090914,39.96363636363637,0.734,0
2014-07-28,24.85,0.7717545454545455,0.37316363636363636,39.76363636363636,0.7601,0
2014-07-29,38.16818181818182,0.7749818181818182,0.4021909090909091,40.38181818181818,0.6931,0
2014-07-30,46.27,0.7901363636363636,0.4388272727272727,40.02727272727273,0.8087,0
2014-07-31,41.13636363636363,0.7829090909090909,0.4745090909090909,39.945454545454545,0.7342,0
2014-08-01,39.99454545454545,0.7890272727272727,0.4437909090909091,39.809090909090905,0.7593,0
2014-08-02,41.39909090909091,0.7985727272727273,0.4510363636363637,39.54545454545455,0.7313,0
2014-08-03,33.75818181818182,0.794,0.3981636363636364,39.70909090909091,0.7057,0
2014-08-04,42.39272727272727,0.7909181818181819,0.4360181818181818,39.53636363636363,0.7579,0
2014-08-05,52.75181818181818,0.8035909090909091,0.4083454545454545,39.627272727272725,0.7752,0
2014-08-06,33.74363636363636,0.807590909090909,0.3976363636363636,39.27272727272727,0.7553,0
2014-08-07,37.845454545454544,0.8050818181818182,0.42670909090909087,38.67272727272727,0.7486,0
2014-08-08,38.35818181818182,0.803,0.42204545454545456,39.27272727272727,0.7346,0
2014-08-09,40.38272727272727,0.8174454545454545,0.4732454545454546,38.872727272727275,0.8293,0
2014-08-10,47.92545454545454,0.8128272727272727,0.4452363636363636,38.27272727272727,0.7955,0
2014-08-11,44.46090909090909,0.8137363636363637,0.3911454545454545,39.1,0.7419,0
2014-08-12,33.79545454545455,0.8189636363636363,0.3844909090909091,38.40909090909091,0.7528,0
2014-08-13,29.14,0.8195363636363637,0.3582545454545455,38.08181818181818,0.7719,0
2014-08-14,42.36181818181819,0.8156272727272728,0.38175454545454546,38.20909090909091,0.7738,0
2014-08-15,38.264545454545456,0.8180909090909091,0.40235454545454546,38.19090909090909,0.8022,0
2014-08-16,32.79363636363637,0.8251818181818181,0.3382818181818182,37.800000000000004,0.7996,0
2014-08-17,30.480909090909094,0.8226636363636364,0.36724545454545454,37.554545454545455,0.7771,0
2014-08-18,28.6,0.8283818181818181,0.33094545454545454,37.82727272727273,0.7132,0
2014-08-19,24.074545454545454,0.8298000000000001,0.3057909090909091,37.64545454545455,0.7632,0
2014-08-20,51.5,0.8307000000000001,0.4299818181818182,37.336363636363636,0.7986,0
2014-08-21,29.643636363636368,0.8201636363636364,0.23029090909090907,37.04545454545455,0.7635,0
2014-08-22,45.99636363636363,0.8275727272727273,0.3473636363636363,37.29090909090909,0.7024,0
2014-08-23,40.98636363636364,0.8348,0.23239090909090912,36.76363636363636,0.7463,0
2014-08-24,40.592727272727274,0.8292272727272727,0.2938181818181818,37.054545454545455,0.7782,0
2014-08-25,39.29090909090909,0.8273,0.3859272727272727,36.56363636363636,0.7968,0
2014-08-26,12.038181818181819,0.8261909090909092,0.16193636363636366,37.127272727272725,0.7108,0
2014-08-27,36.01818181818182,0.8321272727272727,0.29164545454545454,36.63636363636363,0.8156,0
2014-08-28,24.777272727272727,0.8267,0.2718363636363636,36.6,0.7856,0
2014-08-29,18.26090909090909,0.8337090909090908,0.21065454545454546,36.60909090909091,0.7068,0
2014-08-30,12.77,0.8289000000000001,0.16156363636363638,36.27272727272727,0.6718,0
2014-08-31,16.524545454545454,0.8256545454545455,0.1814,36.018181818181816,0.5961,0
2014-09-01,21.562727272727273,0.8264363636363636,0.22128181818181816,36.4,0.6098,0
2014-09-02,15.636363636363637,0.8316727272727273,0.13434545454545455,36.56363636363636,0.5613,0
2014-09-03,5.171818181818182,0.8298818181818182,0.05088181818181818,36.445454545454545,0.4888,0
2014-09-04,13.389090909090909,0.8264272727272727,0.12990000000000002,36.163636363636364,0.4589,0
2014-09-05,10.441818181818181,0.8203636363636364,0.08877272727272727,36.372727272727275,0.4462,0
2014-09-06,22.986363636363635,0.8222454545454546,0.16192727272727273,35.71818181818182,0.5039,0
2014-09-07,12.63090909090909,0.8248090909090909,0.10269090909090908,36.163636363636364,0.4914,0
2014-09-08,14.032727272727273,0.8178818181818183,0.11742727272727273,35.90909090909091,0.4386,0
2014-09-09,10.345454545454546,0.8212909090909091,0.07742727272727273,36.22727272727273,0.4419,0
2014-09-10,7.874545454545455,0.811490909090909,0.03855454545454546,36.54545454545455,0.4395,0
2014-09-11,10.795454545454545,0.8148454545454545,0.059463636363636364,35.67272727272727,0.4274,0
2014-09-12,11.281818181818183,0.8100727272727273,0.0727181818181818,35.88181818181818,0.4209,0
2014-09-13,3.8454545454545452,0.8029000000000001,-0.010927272727272728,35.90909090909091,0.3709,0
2014-09-14,5.361818181818182,0.8092818181818182,0.0014727272727272736,35.90909090909091,0.3155,0
2014-09-15,5.91090909090909,0.8089272727272728,1.818181818181744e-05,35.54545454545455,0.3085,0
2014-09-16,4.223636363636364,0.7926545454545455,-0.02447272727272727,35.41818181818182,0.3127,0
2014-09-17,8.24,0.7930636363636363,0.009136363636363639,35.77272727272727,0.3612,0
2014-09-18,6.38909090909091,0.7928909090909091,-0.009027272727272728,36.22727272727273,0.2867,0
2014-09-19,3.419090909090909,0.7952636363636363,-0.06741818181818182,35.59090909090909,0.2784,0
2014-09-20,7.112727272727273,0.7849454545454545,-0.02890909090909091,35.46363636363637,0.2464,0
2014-09-21,2.4954545454545456,0.7719090909090909,-0.06049090909090909,35.70909090909091,0.2718,0
2014-09-22,1.6909090909090911,0.7553818181818183,-0.08392727272727273,35.89090909090909,0.2787,0
2014-09-23,2.8945454545454545,0.7420272727272728,-0.07529999999999999,35.481818181818184,0.2411,0
2014-09-24,2.0063636363636363,0.727990909090909,-0.08310909090909091,35.45454545454545,0.174,0
2014-09-25,5.124545454545454,0.7162999999999999,-0.060236363636363636,35.64545454545455,0.2594,0
2014-09-26,1.57,0.7090636363636363,-0.10172727272727272,35.42727272727273,0.1956,0
2014-09-27,3.5854545454545454,0.6872636363636363,-0.08454545454545453,35.54545454545455,0.184,0
2014-09-28,3.73,0.6801272727272727,-0.0934090909090909,35.699999999999996,0.2366,0
2014-09-29,3.9263636363636363,0.6755545454545454,-0.08592727272727273,35.27272727272727,0.226,0
2014-09-30,3.547272727272727,0.6639181818181817,-0.09885454545454544,34.663636363636364,0.2683,0
2014-10-01,0.33454545454545453,0.6516181818181818,-0.13006363636363638,35.199999999999996,0.2282,0
2014-10-02,3.3736363636363635,0.6272181818181818,-0.08922727272727272,35.41818181818182,0.2319,0
2014-10-03,0.87,0.6226454545454545,-0.11934545454545455,34.86363636363637,0.1814,0
2014-10-04,0.8318181818181817,0.6175909090909091,-0.11653636363636365,34.70909090909091,0.2185,0
2014-10-05,2.6599999999999997,0.604909090909091,-0.10635454545454545,34.91818181818182,0.1882,0
2014-10-06,0.0,0.5856090909090909,-0.143,34.63636363636363,0.1825,0
2014-10-07,0.25363636363636366,0.5781363636363636,-0.15545454545454546,34.70909090909091,0.1871,0
2014-10-08,1.6163636363636364,0.5693272727272727,-0.1410818181818182,35.1,0.1366,0
2014-10-09,1.1463636363636363,0.5620454545454545,-0.14586363636363636,34.89090909090909,0.194,0
2014-10-10,1.1154545454545455,0.5452272727272728,-0.1368090909090909,34.88181818181818,0.1203,0
2014-10-11,0.5054545454545454,0.5393,-0.16370909090909092,34.29090909090909,0.137,0
2014-10-12,1.2127272727272727,0.5197545454545455,-0.15342727272727272,34.87272727272727,0.1462,0
2014-10-13,0.8772727272727273,0.5160727272727272,-0.16825454545454546,33.99090909090909,0.1754,0
2014-10-14,0.0,0.5098090909090909,-0.15256363636363635,34.809090909090905,0.1499,0
2014-10-15,0.0,0.5064181818181818,-0.16182727272727274,34.481818181818184,0.1237,0
2014-10-16,0.43636363636363634,0.4878636363636364,-0.17905454545454547,34.57272727272727,0.1616,0
2014-10-17,0.16454545454545455,0.48666363636363635,-0.16496363636363637,34.78181818181818,0.1423,0
2014-10-18,0.0,0.4696090909090909,-0.17855454545454544,34.43636363636364,0.0806,0
2014-10-19,0.2318181818181818,0.47683636363636367,-0.17113636363636364,34.41818181818182,0.1616,1
2014-10-20,0.35363636363636364,0.4652636363636363,-0.17597272727272728,34.127272727272725,0.1285,0
2014-10-21,0.0,0.4491727272727273,-0.1692090909090909,34.14545454545455,0.1743,1
2014-10-22,0.49272727272727274,0.44045454545454543,-0.17556363636363637,33.73636363636364,0.1574,0
2014-10-23,0.0,0.43610000000000004,-0.17632727272727272,34.30909090909091,0.1633,1
2014-10-24,0.12818181818181817,0.4299454545454546,-0.18576363636363638,33.981818181818184,0.1515,1
2014-10-25,0.22818181818181815,0.4295727272727273,-0.18361818181818182,33.872727272727275,0.106,1
2014-10-26,0.0,0.4214,-0.17958181818181818,33.845454545454544,0.1097,1
2014-10-27,0.0,0.40386363636363637,-0.1876090909090909,33.654545454545456,0.1619,1
2014-10-28,0.0,0.4071727272727273,-0.20151818181818182,33.82727272727273,0.109,1
2014-10-29,0.08545454545454545,0.3927818181818182,-0.19848181818181818,34.27272727272727,0.1334,1
2014-10-30,0.06818181818181818,0.3920181818181818,-0.18401818181818183,34.11818181818182,0.151,1
2014-10-31,0.0,0.3962636363636364,-0.2083090909090909,33.92727272727273,0.1403,1
2014-11-01,0.0,0.3815363636363637,-0.39590909090909093,34.13636363636363,0.1251,1
2014-11-02,0.07181818181818182,0.3795727272727273,-0.3888,33.627272727272725,0.1053,2
2014-11-03,0.37545454545454543,0.36873636363636364,-0.38714545454545457,33.58181818181818,0.0622,2
2014-11-04,0.08636363636363636,0.36316363636363636,-0.3933818181818182,33.663636363636364,0.0836,1
2014-11-05,0.0,0.37010909090909094,-0.4216,33.54545454545455,0.0917,1
2014-11-06,0.0,0.3572909090909091,-0.4021272727272727,33.67272727272727,0.1142,1
2014-11-07,0.12727272727272726,0.3569909090909091,-0.4425363636363636,33.63636363636363,0.0846,2
2014-11-08,0.09,0.3523818181818182,-0.39638181818181817,33.41818181818182,0.1089,1
2014-11-09,0.0,0.3467909090909091,-0.3871909090909091,33.309090909090905,0.1092,2
2014-11-10,0.02090909090909091,0.34850909090909094,-0.39666363636363633,34.21818181818182,0.0979,2
2014-11-11,0.04090909090909091,0.33226363636363637,-0.3846090909090909,33.5,0.1008,2
2014-11-12,0.0,0.3367181818181818,-0.40772727272727277,33.58181818181818,0.1432,2
2014-11-13,0.0,0.33404545454545453,-0.43185454545454544,33.63636363636363,0.0812,1
2014-11-14,0.015454545454545455,0.3256090909090909,-0.38678181818181817,33.663636363636364,0.1266,2
2014-11-15,0.0,0.3246545454545455,-0.40094545454545455,33.88181818181818,0.0989,1
2014-11-16,0.0,0.3231363636363636,-0.3754090909090909,34.054545454545455,0.1161,2
2014-11-17,0.0,0.3216272727272727,-0.40804545454545454,33.67272727272727,0.0777,2
2014-11-18,0.06545454545454545,0.31018181818181817,-0.4433,33.71818181818182,0.102,2
2014-11-19,0.07363636363636364,0.31515454545454546,-0.39268181818181813,33.53636363636363,0.108,2
2014-11-20,0.0,0.30304545454545456,-0.35600909090909094,33.400000000000006,0.1323,2
2014-11-21,0.0,0.3068454545454546,-0.39283636363636365,33.53636363636364,0.1505,2
2014-11-22,0.0,0.29357272727272726,-0.3866545454545454,33.809090909090905,0.14,2
2014-11-23,0.0,0.30553636363636366,-0.3938727272727273,33.690909090909095,0.1018,2
2014-11-24,0.0,0.30343636363636367,-0.43020909090909093,33.89090909090909,0.1071,2
2014-11-25,0.0,0.2914181818181818,-0.4147363636363636,33.809090909090905,0.1189,2
2014-11-26,0.0018181818181818182,0.2983636363636364,-0.4226545454545455,33.59090909090909,0.0893,1
2014-11-27,0.061818181818181814,0.29280909090909096,-0.3829545454545455,33.40909090909091,0.1269,2
2014-11-28,0.01636363636363636,0.2922363636363636,-0.3744,33.90909090909091,0.0657,2
2014-11-29,0.014545454545454545,0.2917181818181818,-0.3890636363636364,34.09090909090909,0.0744,2
2014-11-30,0.0,0.28450000000000003,-0.3740818181818181,33.36363636363637,0.0841,2
2014-12-01,0.0,0.27745454545454545,-0.3755636363636363,33.32727272727273,0.058,2
2014-12-02,0.09363636363636364,0.27764545454545453,-0.40693636363636365,33.9,0.1471,2
2014-12-03,0.0,0.2745818181818182,-0.40987272727272733,33.96363636363637,0.116,2
2014-12-04,0.07818181818181819,0.28362727272727273,-0.36484545454545453,33.50909090909091,0.1038,2
2014-12-05,0.015454545454545455,0.2699818181818182,-0.3519272727272727,33.81818181818182,0.1087,2
2014-12-06,0.0,0.2638909090909091,-0.38286363636363635,33.68181818181818,0.1327,2
2014-12-07,0.0890909090909091,0.2656272727272727,-0.3983727272727273,33.654545454545456,0.1352,2
2014-12-08,0.0,0.2708090909090909,-0.42723636363636364,33.99090909090909,0.086,2
2014-12-09,0.0,0.2802545454545454,-0.38479090909090913,33.70909090909091,0.1109,2
2014-12-10,0.0,0.2636545454545454,-0.4096818181818182,33.92727272727273,0.0902,2
2014-12-11,0.046363636363636364,0.27785454545454547,-0.40054545454545454,34.17272727272727,0.1032,2
2014-12-12,0.057272727272727274,0.27294545454545455,-0.4033,33.73636363636364,0.1346,2
2014-12-13,0.1690909090909091,0.25923636363636365,-0.4055818181818182,34.018181818181816,0.0985,2
2014-12-14,0.017272727272727273,0.2625363636363636,-0.3637636363636364,33.81818181818182,0.084,2
2014-12-15,0.0,0.2702,-0.3900363636363636,34.36363636363637,0.1358,2
2014-12-16,0.15,0.26426363636363637,-0.4207181818181818,33.99090909090909,0.0864,2
2014-12-17,0.13727272727272727,0.2599727272727273,-0.4309090909090909,34.35454545454545,0.1142,2
2014-12-18,0.12636363636363637,0.2637181818181818,-0.3808727272727273,34.4,0.1212,2
2014-12-19,0.0,0.25913636363636366,-0.3827,34.41818181818182,0.172,2
2014-12-20,0.13363636363636364,0.25619090909090914,-0.4095181818181818,34.59090909090909,0.1206,2
2014-12-21,0.0,0.24334545454545456,-0.39745454545454545,34.58181818181818,0.1018,2
2014-12-22,0.053636363636363635,0.26276363636363637,-0.3957909090909091,34.26363636363636,0.1131,2
2014-12-23,0.11454545454545455,0.25426363636363636,-0.4175090909090909,34.981818181818184,0.175,2
2014-12-24,0.11363636363636363,0.2514,-0.4208545454545455,34.11818181818182,0.1031,2
2014-12-25,0.006363636363636364,0.2501,-0.4394272727272728,34.78181818181818,0.1186,2
2014-12-26,0.0,0.24793636363636365,-0.3603909090909091,34.92727272727273,0.1372,2
2014-12-27,0.04454545454545455,0.2529727272727273,-0.41016363636363634,35.08181818181818,0.0907,2
2014-12-28,0.03090909090909091,0.25133636363636364,-0.3623090909090909,35.27272727272727,0.1696,2
2014-12-29,0.07454545454545454,0.2460727272727273,-0.4306636363636364,34.481818181818184,0.0821,2
2014-12-30,0.056363636363636366,0.2515454545454545,-0.41805454545454546,35.25454545454546,0.0343,2
2014-12-31,0.012727272727272728,0.24028181818181818,-0.37524545454545455,34.872727272727275,0.1248,2
2015-01-01,0.11454545454545455,0.2392090909090909,-0.40217272727272724,35.79090909090909,0.0944,2
2015-01-02,0.0,0.2295727272727273,-0.39075454545454547,35.74545454545454,0.1132,2
2015-01-03,0.08363636363636363,0.24259090909090908,-0.3663636363636364,34.92727272727273,0.0832,2
2015-01-04,0.0,0.23731818181818182,-0.4274272727272727,35.36363636363637,0.1055,2
2015-01-05,0.03363636363636364,0.23174545454545453,-0.3818090909090909,35.21818181818182,0.119,2
2015-01-06,0.0,0.24255454545454544,-0.3745818181818182,35.49090909090909,0.0536,2
2015-01-07,0.0,0.2336181818181818,-0.37317272727272727,35.481818181818184,0.1346,2
2015-01-08,0.0,0.24078181818181818,-0.38578181818181817,35.40909090909091,0.0746,2
2015-01-09,0.09636363636363637,0.23445454545454544,-0.4223818181818182,35.96363636363637,0.0966,2
2015-01-10,0.0,0.2425,-0.4150727272727273,35.836363636363636,0.0939,2
2015-01-11,0.004545454545454546,0.21884545454545454,-0.3786090909090909,36.190909090909095,0.0761,2
2015-01-12,0.034545454545454546,0.2442,-0.38722727272727275,35.945454545454545,0.1319,2
2015-01-13,0.09,0.23175454545454546,-0.40741818181818185,36.09090909090909,0.0604,2
2015-01-14,0.0,0.23731818181818182,-0.3844090909090909,36.35454545454545,0.0991,2
2015-01-15,0.16090909090909092,0.23235454545454545,-0.3876,36.08181818181818,0.1075,2
2015-01-16,0.06090909090909091,0.23645454545454545,-0.399,36.309090909090905,0.084,2
2015-01-17,0.0,0.24085454545454546,-0.38838181818181816,36.04545454545455,0.0489,2
2015-01-18,0.022727272727272728,0.2305818181818182,-0.40210909090909086,36.11818181818182,0.141,2
2015-01-19,0.10272727272727272,0.23689090909090907,-0.36880909090909086,36.6,0.016,2
2015-01-20,0.0,0.23914545454545458,-0.42680909090909086,36.97272727272727,0.1005,2
2015-01-21,0.0,0.23910909090909094,-0.3920818181818182,36.699999999999996,0.0262,2
2015-01-22,0.0,0.22940909090909092,-0.3956272727272727,36.7,0.1177,2
2015-01-23,0.02909090909090909,0.2325,-0.40605454545454545,36.81818181818182,0.0729,2
2015-01-24,0.0,0.23395454545454547,-0.3976818181818182,37.29090909090909,0.1232,2
2015-01-25,0.0,0.23299999999999998,-0.4117363636363636,36.97272727272727,0.106,2
2015-01-26,0.03636363636363637,0.23294545454545454,-0.40603636363636364,37.518181818181816,0.1082,2
2015-01-27,0.09818181818181819,0.23914545454545452,-0.38076363636363636,37.23636363636364,0.1301,2
2015-01-28,0.0,0.24689090909090908,-0.3886545454545454,36.71818181818182,0.0363,2
2015-01-29,0.0,0.2383,-0.3914363636363636,37.35454545454545,0.1403,2
2015-01-30,0.0,0.23596363636363638,-0.38015454545454547,37.42727272727273,0.0633,2
2015-01-31,0.07727272727272727,0.22855454545454545,-0.40169090909090904,38.08181818181818,0.1026,2
2015-02-01,0.0,0.24803636363636364,-0.3734818181818182,37.945454545454545,0.1323,2
2015-02-02,0.10454545454545454,0.23484545454545455,-0.3882,37.85454545454545,0.1051,2
2015-02-03,0.15818181818181817,0.23903636363636363,-0.39188181818181816,38.07272727272727,0.0645,2
2015-02-04,0.0,0.24338181818181817,-0.4167181818181818,38.190909090909095,0.077,2
2015-02-05,0.01909090909090909,0.2326909090909091,-0.41707272727272726,38.336363636363636,0.0978,2
2015-02-06,0.0,0.2359181818181818,-0.40019999999999994,38.38181818181818,0.0783,2
2015-02-07,0.0,0.23183636363636365,-0.4000272727272727,38.41818181818182,0.0872,2
2015-02-08,0.0,0.24427272727272725,-0.4022272727272727,38.800000000000004,0.0793,2
2015-02-09,0.0,0.23392727272727273,-0.39320909090909095,38.29090909090909,0.0262,2
2015-02-10,0.04090909090909091,0.2380181818181818,-0.4504454545454546,39.190909090909095,0.0048,2
2015-02-11,0.04818181818181819,0.2353727272727273,-0.4042545454545454,38.82727272727273,0.0595,2
2015-02-12,0.0,0.2351,-0.37985454545454544,39.14545454545455,0.0739,2
2015-02-13,0.0,0.2361909090909091,-0.38542727272727273,39.07272727272727,0.0785,2
2015-02-14,0.010909090909090908,0.23401818181818185,-0.4144272727272727,38.945454545454545,0.0394,2
2015-02-15,0.04,0.23579999999999998,-0.39347272727272725,39.1,0.0591,2
2015-02-16,0.0,0.22906363636363639,-0.41099090909090913,39.08181818181818,0.0433,2
2015-02-17,0.03818181818181818,0.2409272727272727,-0.41267272727272725,39.71818181818182,0.015,2
2015-02-18,0.005454545454545454,0.23496363636363637,-0.40763636363636363,39.1,0.0827,2
2015-02-19,0.0,0.23415454545454545,-0.41370909090909086,39.50909090909091,0.0354,2
2015-02-20,0.07090909090909091,0.23242727272727273,-0.3949818181818182,39.88181818181818,0.0366,2
2015-02-21,0.004545454545454546,0.23119090909090909,-0.38048181818181814,40.35454545454545,0.0028,2
2015-02-22,0.0,0.24943636363636365,-0.4169272727272727,40.18181818181818,0.0433,2
2015-02-23,0.0,0.23639090909090907,-0.4183818181818182,39.75454545454546,0.0907,2
2015-02-24,0.1318181818181818,0.24792727272727272,-0.3762272727272727,40.21818181818182,0.0158,2
2015-02-25,0.02090909090909091,0.2395272727272727,-0.4216,40.690909090909095,0.0625,2
2015-02-26,0.005454545454545455,0.23370909090909092,-0.4328454545454546,40.38181818181818,0.0729,2
2015-02-27,0.11,0.23171818181818182,-0.3964181818181818,40.42727272727273,0.0462,2
2015-02-28,0.0009090909090909091,0.23099999999999998,-0.4214454545454545,40.699999999999996,0.0295,2
2015-03-01,0.0,0.23886363636363636,-0.4034181818181818,40.872727272727275,0.0137,2
2015-03-02,0.0,0.23423636363636363,-0.3876727272727273,41.14545454545455,0.008,2
2015-03-03,0.0,0.2386909090909091,-0.3727727272727273,40.699999999999996,0.0575,2
2015-03-04,0.0,0.2323818181818182,-0.4233272727272727,40.70909090909091,0.0273,2
2015-03-05,0.0,0.23667272727272728,-0.4026090909090909,41.53636363636363,0.0182,2
2015-03-06,0.0,0.24164545454545455,-0.3769272727272728,41.03636363636363,0.0262,2
2015-03-07,0.0009090909090909091,0.2254090909090909,-0.4207181818181818,40.85454545454545,0.0876,2
2015-03-08,0.0,0.23012727272727274,-0.4107272727272727,41.40909090909091,0.0,2
2015-03-09,0.0009090909090909091,0.24243636363636367,-0.3960545454545455,41.39090909090909,0.0574,2
2015-03-10,0.0018181818181818182,0.22695454545454546,-0.41707272727272726,41.96363636363637,0.0008,2
2015-03-11,0.0,0.22759090909090907,-0.41812727272727274,41.72727272727273,0.0907,2
2015-03-12,0.0,0.23946363636363638,-0.3864545454545455,41.59090909090909,0.0404,2
2015-03-13,0.0,0.22556363636363636,-0.3740545454545455,41.96363636363637,0.0185,2
2015-03-14,0.0009090909090909091,0.23716363636363635,-0.39857272727272725,41.58181818181818,0.0475,2
2015-03-15,0.0,0.23075454545454546,-0.3950909090909091,41.91818181818182,0.0226,2
2015-03-16,0.0,0.2353727272727273,-0.41854545454545455,42.10909090909091,0.0442,2
2015-03-17,0.0,0.24822727272727274,-0.3944636363636364,42.27272727272727,0.0065,2
2015-03-18,0.0,0.23455454545454543,-0.4158272727272727,42.08181818181818,0.062,2
2015-03-19,0.002727272727272727,0.2295090909090909,-0.3905727272727273,42.23636363636364,0.0,2
2015-03-20,0.002727272727272727,0.22883636363636362,-0.40046363636363635,42.845454545454544,0.0437,2
2015-03-21,0.0,0.23749090909090909,-0.40300909090909093,42.24545454545454,0.0,2
2015-03-22,0.0,0.23406363636363636,-0.40174545454545457,43.04545454545455,0.0,2
2015-03-23,0.009090909090909092,0.23940909090909093,-0.4274454545454546,42.481818181818184,0.0047,2
2015-03-24,0.0,0.24176363636363637,-0.37910909090909084,43.14545454545455,0.0,2
2015-03-25,0.0018181818181818182,0.23899090909090906,-0.41441818181818185,43.37272727272727,0.0006,2
2015-03-26,0.0,0.22806363636363639,-0.3841909090909091,43.42727272727273,0.0,2
2015-03-27,0.002727272727272727,0.2486,-0.40566363636363634,43.02727272727273,0.0173,2
2015-03-28,0.0,0.23628181818181818,-0.3797272727272727,43.09090909090909,0.0,2
2015-03-29,0.0,0.23467272727272726,-0.4189454545454545,43.654545454545456,0.0114,2
2015-03-30,0.0,0.23276363636363637,-0.4115272727272727,43.24545454545454,0.0459,2
2015-03-31,0.0,0.24045454545454545,-0.39182727272727275,43.4,0.0,2
2015-04-01,0.0,0.23844545454545454,-0.3597181818181818,44.190909090909095,0.0,2
2015-04-02,1.2545454545454546,0.24808181818181818,-0.3721,43.88181818181818,0.0299,2
2015-04-03,0.21545454545454545,0.24876363636363638,-0.4337909090909091,44.08181818181818,0.0,2
2015-04-04,0.6627272727272727,0.23871818181818183,-0.3907363636363636,44.06363636363636,0.0694,2
2015-04-05,0.16181818181818183,0.22913636363636367,-0.36006363636363636,44.03636363636363,0.0,2
2015-04-06,1.8518181818181818,0.23910909090909094,-0.37232727272727273,44.0,0.0312,2
2015-04-07,1.1972727272727273,0.24636363636363637,-0.41303636363636365,44.81818181818182,0.0014,2
2015-04-08,0.7227272727272728,0.2375727272727273,-0.39282727272727275,44.22727272727273,0.0156,2
2015-04-09,0.060909090909090906,0.23398181818181818,-0.4162818181818182,44.53636363636363,0.021,2
2015-04-10,0.07818181818181819,0.24134545454545456,-0.4026272727272728,43.699999999999996,0.026,2
2015-04-11,0.41818181818181815,0.23835454545454546,-0.3805545454545454,44.309090909090905,0.0189,2
2015-04-12,0.5545454545454546,0.24719999999999998,-0.38287272727272725,44.89090909090909,0.0044,2
2015-04-13,1.1881818181818182,0.25220909090909094,-0.3709636363636364,44.54545454545455,0.0,2
2015-04-14,0.07181818181818182,0.24007272727272727,-0.40879090909090904,44.74545454545454,0.0049,2
2015-04-15,0.3227272727272727,0.2516181818181818,-0.40756363636363635,44.88181818181818,0.0245,2
2015-04-16,0.12454545454545456,0.2507909090909091,-0.3674,44.86363636363637,0.0337,2
2015-04-17,0.34909090909090906,0.24484545454545453,-0.3861727272727272,44.67272727272727,0.0,2
2015-04-18,0.5609090909090909,0.2376,-0.3726636363636364,45.32727272727273,0.0,2
2015-04-19,2.7581818181818183,0.2453090909090909,-0.38651818181818176,45.018181818181816,0.0523,2
2015-04-20,0.43636363636363634,0.24787272727272727,-0.40615454545454543,45.13636363636363,0.0316,2
2015-04-21,0.46090909090909093,0.24787272727272727,-0.38763636363636367,44.96363636363637,0.048,2
2015-04-22,0.16727272727272727,0.25898181818181815,-0.36686363636363634,45.21818181818182,0.0,2
2015-04-23,0.5963636363636363,0.2407181818181818,-0.3759,45.1,0.0299,2
2015-04-24,1.1327272727272728,0.24393636363636365,-0.3869727272727273,45.27272727272727,0.0303,2
2015-04-25,0.520909090909091,0.2616545454545455,-0.4075545454545455,44.9,0.0571,2
2015-04-26,1.048181818181818,0.2536454545454545,-0.36,45.50909090909091,0.0215,2
2015-04-27,0.6327272727272728,0.24831818181818183,-0.37688181818181815,45.81818181818182,0.0415,2
2015-04-28,0.2745454545454545,0.25884545454545455,-0.44076363636363636,45.163636363636364,0.0138,2
2015-04-29,0.28545454545454546,0.24555454545454544,-0.38900909090909086,45.39090909090909,0.0,2
2015-04-30,0.046363636363636364,0.2549272727272727,-0.3693818181818182,45.14545454545455,0.043,2
2015-05-01,0.9172727272727272,0.25929090909090907,-0.19167272727272727,45.345454545454544,0.0781,2
2015-05-02,0.3736363636363636,0.25486363636363635,-0.18495454545454545,45.76363636363636,0.0576,2
2015-05-03,0.9309090909090909,0.2501272727272727,-0.1863818181818182,45.63636363636363,0.0306,2
2015-05-04,0.2509090909090909,0.2661545454545455,-0.17876363636363635,45.872727272727275,0.0716,2
2015-05-05,0.12363636363636364,0.25239999999999996,-0.18131818181818182,45.690909090909095,0.0646,2
2015-05-06,0.9681818181818183,0.26237272727272726,-0.17439090909090907,45.57272727272727,0.0492,2
2015-05-07,0.0,0.2711909090909091,-0.18237272727272727,45.57272727272727,0.0732,2
2015-05-08,0.7854545454545455,0.2687909090909091,-0.16414545454545457,45.59090909090909,0.0615,2
2015-05-09,1.0463636363636364,0.2642454545454545,-0.1704,45.73636363636364,0.0247,2
2015-05-10,0.7654545454545455,0.2646909090909091,-0.18603636363636367,45.90909090909091,0.074,2
2015-05-11,0.6154545454545455,0.2691818181818182,-0.17293636363636364,45.76363636363636,0.0559,2
2015-05-12,1.3481818181818181,0.2748,-0.14874545454545454,45.800000000000004,0.0836,1
2015-05-13,0.8781818181818182,0.2686090909090909,-0.1607909090909091,45.372727272727275,0.0606,2
2015-05-14,0.5936363636363636,0.27181818181818185,-0.16103636363636362,45.81818181818182,0.0508,2
2015-05-15,1.0799999999999998,0.2792090909090909,-0.16060909090909092,46.02727272727273,0.0604,2
2015-05-16,2.5090909090909093,0.2760909090909091,-0.15225454545454545,45.85454545454545,0.0699,2
2015-05-17,0.9100000000000001,0.27275454545454547,-0.16033636363636364,45.67272727272727,0.0462,2
2015-05-18,0.042727272727272725,0.27573636363636367,-0.15425454545454545,45.82727272727273,0.0653,2
2015-05-19,3.7700000000000005,0.2729090909090909,-0.1323181818181818,46.00909090909091,0.0791,2
2015-05-20,0.07909090909090909,0.28260909090909087,-0.17193636363636364,46.06363636363636,0.0809,2
2015-05-21,4.333636363636364,0.2772,-0.11678181818181818,45.50909090909091,0.1157,2
2015-05-22,1.247272727272727,0.2761363636363636,-0.14386363636363636,45.39090909090909,0.0956,2
2015-05-23,0.8354545454545454,0.27936363636363637,-0.14152727272727272,46.25454545454546,0.0986,1
2015-05-24,2.1445454545454545,0.2841545454545455,-0.11704545454545455,45.809090909090905,0.057,1
2015-05-25,0.09272727272727273,0.2856090909090909,-0.13968181818181818,45.82727272727273,0.1019,2
2015-05-26,1.9554545454545456,0.2907181818181818,-0.12902727272727274,46.0,0.0785,1
2015-05-27,2.049090909090909,0.2898,-0.12806363636363638,45.35454545454545,0.1531,1
2015-05-28,1.0418181818181818,0.30160000000000003,-0.12645454545454546,45.5,0.0503,1
2015-05-29,1.6109090909090908,0.29359090909090907,-0.1105090909090909,46.1,0.028,1
2015-05-30,0.32636363636363636,0.29446363636363637,-0.13117272727272727,45.627272727272725,0.0585,2
2015-05-31,2.5327272727272727,0.3025818181818182,-0.10112727272727273,45.67272727272727,0.0931,1
2015-06-01,2.1281818181818184,0.30025454545454544,-0.092,45.40909090909091,0.1003,1
2015-06-02,2.010909090909091,0.31764545454545456,-0.09484545454545454,45.61818181818182,0.0414,1
2015-06-03,2.5036363636363634,0.3172909090909091,-0.09522727272727272,45.800000000000004,0.0726,1
2015-06-04,3.747272727272727,0.3225090909090909,-0.06971818181818182,45.50909090909091,0.0829,1
2015-06-05,3.9600000000000004,0.31933636363636364,-0.0746090909090909,45.154545454545456,0.1087,1
2015-06-06,0.42363636363636364,0.3341,-0.09116363636363635,45.73636363636364,0.0696,1
2015-06-07,1.8172727272727274,0.33681818181818185,-0.07404545454545454,45.43636363636364,0.1539,1
2015-06-08,5.094545454545455,0.3492727272727273,-0.03708181818181818,45.73636363636364,0.1284,1
2015-06-09,1.7554545454545454,0.3303909090909091,-0.061418181818181816,45.24545454545454,0.0557,1
2015-06-10,5.187272727272727,0.3538272727272727,-0.033363636363636366,45.481818181818184,0.0834,1
2015-06-11,6.952727272727273,0.35004545454545455,-0.014681818181818183,45.22727272727273,0.1513,1
2015-06-12,3.74,0.35468181818181815,-0.03818181818181818,45.26363636363636,0.1226,1
2015-06-13,10.827272727272726,0.37020909090909093,0.019799999999999998,45.78181818181818,0.2044,1
2015-06-14,3.2100000000000004,0.37523636363636365,-0.032581818181818184,45.53636363636363,0.2209,1
2015-06-15,7.542727272727273,0.3759272727272727,0.02802727272727273,44.68181818181818,0.1836,1
2015-06-16,8.314545454545454,0.38727272727272727,0.012481818181818179,44.56363636363636,0.2079,1
2015-06-17,5.459090909090909,0.3951636363636364,0.007663636363636364,45.35454545454545,0.1438,1
2015-06-18,10.351818181818182,0.40518181818181814,0.02870909090909091,45.31818181818182,0.2215,0
2015-06-19,6.81,0.4080272727272727,0.019127272727272725,44.945454545454545,0.2229,1
2015-06-20,2.767272727272727,0.3941909090909091,-0.013281818181818183,44.75454545454546,0.2345,1
2015-06-21,11.577272727272728,0.41626363636363634,0.08106363636363637,44.89090909090909,0.2236,0
2015-06-22,9.250909090909092,0.42018181818181816,0.05517272727272727,44.372727272727275,0.3169,1
2015-06-23,19.252727272727274,0.43587272727272725,0.16062727272727273,44.945454545454545,0.3424,1
2015-06-24,19.06090909090909,0.45289999999999997,0.13536363636363638,44.20909090909091,0.411,1
2015-06-25,23.10181818181818,0.47844545454545456,0.1562,44.29090909090909,0.4291,0
2015-06-26,6.970909090909092,0.4777545454545455,0.06121818181818182,44.63636363636363,0.3309,0
2015-06-27,16.19363636363636,0.49723636363636364,0.13718181818181818,44.08181818181818,0.4186,0
2015-06-28,18.55818181818182,0.5080363636363636,0.16388181818181818,44.627272727272725,0.435,0
2015-06-29,26.83363636363636,0.5282363636363636,0.20816363636363636,44.09090909090909,0.4786,0
2015-06-30,18.87181818181818,0.5326272727272727,0.13846363636363634,43.72727272727273,0.4924,0
2015-07-01,16.783636363636365,0.5460090909090909,0.17184545454545452,43.53636363636363,0.4604,0
2015-07-02,21.666363636363638,0.5644636363636364,0.2043636363636364,43.4,0.4793,0
2015-07-03,13.494545454545454,0.5645636363636364,0.1435818181818182,43.54545454545455,0.4324,0
2015-07-04,24.666363636363634,0.5762545454545455,0.2495181818181818,43.163636363636364,0.5651,1
2015-07-05,12.759090909090908,0.5933727272727273,0.14315454545454545,43.11818181818182,0.5416,0
2015-07-06,21.584545454545456,0.5980909090909091,0.2188090909090909,42.981818181818184,0.5257,0
2015-07-07,20.939090909090908,0.6083272727272727,0.21186363636363634,42.981818181818184,0.5229,1
2015-07-08,25.385454545454547,0.6260272727272728,0.26335454545454545,42.581818181818186,0.5069,0
2015-07-09,39.70272727272727,0.6346909090909091,0.34490000000000004,42.85454545454545,0.6629,0
2015-07-10,33.84,0.6408454545454545,0.3023272727272727,42.74545454545454,0.6421,0
2015-07-11,35.836363636363636,0.6639,0.30821818181818184,42.154545454545456,0.7101,0
2015-07-12,32.946363636363635,0.6698272727272727,0.3099818181818182,42.6,0.7127,0
2015-07-13,38.47818181818182,0.6791636363636363,0.31746363636363634,42.32727272727273,0.7294,0
2015-07-14,29.00090909090909,0.6942454545454546,0.2639090909090909,42.38181818181818,0.7232,0
2015-07-15,35.06545454545454,0.6877363636363637,0.38283636363636364,42.40909090909091,0.7231,0
2015-07-16,20.906363636363636,0.7058545454545455,0.28402727272727274,41.95454545454545,0.677,0
2015-07-17,41.765454545454546,0.6969090909090909,0.3898363636363636,41.68181818181818,0.7368,0
2015-07-18,47.91909090909091,0.7080818181818181,0.41777272727272724,41.82727272727273,0.7361,1
2015-07-19,33.95272727272727,0.7226454545454545,0.38585454545454545,42.06363636363636,0.7322,0
2015-07-20,32.23545454545455,0.7214181818181818,0.3897727272727272,41.24545454545454,0.7619,0
2015-07-21,17.88181818181818,0.730490909090909,0.2604909090909091,40.981818181818184,0.7446,0
2015-07-22,32.79909090909091,0.7299181818181818,0.3809272727272727,40.99090909090909,0.7732,0
2015-07-23,24.170909090909092,0.7321272727272727,0.29763636363636364,41.163636363636364,0.6984,0
2015-07-24,47.47090909090909,0.7479727272727273,0.43688181818181815,40.5,0.7749,0
2015-07-25,29.14090909090909,0.7487545454545455,0.3680545454545454,40.56363636363636,0.7506,0
2015-07-26,36.32454545454545,0.7580000000000001,0.39175454545454547,40.800000000000004,0.7039,0
2015-07-27,38.593636363636364,0.7511181818181818,0.41616363636363635,40.554545454545455,0.7535,0
2015-07-28,40.1390909090909,0.7490454545454545,0.4056818181818182,40.372727272727275,0.8158,0
2015-07-29,44.844545454545454,0.7508727272727274,0.38930000000000003,40.345454545454544,0.7749,0
2015-07-30,41.552727272727275,0.7665727272727273,0.40566363636363634,40.10909090909091,0.7555,0
2015-07-31,18.63909090909091,0.7665,0.2832090909090909,39.47272727272727,0.6948,0
2015-08-01,34.098181818181814,0.7646909090909091,0.3894272727272727,39.64545454545455,0.7982,0
2015-08-02,42.88090909090909,0.7717272727272728,0.3952818181818181,39.699999999999996,0.7985,0
2015-08-03,37.14454545454545,0.7658545454545455,0.40373636363636367,39.64545454545454,0.7691,0
2015-08-04,36.89272727272727,0.7693818181818183,0.3564363636363636,39.09090909090909,0.7357,0
2015-08-05,29.94545454545454,0.785409090909091,0.3645545454545454,39.11818181818182,0.745,0
2015-08-06,20.905454545454546,0.7779454545454545,0.31066363636363636,39.36363636363637,0.7134,0
2015-08-07,33.23636363636364,0.7814727272727272,0.38116363636363637,39.21818181818182,0.7455,0
2015-08-08,31.90909090909091,0.7939636363636364,0.3093090909090909,39.77272727272727,0.7344,0
2015-08-09,31.985454545454548,0.7888545454545455,0.3664545454545454,38.73636363636364,0.778,0
2015-08-10,34.60181818181818,0.798209090909091,0.34341818181818184,38.763636363636365,0.8086,0
2015-08-11,38.78454545454545,0.8011,0.3584727272727273,38.872727272727275,0.7845,0
2015-08-12,33.28545454545454,0.7917363636363636,0.3359818181818182,39.07272727272727,0.7193,0
2015-08-13,30.94,0.8048727272727273,0.3381454545454545,38.372727272727275,0.7326,0
2015-08-14,24.35090909090909,0.8038727272727274,0.32039090909090906,38.52727272727273,0.7662,0
2015-08-15,24.987272727272728,0.7910636363636364,0.3183818181818182,38.27272727272727,0.7442,0
2015-08-16,18.32090909090909,0.8061909090909091,0.26077272727272727,38.163636363636364,0.7463,0
2015-08-17,28.042727272727276,0.7966181818181819,0.29971818181818183,38.018181818181816,0.743,0
2015-08-18,26.317272727272726,0.8039545454545455,0.3099272727272727,37.836363636363636,0.7145,0
2015-08-19,34.88090909090909,0.8076,0.34251818181818183,37.64545454545455,0.7377,0
2015-08-20,17.078181818181818,0.8117818181818183,0.2546727272727273,37.72727272727273,0.5869,0
2015-08-21,22.275454545454547,0.8139545454545455,0.2539909090909091,37.63636363636363,0.6926,0
2015-08-22,14.82818181818182,0.8091181818181817,0.1863272727272727,37.88181818181818,0.6318,0
2015-08-23,32.63181818181818,0.8009636363636364,0.28614545454545454,37.981818181818184,0.6582,0
2015-08-24,32.37909090909091,0.8104818181818182,0.3280363636363636,37.27272727272727,0.7054,0
2015-08-25,16.215454545454545,0.8094090909090909,0.2043636363636364,37.554545454545455,0.6489,0
2015-08-26,17.221818181818183,0.8170272727272727,0.21100000000000002,37.14545454545455,0.6772,0
2015-08-27,20.495454545454546,0.8117727272727273,0.22246363636363634,37.07272727272727,0.644,0
2015-08-28,30.01090909090909,0.8132363636363636,0.2941909090909091,37.41818181818182,0.6516,0
2015-08-29,15.701818181818181,0.8048363636363637,0.15817272727272727,37.28181818181818,0.5686,0
2015-08-30,4.071818181818181,0.8079272727272727,0.06952727272727273,37.28181818181818,0.4656,0
2015-08-31,8.691818181818181,0.803790909090909,0.11328181818181818,36.91818181818182,0.461,0
2015-09-01,7.645454545454545,0.8100727272727273,0.08510000000000001,36.76363636363636,0.4662,0
2015-09-02,29.206363636363633,0.8075636363636364,0.2511545454545454,36.96363636363637,0.5715,0
2015-09-03,5.002727272727273,0.8028545454545455,0.053445454545454546,36.96363636363637,0.4916,0
2015-09-04,13.622727272727273,0.8030272727272727,0.10906363636363636,36.9,0.4185,0
2015-09-05,7.053636363636364,0.8092636363636363,0.04793636363636364,36.654545454545456,0.3112,0
2015-09-06,6.596363636363637,0.8007090909090909,0.041336363636363636,36.45454545454545,0.3728,0
2015-09-07,14.098181818181816,0.7969636363636364,0.11624545454545454,36.481818181818184,0.4266,0
2015-09-08,16.272727272727273,0.7895636363636364,0.0970090909090909,35.91818181818182,0.4958,0
2015-09-09,9.744545454545454,0.7914454545454546,0.07319090909090908,36.71818181818182,0.3652,0
2015-09-10,8.249090909090908,0.7922,0.024900000000000002,36.75454545454546,0.3458,0
2015-09-11,4.64,0.7938272727272728,0.001945454545454546,36.32727272727273,0.3607,0
2015-09-12,7.226363636363636,0.7861,0.03160909090909091,36.09090909090909,0.3342,0
2015-09-13,1.770909090909091,0.7738909090909091,-0.029172727272727274,36.22727272727273,0.3454,0
2015-09-14,7.565454545454545,0.7707090909090909,0.03031818181818182,36.14545454545455,0.289,0
2015-09-15,1.298181818181818,0.7731636363636363,-0.05890909090909091,36.199999999999996,0.2204,0
2015-09-16,9.09818181818182,0.7724727272727272,0.022536363636363636,36.47272727272727,0.2979,0
2015-09-17,5.09909090909091,0.7554818181818181,-0.019745454545454545,36.127272727272725,0.2385,0
2015-09-18,5.802727272727273,0.7469545454545454,-0.015327272727272728,36.336363636363636,0.3243,0
2015-09-19,8.524545454545455,0.7351272727272726,0.010936363636363638,36.21818181818182,0.3153,0
2015-09-20,3.144545454545455,0.7315454545454546,-0.05651818181818182,35.845454545454544,0.2498,0
2015-09-21,6.757272727272727,0.7172,-0.019372727272727274,35.57272727272727,0.2609,0
2015-09-22,0.0,0.7061909090909091,-0.08273636363636364,35.31818181818182,0.2422,0
2015-09-23,2.9545454545454546,0.6939272727272727,-0.06222727272727273,35.93636363636364,0.3217,0
2015-09-24,0.20363636363636364,0.6818727272727273,-0.09690909090909092,35.518181818181816,0.199,0
2015-09-25,2.111818181818182,0.6788727272727273,-0.08557272727272727,35.35454545454546,0.2285,0
2015-09-26,0.7000000000000001,0.6644545454545455,-0.08975454545454546,35.18181818181818,0.2315,0
2015-09-27,1.1090909090909091,0.6510727272727274,-0.10047272727272727,35.58181818181818,0.191,0
2015-09-28,2.722727272727273,0.6466272727272727,-0.08507272727272727,35.38181818181818,0.1971,0
2015-09-29,3.9200000000000004,0.6402454545454546,-0.08382727272727274,35.14545454545455,0.1909,0
2015-09-30,3.12,0.6168545454545454,-0.08979090909090909,35.25454545454546,0.1571,0
2015-10-01,1.0554545454545454,0.6202272727272727,-0.11066363636363637,35.054545454545455,0.2363,0
2015-10-02,5.251818181818181,0.6071181818181818,-0.08625454545454546,35.336363636363636,0.2036,0
2015-10-03,2.88,0.5905181818181818,-0.09887272727272726,34.86363636363637,0.2272,0
2015-10-04,0.670909090909091,0.5773818181818182,-0.12102727272727272,34.81818181818182,0.1824,0
2015-10-05,2.5290909090909093,0.5703545454545454,-0.10095454545454546,35.21818181818182,0.1433,0
2015-10-06,1.739090909090909,0.5724090909090909,-0.1194090909090909,34.89090909090909,0.2256,0
2015-10-07,0.3372727272727273,0.5665636363636364,-0.14407272727272727,35.29090909090909,0.193,0
2015-10-08,0.17272727272727273,0.5464181818181818,-0.1476727272727273,35.03636363636363,0.1495,0
2015-10-09,0.1981818181818182,0.5425363636363637,-0.15113636363636365,34.92727272727273,0.2143,0
2015-10-10,0.0,0.5336181818181818,-0.15067272727272726,35.0,0.1438,0
2015-10-11,1.2454545454545454,0.5124181818181819,-0.1565,34.64545454545455,0.1652,0
2015-10-12,0.0,0.5119181818181818,-0.16538181818181819,34.59090909090909,0.1759,0
2015-10-13,0.3590909090909091,0.49254545454545456,-0.15226363636363638,35.04545454545455,0.1638,0
2015-10-14,0.0,0.4906272727272727,-0.14857272727272727,34.13636363636363,0.1491,0
2015-10-15,0.0,0.49435454545454544,-0.14759999999999998,34.372727272727275,0.1837,0
2015-10-16,0.32181818181818184,0.47049090909090907,-0.1655,34.518181818181816,0.1547,0
2015-10-17,0.17636363636363636,0.4595181818181819,-0.1459,34.29090909090909,0.1813,0
2015-10-18,0.04454545454545455,0.45300000000000007,-0.16996363636363634,34.199999999999996,0.1042,1
2015-10-19,0.7863636363636364,0.4430363636363637,-0.15456363636363635,34.08181818181818,0.1104,1
2015-10-20,0.1527272727272727,0.43759090909090914,-0.15808181818181818,34.57272727272727,0.1327,1
2015-10-21,0.0,0.4300181818181818,-0.17527272727272727,33.99090909090909,0.1435,1
2015-10-22,0.0,0.4277909090909091,-0.17753636363636363,34.163636363636364,0.1621,1
2015-10-23,0.7072727272727273,0.4300818181818182,-0.16334545454545454,34.554545454545455,0.1484,1
2015-10-24,0.05909090909090909,0.42003636363636365,-0.17067272727272728,34.0,0.1436,1
2015-10-25,0.0,0.42129999999999995,-0.1856,33.6,0.1567,1
2015-10-26,0.30454545454545456,0.4104090909090909,-0.1660909090909091,34.09090909090909,0.1747,1
2015-10-27,0.09545454545454546,0.4059,-0.16678181818181817,33.72727272727273,0.2005,1
2015-10-28,0.0,0.39796363636363635,-0.17841818181818184,34.35454545454545,0.1229,1
2015-10-29,0.34545454545454546,0.3945636363636363,-0.1767090909090909,33.699999999999996,0.1753,1
2015-10-30,0.0,0.3891545454545454,-0.17836363636363636,33.836363636363636,0.1435,1
2015-10-31,0.44181818181818183,0.38182727272727274,-0.17071818181818182,33.79090909090909,0.1404,1
2015-11-01,0.0,0.3527090909090909,-0.37979090909090907,33.836363636363636,0.1331,1
2015-11-02,0.0,0.3679454545454545,-0.39421818181818186,33.627272727272725,0.1202,1
2015-11-03,0.0,0.3701272727272727,-0.3955636363636364,34.06363636363636,0.0717,1
2015-11-04,0.021818181818181816,0.36108181818181817,-0.39167272727272723,34.29090909090909,0.0901,1
2015-11-05,0.0,0.3505090909090909,-0.4067545454545455,33.945454545454545,0.1042,2
2015-11-06,0.0,0.35869090909090906,-0.3911454545454545,33.945454545454545,0.0948,2
2015-11-07,0.0,0.3487,-0.42258181818181817,33.43636363636364,0.1192,2
2015-11-08,0.0,0.3372,-0.36123636363636363,34.00909090909091,0.1036,2
2015-11-09,0.0,0.33832727272727275,-0.3484363636363636,33.70909090909091,0.1157,2
2015-11-10,0.1190909090909091,0.32994545454545454,-0.40958181818181816,33.59090909090909,0.1024,2
2015-11-11,0.06636363636363636,0.32664545454545457,-0.43610000000000004,33.22727272727273,0.1126,2
2015-11-12,0.0,0.3320727272727273,-0.4106,33.4,0.1071,2
2015-11-13,0.030000000000000002,0.3241636363636364,-0.3820545454545455,33.709090909090904,0.0694,1
2015-11-14,0.045454545454545456,0.31582727272727273,-0.40950000000000003,33.53636363636363,0.1506,2
2015-11-15,0.023636363636363636,0.3139181818181818,-0.35642727272727276,33.57272727272727,0.1183,2
2015-11-16,0.0,0.3106363636363636,-0.3951545454545455,33.59090909090909,0.1713,2
2015-11-17,0.0,0.3055818181818182,-0.3806909090909091,33.445454545454545,0.1074,2
2015-11-18,0.007272727272727273,0.3114727272727273,-0.4077090909090909,33.554545454545455,0.0713,2
2015-11-19,0.01636363636363636,0.30422727272727274,-0.40199090909090907,33.52727272727273,0.0576,1
2015-11-20,0.04181818181818182,0.3064727272727273,-0.38271818181818185,33.900000000000006,0.1083,2
2015-11-21,0.03727272727272727,0.2989090909090909,-0.39295454545454545,33.71818181818182,0.1108,2
2015-11-22,0.0,0.3008181818181818,-0.3807,33.35454545454545,0.1022,2
2015-11-23,0.009090909090909092,0.2986181818181818,-0.38789999999999997,33.47272727272727,0.1679,2
2015-11-24,0.0,0.2962090909090909,-0.4078181818181818,33.300000000000004,0.062,2
2015-11-25,0.04181818181818182,0.2945,-0.40819999999999995,33.53636363636363,0.1347,2
2015-11-26,0.0,0.27886363636363637,-0.4180909090909091,33.79090909090909,0.0744,2
2015-11-27,0.01909090909090909,0.2873909090909091,-0.3971272727272728,33.74545454545454,0.0762,2
2015-11-28,0.0,0.2854090909090909,-0.3959,33.43636363636364,0.1296,2
2015-11-29,0.005454545454545454,0.28102727272727274,-0.37396363636363633,33.89090909090909,0.1114,2
2015-11-30,0.0,0.27805454545454544,-0.3750363636363636,33.56363636363636,0.0768,2
2015-12-01,0.0,0.27541818181818184,-0.37669090909090913,33.68181818181818,0.0845,2
2015-12-02,0.0,0.26231818181818184,-0.38436363636363635,33.699999999999996,0.1863,2
2015-12-03,0.0,0.28603636363636364,-0.4363909090909091,33.89090909090909,0.1121,2
2015-12-04,0.0,0.2717454545454545,-0.3973181818181818,33.872727272727275,0.1166,2
2015-12-05,0.006363636363636364,0.2731727272727273,-0.3716181818181818,33.53636363636363,0.125,2
2015-12-06,0.0,0.25830909090909093,-0.39459090909090916,33.95454545454545,0.1001,2
2015-12-07,0.0,0.26582727272727275,-0.39272727272727276,33.97272727272727,0.0986,2
2015-12-08,0.1890909090909091,0.2613909090909091,-0.41240000000000004,33.68181818181818,0.1819,2
2015-12-09,0.023636363636363636,0.2601818181818182,-0.3874181818181818,34.18181818181818,0.106,2
2015-12-10,0.0,0.2555272727272727,-0.38680000000000003,34.39090909090909,0.1329,2
2015-12-11,0.05454545454545454,0.2558636363636364,-0.38893636363636364,33.400000000000006,0.1778,2
2015-12-12,0.1409090909090909,0.26744545454545454,-0.4062636363636363,33.99090909090909,0.1,2
2015-12-13,0.13636363636363635,0.2505090909090909,-0.3915272727272727,34.03636363636363,0.1408,2
2015-12-14,0.07090909090909091,0.2600090909090909,-0.4022090909090909,34.03636363636363,0.1166,2
2015-12-15,0.03636363636363637,0.26476363636363637,-0.4193727272727273,33.97272727272727,0.0833,2
2015-12-16,0.05,0.2560545454545455,-0.3939727272727273,33.95454545454545,0.086,2
2015-12-17,0.004545454545454546,0.25095454545454543,-0.42680909090909097,34.23636363636364,0.0915,2
2015-12-18,0.013636363636363636,0.2482909090909091,-0.40450909090909093,34.61818181818182,0.1354,2
2015-12-19,0.0,0.24448181818181816,-0.3815363636363637,34.68181818181818,0.0694,2
2015-12-20,0.0,0.23966363636363636,-0.4049090909090909,34.73636363636364,0.057,1
2015-12-21,0.0,0.25286363636363635,-0.37820909090909094,34.39090909090909,0.1389,2
2015-12-22,0.02727272727272727,0.24751818181818183,-0.3792363636363636,34.4,0.0494,2
2015-12-23,0.08181818181818182,0.23576363636363637,-0.4150727272727273,34.71818181818182,0.1357,2
2015-12-24,0.0,0.24957272727272725,-0.3891,34.518181818181816,0.1306,2
2015-12-25,0.0,0.2490909090909091,-0.3714272727272727,34.56363636363636,0.106,2
2015-12-26,0.0,0.2412,-0.41858181818181817,34.836363636363636,0.1234,2
2015-12-27,0.05818181818181818,0.2553818181818182,-0.4052636363636364,35.27272727272727,0.0651,2
2015-12-28,0.11272727272727273,0.2457090909090909,-0.3874,35.018181818181816,0.123,2
2015-12-29,0.1290909090909091,0.2424818181818182,-0.4184818181818182,35.41818181818182,0.1087,2
2015-12-30,0.25,0.24517272727272726,-0.4293363636363636,35.42727272727273,0.1068,2
2015-12-31,0.08,0.23860909090909088,-0.4199363636363636,35.49090909090909,0.1054,2
2016-01-01,0.06636363636363636,0.24158181818181818,-0.3952090909090909,35.25454545454546,0.1371,2
2016-01-02,0.19454545454545455,0.233,-0.3852818181818182,35.25454545454546,0.1253,2
2016-01-03,0.0,0.23771818181818183,-0.35224545454545453,35.345454545454544,0.1219,2
2016-01-04,0.018181818181818184,0.21912727272727273,-0.39835454545454546,35.27272727272727,0.0856,2
2016-01-05,0.05,0.23448181818181818,-0.39094545454545454,35.663636363636364,0.1224,2
2016-01-06,0.0,0.22977272727272727,-0.42535454545454543,35.36363636363637,0.1116,2
2016-01-07,0.01636363636363636,0.2361272727272727,-0.41159090909090906,35.35454545454545,0.0929,2
2016-01-08,0.0,0.23341818181818183,-0.4035272727272727,35.300000000000004,0.0582,2
2016-01-09,0.004545454545454546,0.22243636363636365,-0.38620909090909095,35.57272727272727,0.0933,2
2016-01-10,0.0,0.24175454545454544,-0.3972090909090909,36.03636363636363,0.0381,2
2016-01-11,0.04181818181818182,0.2320818181818182,-0.4075545454545455,35.52727272727273,0.092,2
2016-01-12,0.07272727272727274,0.23163636363636364,-0.39826363636363643,35.481818181818184,0.1233,2
2016-01-13,0.0,0.2453090909090909,-0.4094545454545454,35.85454545454545,0.1218,2
2016-01-14,0.0,0.22406363636363633,-0.39355454545454543,36.32727272727273,0.0931,2
2016-01-15,0.02909090909090909,0.22444545454545456,-0.39231818181818184,36.50909090909091,0.126,2
2016-01-16,0.0,0.22854545454545452,-0.4153454545454545,36.46363636363637,0.0849,2
2016-01-17,0.06909090909090909,0.22388181818181818,-0.38795454545454544,36.59090909090909,0.0531,2
2016-01-18,0.1509090909090909,0.2303272727272727,-0.3986818181818182,36.81818181818182,0.1035,2
2016-01-19,0.0,0.23881818181818185,-0.3784909090909091,36.518181818181816,0.0779,2
2016-01-20,0.005454545454545454,0.2356090909090909,-0.40398181818181816,36.36363636363637,0.1421,2
2016-01-21,0.010909090909090908,0.24015454545454548,-0.40980909090909096,37.00909090909091,0.0773,2
2016-01-22,0.02727272727272727,0.23781818181818182,-0.4201727272727273,36.836363636363636,0.07,2
2016-01-23,0.03272727272727272,0.23703636363636366,-0.39044545454545454,37.64545454545455,0.1026,2
2016-01-24,0.0,0.2284818181818182,-0.3959,37.42727272727273,0.086,2
2016-01-25,0.17272727272727273,0.2324090909090909,-0.3917454545454545,37.38181818181818,0.066,2
2016-01-26,0.006363636363636364,0.23642727272727274,-0.39693636363636364,37.35454545454545,0.0495,2
2016-01-27,0.0,0.2307090909090909,-0.4132181818181818,37.199999999999996,0.0346,1
2016-01-28,0.03818181818181818,0.23187272727272729,-0.35197272727272727,37.72727272727273,0.1123,2
2016-01-29,0.0,0.24676363636363635,-0.4331090909090909,38.24545454545454,0.0405,2
2016-01-30,0.042727272727272725,0.2373090909090909,-0.38070909090909094,37.25454545454546,0.0472,2
2016-01-31,0.06272727272727273,0.2406090909090909,-0.3904,37.82727272727273,0.0959,2
2016-02-01,0.0,0.23914545454545458,-0.40001818181818183,37.77272727272727,0.056,2
2016-02-02,0.04181818181818182,0.22080909090909093,-0.3933909090909091,37.4,0.1099,2
2016-02-03,0.0,0.2363090909090909,-0.3543727272727273,37.93636363636364,0.1032,2
2016-02-04,0.02090909090909091,0.22792727272727273,-0.39347272727272725,38.25454545454546,0.02,2
2016-02-05,0.0,0.23203636363636362,-0.4149181818181818,38.445454545454545,0.0379,2
2016-02-06,0.03818181818181818,0.23494545454545454,-0.3770636363636364,38.25454545454546,0.0725,2
2016-02-07,0.0,0.2351090909090909,-0.4082545454545455,38.4,0.0941,2
2016-02-08,0.1590909090909091,0.2305090909090909,-0.42861818181818184,38.42727272727273,0.0469,2
2016-02-09,0.08090909090909092,0.23291818181818183,-0.4135454545454546,38.58181818181818,0.0455,2
2016-02-10,0.007272727272727273,0.22247272727272727,-0.4027454545454546,38.73636363636364,0.06,2
2016-02-11,0.024545454545454547,0.2404272727272727,-0.3864181818181818,38.663636363636364,0.0563,2
2016-02-12,0.025454545454545455,0.23925454545454547,-0.4061181818181818,38.86363636363637,0.0625,2
2016-02-13,0.0,0.2392090909090909,-0.43110909090909094,39.31818181818182,0.0722,2
2016-02-14,0.04,0.2397909090909091,-0.38249090909090905,38.809090909090905,0.1183,2
2016-02-15,0.2381818181818182,0.23708181818181817,-0.40551818181818183,39.300000000000004,0.0535,2
2016-02-16,0.0,0.23672727272727273,-0.4042181818181818,39.6,0.0385,2
2016-02-17,0.10181818181818182,0.23504545454545456,-0.38134545454545454,39.56363636363636,0.0612,2
2016-02-18,0.0,0.24026363636363637,-0.41490000000000005,39.40909090909091,0.1209,2
2016-02-19,0.031818181818181815,0.22175454545454548,-0.39893636363636364,39.77272727272727,0.0527,2
2016-02-20,0.0,0.2402363636363636,-0.3580818181818182,40.309090909090905,0.0668,2
2016-02-21,0.0,0.22987272727272726,-0.4219090909090909,39.85454545454545,0.0474,2
2016-02-22,0.025454545454545455,0.23039999999999997,-0.4388,40.23636363636364,0.0158,2
2016-02-23,0.0,0.2349363636363636,-0.41363636363636364,39.699999999999996,0.0897,2
2016-02-24,0.030000000000000002,0.2355636363636364,-0.39490909090909093,39.981818181818184,0.0727,2
2016-02-25,0.0990909090909091,0.2298818181818182,-0.38550909090909086,40.054545454545455,0.0885,2
2016-02-26,0.0,0.23003636363636362,-0.4121636363636364,40.1,0.0482,2
2016-02-27,0.14181818181818182,0.23087272727272729,-0.3904818181818182,40.46363636363637,0.0393,2
2016-02-28,0.021818181818181816,0.24475454545454545,-0.4019272727272727,40.199999999999996,0.0288,2
2016-02-29,0.0,0.2329818181818182,-0.3788636363636364,40.74545454545454,0.0352,2
2016-03-01,0.0,0.23553636363636363,-0.3752090909090909,40.73636363636364,0.0657,2
2016-03-02,0.0,0.23442727272727273,-0.3844909090909091,40.627272727272725,0.0063,2
2016-03-03,0.0,0.22453636363636365,-0.3643636363636364,41.51818181818182,0.014,2
2016-03-04,0.0,0.23348181818181815,-0.3965090909090909,40.54545454545455,0.0289,2
2016-03-05,0.0009090909090909091,0.23831818181818185,-0.38911818181818186,41.00909090909091,0.0,2
2016-03-06,0.0,0.22707272727272726,-0.3983272727272727,41.800000000000004,0.0,2
2016-03-07,0.0,0.22579090909090907,-0.38662727272727276,41.50909090909091,0.0708,2
2016-03-08,0.0009090909090909091,0.24276363636363635,-0.41102727272727274,41.53636363636363,0.1067,2
2016-03-09,0.0,0.23796363636363635,-0.41610909090909093,41.35454545454545,0.0384,2
2016-03-10,0.0009090909090909091,0.2301272727272727,-0.36419999999999997,41.49090909090909,0.0159,2
2016-03-11,0.0009090909090909091,0.2392909090909091,-0.43418181818181817,41.88181818181818,0.085,2
2016-03-12,0.0,0.23154545454545455,-0.41806363636363636,41.96363636363637,0.007,2
2016-03-13,0.0,0.23065454545454545,-0.38944545454545454,42.41818181818182,0.0166,2
2016-03-14,0.0,0.23636363636363636,-0.4007,41.92727272727273,0.0478,2
2016-03-15,0.0,0.22664545454545457,-0.3681090909090909,42.10909090909091,0.035,2
2016-03-16,0.0036363636363636364,0.22874545454545456,-0.38832727272727274,42.31818181818182,0.0386,2
2016-03-17,0.002727272727272727,0.2341181818181818,-0.3784181818181818,42.67272727272728,0.024,2
2016-03-18,0.0,0.24763636363636365,-0.40477272727272723,42.809090909090905,0.0,2
2016-03-19,0.0018181818181818182,0.2399,-0.3963909090909091,42.75454545454546,0.0195,2
2016-03-20,0.005454545454545454,0.2289,-0.40784545454545457,42.64545454545455,0.0,2
2016-03-21,0.0018181818181818182,0.23716363636363635,-0.4130909090909091,43.03636363636363,0.0254,2
2016-03-22,0.0,0.22815454545454547,-0.397,42.663636363636364,0.0194,2
2016-03-23,0.0,0.23338181818181816,-0.3958,42.73636363636364,0.0869,2
2016-03-24,0.0,0.23164545454545457,-0.3983181818181818,43.20909090909091,0.117,2
2016-03-25,0.0,0.22143636363636363,-0.3733545454545455,42.95454545454545,0.0,2
2016-03-26,0.0,0.23916363636363638,-0.41943636363636366,43.300000000000004,0.0434,2
2016-03-27,0.0,0.23049999999999998,-0.4103090909090909,43.53636363636363,0.0295,2
2016-03-28,0.004545454545454546,0.2292727272727273,-0.40848181818181817,43.21818181818182,0.0551,2
2016-03-29,0.00818181818181818,0.23722727272727273,-0.4244636363636364,43.38181818181818,0.0245,2
2016-03-30,0.0,0.24261818181818182,-0.4098909090909091,43.46363636363637,0.0358,2
2016-03-31,0.005454545454545454,0.22519999999999998,-0.43263636363636365,43.82727272727273,0.06,2
2016-04-01,0.08818181818181818,0.24024545454545454,-0.38565454545454547,43.981818181818184,0.0645,2
2016-04-02,0.38818181818181824,0.2361,-0.3359090909090909,43.85454545454546,0.0,2
2016-04-03,0.0,0.2429,-0.35555454545454546,44.26363636363636,0.0117,2
2016-04-04,0.0,0.23986363636363636,-0.4219727272727273,44.018181818181816,0.0082,2
2016-04-05,1.05,0.25061818181818185,-0.3513181818181818,44.4,0.0,2
2016-04-06,0.4627272727272727,0.23950000000000002,-0.3850909090909091,44.481818181818184,0.0397,2
2016-04-07,0.2318181818181818,0.23824545454545457,-0.3944181818181818,44.372727272727275,0.055,2
2016-04-08,1.1436363636363636,0.23428181818181815,-0.40216363636363633,44.654545454545456,0.0342,2
2016-04-09,0.49272727272727274,0.23387272727272726,-0.41091818181818185,44.23636363636364,0.0389,2
2016-04-10,0.0,0.24050000000000002,-0.4093090909090909,44.36363636363637,0.009,2
2016-04-11,0.018181818181818184,0.23045454545454547,-0.4204909090909091,44.56363636363636,0.0835,2
2016-04-12,0.629090909090909,0.24553636363636364,-0.37140909090909086,44.86363636363637,0.0,2
2016-04-13,0.33545454545454545,0.23090909090909092,-0.3768636363636364,44.58181818181818,0.0286,2
2016-04-14,0.8290909090909092,0.24100909090909092,-0.40656363636363635,44.9,0.0,2
2016-04-15,0.44181818181818183,0.23165454545454545,-0.38281818181818184,45.20909090909091,0.0402,2
2016-04-16,0.0,0.24111818181818181,-0.4460454545454546,45.20909090909091,0.0044,2
2016-04-17,0.8390909090909091,0.23146363636363637,-0.41446363636363637,45.1,0.0,2
2016-04-18,0.08181818181818182,0.24923636363636364,-0.39640000000000003,45.345454545454544,0.0,2
2016-04-19,1.1309090909090909,0.24446363636363636,-0.3912090909090909,45.300000000000004,0.0,2
2016-04-20,0.39181818181818184,0.24106363636363637,-0.38778181818181817,45.46363636363637,0.0,2
2016-04-21,0.031818181818181815,0.2475272727272727,-0.42114545454545455,45.699999999999996,0.0087,2
2016-04-22,0.30818181818181817,0.24513636363636362,-0.4060636363636364,45.63636363636363,0.0,2
2016-04-23,0.21,0.2541,-0.38049090909090916,45.49090909090909,0.0,2
2016-04-24,0.24636363636363637,0.2565818181818182,-0.3855545454545455,45.29090909090909,0.0,2
2016-04-25,0.2772727272727273,0.24946363636363636,-0.3943909090909091,45.36363636363637,0.018,2
2016-04-26,0.1409090909090909,0.2542,-0.3882090909090909,45.6,0.0527,2
2016-04-27,0.5327272727272727,0.25482727272727274,-0.35907272727272727,45.31818181818182,0.0416,2
2016-04-28,0.6572727272727272,0.24919090909090907,-0.36913636363636365,45.554545454545455,0.0026,2
2016-04-29,0.6627272727272727,0.25114545454545456,-0.36786363636363634,45.372727272727275,0.0,2
2016-04-30,0.24363636363636365,0.24564545454545456,-0.35936363636363633,45.199999999999996,0.0267,2
2016-05-01,0.9972727272727272,0.24805454545454547,-0.1726181818181818,45.845454545454544,0.0568,2
2016-05-02,2.459090909090909,0.2565636363636364,-0.16468181818181818,45.36363636363637,0.0066,2
2016-05-03,0.9145454545454546,0.2503727272727273,-0.16745454545454544,45.518181818181816,0.0809,2
2016-05-04,1.270909090909091,0.2577363636363636,-0.17306363636363636,45.85454545454545,0.1183,2
2016-05-05,0.27545454545454545,0.2523090909090909,-0.16565454545454547,46.10909090909091,0.0157,2
2016-05-06,0.5927272727272727,0.24670000000000003,-0.19135454545454547,46.02727272727273,0.0561,2
2016-05-07,0.37454545454545457,0.2686727272727273,-0.16166363636363637,46.199999999999996,0.0889,2
2016-05-08,0.7609090909090909,0.2559545454545455,-0.16763636363636364,45.85454545454545,0.058,2
2016-05-09,0.15727272727272726,0.25122727272727274,-0.17027272727272727,45.6,0.041,2
2016-05-10,0.1690909090909091,0.2641090909090909,-0.15840909090909092,45.22727272727273,0.0183,2
2016-05-11,1.719090909090909,0.25373636363636365,-0.15046363636363635,46.02727272727273,0.0463,2
2016-05-12,0.7809090909090909,0.27733636363636366,-0.16735454545454545,45.37272727272727,0.0663,2
2016-05-13,1.4527272727272729,0.25664545454545457,-0.16519999999999999,45.30909090909091,0.043,2
2016-05-14,1.2181818181818183,0.2701636363636364,-0.15316363636363636,46.054545454545455,0.0439,2
2016-05-15,1.3836363636363636,0.26449090909090905,-0.14531818181818182,45.309090909090905,0.0671,2
2016-05-16,0.4018181818181818,0.27694545454545455,-0.1673818181818182,46.4,0.0524,2
2016-05-17,1.4909090909090907,0.2748272727272727,-0.13947272727272728,45.88181818181818,0.0693,2
2016-05-18,0.3509090909090909,0.27709999999999996,-0.15789999999999998,45.93636363636364,0.067,2
2016-05-19,1.1500000000000001,0.27089090909090907,-0.14679090909090908,45.59090909090909,0.0589,2
2016-05-20,0.49272727272727274,0.27691818181818184,-0.1515,45.981818181818184,0.0897,2
2016-05-21,0.08454545454545455,0.27703636363636364,-0.17227272727272727,45.41818181818182,0.0196,2
2016-05-22,1.9045454545454548,0.2701636363636364,-0.14121818181818183,45.627272727272725,0.0662,2
2016-05-23,1.8045454545454547,0.2891090909090909,-0.12674545454545452,46.02727272727273,0.0711,2
2016-05-24,3.3145454545454545,0.28085454545454547,-0.10246363636363637,46.018181818181816,0.0958,2
2016-05-25,2.234545454545455,0.28453636363636364,-0.12430909090909091,46.23636363636364,0.0712,1
2016-05-26,6.369999999999999,0.2886818181818182,-0.08600909090909091,45.945454545454545,0.1288,1
2016-05-27,2.6627272727272726,0.30065454545454545,-0.11389090909090908,46.18181818181818,0.1402,1
2016-05-28,2.1054545454545455,0.3044,-0.11099090909090908,45.627272727272725,0.102,1
2016-05-29,0.5890909090909091,0.3095181818181818,-0.12574545454545455,45.654545454545456,0.1573,1
2016-05-30,1.9245454545454548,0.3139090909090909,-0.10954545454545456,45.981818181818184,0.1222,1
2016-05-31,1.710909090909091,0.3043090909090909,-0.1021,45.46363636363637,0.0973,1
2016-06-01,0.8563636363636363,0.30155454545454546,-0.09556363636363638,45.336363636363636,0.1415,1
2016-06-02,4.7727272727272725,0.3134272727272727,-0.06137272727272727,46.02727272727273,0.1583,1
2016-06-03,3.1563636363636363,0.3280181818181818,-0.07955454545454545,45.654545454545456,0.0467,1
2016-06-04,1.76,0.3205090909090909,-0.09383636363636363,45.39090909090909,0.1416,1
2016-06-05,4.693636363636364,0.32593636363636364,-0.03995454545454546,45.24545454545454,0.1012,1
2016-06-06,5.195454545454545,0.3436090909090909,-0.042254545454545454,44.96363636363637,0.1127,1
2016-06-07,3.1245454545454545,0.33936363636363637,-0.05652727272727273,45.56363636363636,0.1171,1
2016-06-08,3.4545454545454546,0.3505909090909091,-0.057563636363636365,45.47272727272727,0.1204,1
2016-06-09,3.8181818181818183,0.3527545454545455,-0.034,45.199999999999996,0.1621,1
2016-06-10,0.94,0.35463636363636364,-0.06448181818181818,45.0,0.1962,1
2016-06-11,6.204545454545454,0.36,-0.0013181818181818206,45.22727272727273,0.1945,1
2016-06-12,16.63181818181818,0.37068181818181817,0.10184545454545456,45.054545454545455,0.1874,0
2016-06-13,3.3100000000000005,0.3667909090909091,-0.029109090909090914,45.1,0.1579,1
2016-06-14,4.180000000000001,0.3674909090909091,-0.01690909090909091,45.345454545454544,0.21,1
2016-06-15,5.308181818181819,0.3830090909090909,0.0026363636363636385,45.518181818181816,0.1993,1
2016-06-16,1.2945454545454544,0.39687272727272727,-0.0273,45.300000000000004,0.1979,1
2016-06-17,9.752727272727272,0.3982090909090909,0.0633909090909091,45.190909090909095,0.2303,1
2016-06-18,5.433636363636364,0.4185272727272727,0.014736363636363638,44.78181818181818,0.2247,0
2016-06-19,5.971818181818182,0.4102727272727273,0.0382,44.836363636363636,0.196,0
2016-06-20,10.487272727272726,0.4187454545454546,0.07881818181818182,44.90909090909091,0.229,0
2016-06-21,14.932727272727272,0.42948181818181824,0.10442727272727273,44.86363636363637,0.2766,0
2016-06-22,10.098181818181818,0.4515363636363636,0.08436363636363636,44.49090909090909,0.2407,0
2016-06-23,18.063636363636363,0.4577090909090909,0.1007909090909091,44.71818181818182,0.3536,0
2016-06-24,12.140909090909092,0.45840909090909093,0.1323181818181818,43.945454545454545,0.3385,0
2016-06-25,13.038181818181819,0.4725,0.13499090909090908,44.154545454545456,0.2956,0
2016-06-26,21.388181818181817,0.4769454545454545,0.17823636363636364,44.59090909090909,0.3927,0
2016-06-27,13.446363636363635,0.5014636363636363,0.1315818181818182,44.42727272727273,0.3983,1
2016-06-28,15.376363636363635,0.49710909090909094,0.16786363636363635,43.872727272727275,0.4273,0
2016-06-29,14.753636363636362,0.5259272727272727,0.1674909090909091,43.690909090909095,0.4249,0
2016-06-30,12.146363636363635,0.5213272727272728,0.14068181818181819,43.91818181818182,0.4516,0
2016-07-01,24.969090909090912,0.5427454545454545,0.26540909090909093,43.93636363636364,0.3942,0
2016-07-02,17.471818181818183,0.5659636363636363,0.18489090909090908,43.28181818181818,0.4272,0
2016-07-03,23.66909090909091,0.5650272727272727,0.23867272727272726,43.36363636363637,0.4765,0
2016-07-04,33.154545454545456,0.5845,0.2815181818181818,43.24545454545454,0.5534,0
2016-07-05,31.53909090909091,0.6058727272727272,0.28605454545454545,42.73636363636364,0.6275,0
2016-07-06,28.678181818181816,0.6194454545454545,0.2768636363636363,42.981818181818184,0.5365,0
2016-07-07,10.910909090909092,0.6260727272727272,0.17716363636363636,42.28181818181818,0.5692,0
2016-07-08,23.719090909090905,0.6422272727272728,0.2539090909090909,42.81818181818182,0.6115,0
2016-07-09,33.99818181818182,0.6413818181818182,0.3030272727272727,42.82727272727273,0.613,0
2016-07-10,21.117272727272727,0.6342454545454546,0.2448272727272727,42.54545454545455,0.6502,0
2016-07-11,32.942727272727275,0.6623363636363636,0.3528909090909091,42.70909090909091,0.6967,0
2016-07-12,20.90909090909091,0.6656727272727273,0.26135454545454545,42.04545454545455,0.6411,0
2016-07-13,37.08181818181818,0.6688909090909091,0.32896363636363635,41.99090909090909,0.6932,0
2016-07-14,45.75818181818182,0.665690909090909,0.3755181818181818,42.18181818181818,0.6784,0
2016-07-15,24.46090909090909,0.6719181818181817,0.3116181818181818,41.9,0.7032,0
2016-07-16,30.296363636363637,0.685409090909091,0.3608545454545455,42.190909090909095,0.7143,0
2016-07-17,22.335454545454546,0.6912818181818182,0.2975727272727273,41.52727272727273,0.7297,0
2016-07-18,55.97545454545455,0.696209090909091,0.3663,41.70909090909091,0.7509,0
2016-07-19,35.93545454545455,0.6963090909090909,0.4133181818181818,41.29090909090909,0.7385,0
2016-07-20,32.93181818181818,0.7126636363636364,0.36508181818181823,41.02727272727273,0.7522,0
2016-07-21,32.64636363636364,0.7048000000000001,0.3199090909090909,41.199999999999996,0.7546,0
2016-07-22,35.13999999999999,0.7133181818181819,0.40043636363636365,40.699999999999996,0.7477,0
2016-07-23,44.00181818181818,0.7223909090909091,0.40858181818181816,40.88181818181818,0.7339,0
2016-07-24,29.015454545454542,0.7275636363636363,0.3403272727272727,40.518181818181816,0.7658,0
2016-07-25,36.15909090909091,0.7314363636363637,0.4093090909090909,40.845454545454544,0.7678,0
2016-07-26,51.278181818181814,0.742009090909091,0.3946454545454545,40.27272727272727,0.7366,0
2016-07-27,37.32909090909091,0.7272454545454545,0.4071727272727273,40.809090909090905,0.7612,0
2016-07-28,33.584545454545456,0.7491727272727272,0.409,40.11818181818182,0.7807,0
2016-07-29,58.15181818181818,0.7524636363636364,0.4625,40.49090909090909,0.7115,0
2016-07-30,32.66,0.7403363636363637,0.3253272727272727,39.73636363636364,0.7289,0
2016-07-31,32.56818181818182,0.7549363636363636,0.4130545454545454,39.79090909090909,0.7893,0
2016-08-01,23.75909090909091,0.752090909090909,0.29821818181818177,39.73636363636364,0.6943,0
2016-08-02,34.407272727272726,0.7584727272727272,0.3667727272727273,39.57272727272727,0.748,0
2016-08-03,28.994545454545456,0.7605636363636363,0.35546363636363637,39.24545454545454,0.797,0
2016-08-04,42.74,0.7730181818181818,0.38535454545454545,39.481818181818184,0.7251,0
2016-08-05,29.13363636363636,0.7679454545454546,0.3543090909090909,39.6,0.774,0
2016-08-06,28.62727272727273,0.768090909090909,0.31733636363636364,39.04545454545455,0.7207,0
2016-08-07,48.76,0.768590909090909,0.42948181818181824,38.654545454545456,0.7471,0
2016-08-08,45.14363636363636,0.7659272727272728,0.3959909090909091,39.054545454545455,0.8062,0
2016-08-09,41.04909090909091,0.7728363636363637,0.3789363636363637,38.4,0.7268,0
2016-08-10,44.902727272727276,0.7774909090909091,0.42966363636363636,37.95454545454545,0.8094,0
2016-08-11,25.84272727272727,0.7823545454545454,0.3567090909090909,38.36363636363637,0.7473,0
2016-08-12,52.472727272727276,0.7764090909090909,0.37673636363636365,38.36363636363637,0.7754,0
2016-08-13,45.156363636363636,0.7856181818181818,0.3816181818181818,38.345454545454544,0.7844,0
2016-08-14,34.48818181818182,0.785409090909091,0.34964545454545454,38.31818181818182,0.7795,0
2016-08-15,27.37,0.7823727272727272,0.2624,38.10909090909091,0.7522,0
2016-08-16,24.610909090909093,0.7906090909090909,0.3124363636363636,37.77272727272727,0.7767,0
2016-08-17,35.373636363636365,0.788309090909091,0.367809090909091,38.127272727272725,0.7569,0
2016-08-18,18.827272727272728,0.7832090909090909,0.2341909090909091,37.5,0.7064,0
2016-08-19,28.40636363636364,0.788209090909091,0.3239181818181818,37.40909090909091,0.803,0
2016-08-20,18.084545454545456,0.7807181818181818,0.22468181818181818,37.45454545454545,0.7359,0
2016-08-21,44.42272727272727,0.7942363636363635,0.36024545454545454,37.18181818181818,0.8118,0
2016-08-22,29.66181818181818,0.7932363636363636,0.22854545454545452,37.58181818181818,0.7165,0
2016-08-23,46.24272727272727,0.7869909090909091,0.30165454545454545,37.47272727272727,0.7193,0
2016-08-24,19.593636363636364,0.7913090909090909,0.19164545454545454,37.309090909090905,0.7692,0
2016-08-25,9.543636363636365,0.7927636363636363,0.13514545454545457,37.36363636363637,0.6792,0
2016-08-26,25.314545454545453,0.7872727272727272,0.23601818181818182,37.59090909090909,0.6916,0
2016-08-27,18.337272727272726,0.7937181818181819,0.21255454545454544,36.93636363636364,0.7076,0
2016-08-28,25.75090909090909,0.7777454545454545,0.25087272727272725,36.74545454545454,0.6976,0
2016-08-29,13.878181818181817,0.7900909090909092,0.131,37.018181818181816,0.5791,0
2016-08-30,14.293636363636363,0.7945272727272727,0.16182727272727274,36.690909090909095,0.5677,0
2016-08-31,21.71181818181818,0.7860545454545455,0.2220909090909091,36.699999999999996,0.5357,0
2016-09-01,7.364545454545455,0.7944454545454547,0.08175454545454545,36.6,0.5137,0
2016-09-02,19.847272727272728,0.7745818181818183,0.15823636363636362,36.54545454545455,0.5347,0
2016-09-03,11.543636363636365,0.7808272727272727,0.12207272727272728,36.1,0.5512,0
2016-09-04,8.379090909090909,0.7820636363636364,0.08736363636363637,36.5,0.441,0
2016-09-05,13.205454545454545,0.7838181818181819,0.1309909090909091,36.47272727272727,0.416,0
2016-09-06,5.734545454545454,0.7866363636363637,0.05283636363636363,36.41818181818182,0.433,0
2016-09-07,5.384545454545454,0.7753636363636364,0.02989090909090909,36.59090909090909,0.3676,0
2016-09-08,11.747272727272728,0.7756909090909091,0.09320909090909092,36.163636363636364,0.3584,0
2016-09-09,9.697272727272725,0.7687272727272727,0.07476363636363637,36.31818181818182,0.3001,0
2016-09-10,12.482727272727272,0.772190909090909,0.08677272727272728,35.945454545454545,0.3994,0
2016-09-11,4.287272727272728,0.7612454545454544,0.003872727272727272,36.17272727272727,0.359,0
2016-09-12,5.427272727272727,0.7643181818181819,0.0033363636363636377,36.445454545454545,0.3343,0
2016-09-13,1.9545454545454546,0.760190909090909,-0.030936363636363637,36.154545454545456,0.3017,0
2016-09-14,2.0863636363636364,0.7492,-0.029390909090909093,36.54545454545455,0.2277,0
2016-09-15,10.430909090909092,0.7569909090909092,0.030063636363636362,36.09090909090909,0.3457,0
2016-09-16,3.7572727272727278,0.7456363636363637,-0.02561818181818182,35.97272727272727,0.3076,0
2016-09-17,8.657272727272728,0.7412181818181818,0.0038818181818181807,35.5,0.304,0
2016-09-18,14.427272727272726,0.7441181818181818,0.039099999999999996,35.800000000000004,0.3494,0
2016-09-19,2.869090909090909,0.7353000000000001,-0.044218181818181816,35.63636363636363,0.2887,0
2016-09-20,4.238181818181818,0.7236727272727272,-0.052672727272727274,35.28181818181818,0.3328,0
2016-09-21,0.0,0.7191,-0.0853,35.4,0.322,0
2016-09-22,5.671818181818182,0.7104545454545454,-0.022718181818181818,35.96363636363637,0.2787,0
2016-09-23,2.8554545454545455,0.6955090909090909,-0.07431818181818182,35.73636363636364,0.2732,0
2016-09-24,2.3836363636363633,0.6826909090909091,-0.07674545454545455,35.654545454545456,0.2103,0
2016-09-25,2.8,0.6831545454545455,-0.07930000000000001,35.31818181818182,0.3153,0
2016-09-26,3.819090909090909,0.6665545454545454,-0.06975454545454546,35.67272727272727,0.1571,0
2016-09-27,1.1236363636363635,0.6495818181818183,-0.10480909090909091,35.70909090909091,0.211,0
2016-09-28,3.4081818181818178,0.6404363636363637,-0.09701818181818181,35.554545454545455,0.2202,0
2016-09-29,0.42363636363636364,0.6394909090909091,-0.10246363636363637,35.08181818181818,0.1455,0
2016-09-30,1.0609090909090908,0.6106545454545454,-0.10326363636363635,35.21818181818182,0.2424,0
2016-10-01,0.0,0.6056454545454546,-0.12106363636363636,35.4,0.2095,0
2016-10-02,0.03272727272727272,0.5967090909090909,-0.1210090909090909,35.35454545454546,0.1634,0
2016-10-03,0.17727272727272728,0.5963,-0.1295818181818182,35.23636363636364,0.1659,0
2016-10-04,0.17909090909090908,0.5669363636363637,-0.1325090909090909,35.29090909090909,0.17,0
2016-10-05,3.1318181818181823,0.5535272727272728,-0.1105,35.11818181818182,0.1735,0
2016-10-06,0.5309090909090909,0.5520181818181819,-0.13218181818181818,34.58181818181818,0.2061,0
2016-10-07,2.1990909090909088,0.5488181818181818,-0.1310909090909091,35.28181818181818,0.2145,0
2016-10-08,0.29818181818181816,0.5379272727272727,-0.13528181818181817,34.64545454545455,0.2059,0
2016-10-09,0.46636363636363637,0.5215454545454545,-0.14338181818181817,34.61818181818182,0.1294,0
2016-10-10,0.7463636363636365,0.5185909090909091,-0.14906363636363637,34.46363636363637,0.1278,0
2016-10-11,2.8363636363636364,0.49365454545454546,-0.14558181818181817,34.018181818181816,0.195,0
2016-10-12,0.27090909090909093,0.5044,-0.15726363636363636,34.67272727272727,0.0915,0
2016-10-13,0.890909090909091,0.4999454545454546,-0.15102727272727273,34.00909090909091,0.174,0
2016-10-14,0.5036363636363637,0.4849454545454545,-0.15159090909090908,34.46363636363637,0.1402,0
2016-10-15,0.0,0.48599090909090914,-0.1625909090909091,34.54545454545455,0.1287,0
2016-10-16,0.8018181818181819,0.4672272727272727,-0.1466090909090909,34.89090909090909,0.1876,0
2016-10-17,0.2963636363636364,0.4692363636363636,-0.15904545454545455,33.99090909090909,0.1484,0
2016-10-18,0.18363636363636363,0.4531181818181818,-0.17170909090909092,34.40909090909091,0.1691,1
2016-10-19,0.0,0.4423727272727273,-0.16673636363636365,34.300000000000004,0.2031,0
2016-10-20,0.01636363636363636,0.4255272727272727,-0.17162727272727274,34.04545454545455,0.1458,1
2016-10-21,0.0,0.42688181818181814,-0.1512181818181818,34.445454545454545,0.2403,1
2016-10-22,0.0,0.4113,-0.15987272727272728,33.88181818181818,0.1576,1
2016-10-23,0.3772727272727273,0.4119363636363636,-0.18080909090909092,33.99090909090909,0.1001,1
2016-10-24,0.17363636363636362,0.4004090909090909,-0.1592090909090909,34.054545454545455,0.1637,1
2016-10-25,0.2890909090909091,0.40102727272727273,-0.17108181818181817,34.190909090909095,0.152,1
2016-10-26,0.0,0.3955818181818182,-0.17501818181818182,33.518181818181816,0.1295,1
2016-10-27,0.021818181818181816,0.3924090909090909,-0.18086363636363637,33.91818181818182,0.1297,1
2016-10-28,0.21727272727272728,0.3886727272727272,-0.17263636363636364,33.96363636363637,0.1493,1
2016-10-29,0.49,0.3835363636363636,-0.16776363636363636,33.76363636363636,0.2115,1
2016-10-30,0.6245454545454545,0.3866181818181818,-0.1752090909090909,33.86363636363637,0.1873,1
2016-10-31,0.05090909090909091,0.3874,-0.16263636363636366,33.69090909090909,0.17,1
2016-11-01,0.06727272727272728,0.3710272727272727,-0.3497454545454545,34.018181818181816,0.1368,1
2016-11-02,0.0,0.36362727272727274,-0.42244545454545457,34.18181818181818,0.1143,1
2016-11-03,0.0,0.3578454545454546,-0.3837090909090909,33.85454545454545,0.0788,2
2016-11-04,0.0,0.3503636363636364,-0.3709909090909091,33.43636363636364,0.0911,2
2016-11-05,0.046363636363636364,0.34563636363636363,-0.37620000000000003,33.627272727272725,0.0489,2
2016-11-06,0.0,0.3563181818181818,-0.3804272727272728,33.4,0.139,1
2016-11-07,0.03272727272727272,0.34395454545454546,-0.35114545454545454,33.46363636363637,0.1092,1
2016-11-08,0.05545454545454545,0.33993636363636365,-0.4183636363636364,33.58181818181818,0.0856,2
2016-11-09,0.0,0.33233636363636365,-0.4039909090909091,33.836363636363636,0.1086,2
2016-11-10,0.024545454545454547,0.32692727272727273,-0.3756727272727272,33.73636363636364,0.149,2
2016-11-11,0.0,0.33665454545454543,-0.3855363636363636,33.809090909090905,0.1062,2
2016-11-12,0.03636363636363637,0.33287272727272726,-0.40080000000000005,33.54545454545455,0.0883,2
2016-11-13,0.0,0.31326363636363636,-0.3928636363636364,33.72727272727273,0.1044,2
2016-11-14,0.0,0.31875454545454546,-0.4032363636363636,33.0,0.1036,2
2016-11-15,0.0,0.30615454545454546,-0.36169999999999997,33.52727272727273,0.0863,2
2016-11-16,0.05272727272727273,0.3020090909090909,-0.38249090909090905,33.20909090909091,0.1323,2
2016-11-17,0.013636363636363636,0.30268181818181816,-0.4162181818181818,33.41818181818182,0.0834,2
2016-11-18,0.023636363636363636,0.3005909090909091,-0.3878272727272727,33.47272727272727,0.1102,2
2016-11-19,0.012727272727272728,0.30473636363636364,-0.40921818181818176,33.89090909090909,0.0963,2
2016-11-20,0.0,0.2979,-0.4033545454545454,33.21818181818182,0.1074,2
2016-11-21,0.0,0.30104545454545456,-0.3765,33.79090909090909,0.0621,2
2016-11-22,0.0,0.28964545454545454,-0.39409999999999995,33.68181818181818,0.085,2
2016-11-23,0.026363636363636363,0.28976363636363633,-0.4117909090909091,33.52727272727273,0.117,2
2016-11-24,0.0,0.28953636363636365,-0.4163,33.53636363636363,0.1057,2
2016-11-25,0.0,0.2901,-0.38992727272727273,33.836363636363636,0.1251,2
2016-11-26,0.01909090909090909,0.27973636363636367,-0.40388181818181823,33.690909090909095,0.1356,2
2016-11-27,0.0,0.2706454545454546,-0.3904727272727273,34.24545454545454,0.1502,2
2016-11-28,0.00818181818181818,0.2767090909090909,-0.4141818181818182,33.518181818181816,0.0587,2
2016-11-29,0.015454545454545455,0.26840909090909093,-0.3896909090909091,33.481818181818184,0.1298,2
2016-11-30,0.005454545454545454,0.27934545454545456,-0.3996545454545455,33.24545454545454,0.1085,2
2016-12-01,0.07454545454545454,0.2787727272727273,-0.4167181818181818,34.02727272727273,0.1241,2
2016-12-02,0.0,0.2676636363636364,-0.4115818181818182,33.57272727272727,0.1324,2
2016-12-03,0.01636363636363636,0.2772818181818182,-0.3854545454545455,33.68181818181818,0.1744,2
2016-12-04,0.061818181818181814,0.2716181818181818,-0.37179090909090906,33.654545454545456,0.1367,2
2016-12-05,0.36818181818181817,0.2520454545454545,-0.3826363636363636,33.86363636363637,0.1695,2
2016-12-06,0.10545454545454545,0.2643909090909091,-0.46664545454545453,34.17272727272727,0.1024,2
2016-12-07,0.0,0.2709727272727273,-0.3887,34.03636363636363,0.1043,2
2016-12-08,0.14363636363636365,0.2667,-0.3831909090909091,33.49090909090909,0.1492,2
2016-12-09,0.017272727272727273,0.25978181818181817,-0.3929727272727273,34.336363636363636,0.1273,2
2016-12-10,0.0,0.2643909090909091,-0.4158181818181818,33.76363636363636,0.1324,2
2016-12-11,0.04090909090909091,0.2600909090909091,-0.39209090909090905,33.63636363636363,0.1367,2
2016-12-12,0.046363636363636364,0.25683636363636364,-0.42209090909090907,34.018181818181816,0.0891,2
2016-12-13,0.07,0.2422,-0.3938727272727273,34.6,0.193,2
2016-12-14,0.04,0.2510454545454545,-0.4091181818181818,34.372727272727275,0.1008,2
2016-12-15,0.03727272727272727,0.2525454545454546,-0.4052181818181818,34.3,0.1418,2
2016-12-16,0.0,0.2487909090909091,-0.4187454545454546,34.309090909090905,0.1005,2
2016-12-17,0.006363636363636364,0.25485454545454544,-0.39134545454545455,34.39090909090909,0.0714,2
2016-12-18,0.01,0.2355636363636364,-0.4046181818181818,34.24545454545454,0.0871,2
2016-12-19,0.05909090909090909,0.2515818181818182,-0.39698181818181816,34.72727272727273,0.0684,2
2016-12-20,0.0,0.24246363636363635,-0.3834818181818182,34.5,0.0915,2
2016-12-21,0.05,0.24880000000000002,-0.3851272727272727,34.85454545454545,0.091,2
2016-12-22,0.04454545454545455,0.23883636363636365,-0.3840545454545454,34.46363636363637,0.1742,2
2016-12-23,0.0,0.2534272727272727,-0.4034090909090909,34.336363636363636,0.1121,2
2016-12-24,0.014545454545454545,0.25124545454545455,-0.4,34.445454545454545,0.1488,2
2016-12-25,0.0,0.2418090909090909,-0.3888909090909091,34.49090909090909,0.118,2
2016-12-26,0.0,0.22920909090909092,-0.4231727272727273,34.627272727272725,0.1094,2
2016-12-27,0.0,0.23530000000000004,-0.3684545454545454,35.27272727272727,0.1005,2
2016-12-28,0.0,0.24972727272727271,-0.3944636363636364,34.89090909090909,0.0717,2
2016-12-29,0.0,0.2441727272727273,-0.38935454545454545,35.10909090909091,0.0939,2
2016-12-30,0.0,0.23751818181818185,-0.3890909090909091,34.79090909090909,0.072,2
2016-12-31,0.0,0.2349909090909091,-0.40090909090909094,34.79090909090909,0.1151,2
2017-01-01,0.025454545454545455,0.23492727272727273,-0.4019,35.1,0.0755,2
2017-01-02,0.004545454545454546,0.23836363636363636,-0.4013363636363636,35.53636363636363,0.0711,2
2017-01-03,0.21181818181818182,0.23943636363636364,-0.4274090909090909,35.663636363636364,0.0699,2
2017-01-04,0.14,0.23247272727272728,-0.38762727272727276,35.49090909090909,0.0848,2
2017-01-05,0.0,0.23369090909090906,-0.3971545454545454,35.481818181818184,0.1154,2
2017-01-06,0.0,0.23959090909090908,-0.39545454545454545,35.59090909090909,0.0802,2
2017-01-07,0.0,0.24543636363636362,-0.3909,35.127272727272725,0.0986,2
2017-01-08,0.0,0.2397181818181818,-0.38034545454545454,35.47272727272727,0.0632,2
2017-01-09,0.4354545454545455,0.22854545454545452,-0.4011818181818182,35.64545454545455,0.0953,2
2017-01-10,0.08272727272727273,0.24033636363636363,-0.37512727272727275,36.43636363636364,0.087,2
2017-01-11,0.05454545454545454,0.23979999999999999,-0.39497272727272725,35.57272727272727,0.0434,2
2017-01-12,0.0,0.2322909090909091,-0.4289727272727273,35.97272727272727,0.1046,2
2017-01-13,0.0,0.23521818181818183,-0.40284545454545456,36.21818181818182,0.09,2
2017-01-14,0.0,0.23293636363636364,-0.41430909090909096,36.03636363636363,0.0919,2
2017-01-15,0.042727272727272725,0.24686363636363637,-0.3755636363636363,36.53636363636363,0.1042,2
2017-01-16,0.0,0.22614545454545454,-0.41303636363636365,36.40909090909091,0.1291,2
2017-01-17,0.04090909090909091,0.2476909090909091,-0.4043636363636364,36.41818181818182,0.0657,2
2017-01-18,0.07363636363636364,0.23617272727272728,-0.38027272727272726,36.67272727272727,0.0963,2
2017-01-19,0.0,0.2376181818181818,-0.3928636363636364,36.27272727272727,0.0429,2
2017-01-20,0.03363636363636364,0.22814545454545454,-0.4025636363636364,36.663636363636364,0.0668,2
2017-01-21,0.0,0.23583636363636362,-0.3794909090909091,37.1,0.0843,2
2017-01-22,0.10909090909090911,0.2343,-0.4180363636363636,36.945454545454545,0.0629,2
2017-01-23,0.05818181818181818,0.23147272727272725,-0.41988181818181824,37.1,0.1094,2
2017-01-24,0.06181818181818182,0.23142727272727273,-0.3819818181818182,37.5,0.0577,2
2017-01-25,0.03090909090909091,0.2408818181818182,-0.38282727272727274,36.89090909090909,0.0579,2
2017-01-26,0.09818181818181819,0.2344090909090909,-0.40297272727272726,37.32727272727273,0.099,2
2017-01-27,0.034545454545454546,0.23120000000000002,-0.38988181818181816,37.13636363636363,0.1351,2
2017-01-28,0.0,0.22860000000000003,-0.3882818181818182,37.64545454545455,0.0835,2
2017-01-29,0.006363636363636364,0.23746363636363635,-0.40883636363636366,37.64545454545455,0.0412,2
2017-01-30,0.0,0.23332727272727274,-0.3886636363636363,37.89090909090909,0.0528,2
2017-01-31,0.0,0.2375909090909091,-0.37989090909090906,38.07272727272727,0.0249,2
2017-02-01,0.07818181818181819,0.23550909090909092,-0.3895090909090909,37.63636363636363,0.0788,2
2017-02-02,0.1509090909090909,0.23594545454545457,-0.40593636363636365,37.61818181818182,0.0445,2
2017-02-03,0.0,0.2328181818181818,-0.3812181818181818,38.018181818181816,0.1052,2
2017-02-04,0.03818181818181818,0.23533636363636365,-0.409,38.08181818181818,0.0898,2
2017-02-05,0.028181818181818183,0.2330909090909091,-0.4268545454545455,38.627272727272725,0.0451,2
2017-02-06,0.03909090909090909,0.22778181818181817,-0.41908181818181817,38.654545454545456,0.0364,2
2017-02-07,0.0,0.23319090909090912,-0.45020909090909084,38.27272727272727,0.0959,2
2017-02-08,0.05545454545454545,0.22773636363636365,-0.3968363636363636,38.699999999999996,0.1108,2
2017-02-09,0.01,0.23365454545454545,-0.38796363636363634,38.518181818181816,0.0948,2
2017-02-10,0.0,0.23515454545454545,-0.34905454545454545,38.663636363636364,0.0324,2
2017-02-11,0.014545454545454545,0.2294818181818182,-0.3976363636363636,38.68181818181818,0.0923,2
2017-02-12,0.04454545454545455,0.22317272727272727,-0.40509090909090906,38.82727272727273,0.0987,2
2017-02-13,0.14272727272727273,0.24041818181818184,-0.39826363636363643,39.054545454545455,0.026,2
2017-02-14,0.0,0.23375454545454544,-0.4284454545454546,38.99090909090909,0.0354,2
2017-02-15,0.06090909090909091,0.24328181818181818,-0.38477272727272727,39.22727272727273,0.0703,2
2017-02-16,0.0,0.22974545454545456,-0.38823636363636366,39.28181818181818,0.0214,2
2017-02-17,0.02,0.24137272727272727,-0.4002363636363636,39.40909090909091,0.0636,2
2017-02-18,0.0,0.23497272727272725,-0.38874545454545456,39.56363636363636,0.0566,2
2017-02-19,0.0,0.23567272727272728,-0.42635454545454543,39.92727272727273,0.0574,2
2017-02-20,0.0,0.22310909090909092,-0.4106090909090909,39.945454545454545,0.076,2
2017-02-21,0.0,0.23743636363636364,-0.4198636363636364,40.46363636363637,0.0441,2
2017-02-22,0.0,0.23358181818181817,-0.39188181818181816,39.945454545454545,0.009,2
2017-02-23,0.0,0.25081818181818183,-0.4087181818181818,40.00909090909091,0.0763,2
2017-02-24,0.03272727272727272,0.22383636363636364,-0.44527272727272726,40.60909090909091,0.0223,2
2017-02-25,0.014545454545454545,0.22995454545454547,-0.43829999999999997,40.40909090909091,0.0377,2
2017-02-26,0.002727272727272727,0.23924545454545454,-0.3768636363636364,40.25454545454546,0.0455,2
2017-02-27,0.11,0.22945454545454547,-0.42618181818181816,40.42727272727273,0.0013,2
2017-02-28,0.030909090909090907,0.24797272727272726,-0.3812545454545454,40.75454545454546,0.0518,2
2017-03-01,0.0,0.23067272727272725,-0.42443636363636367,40.663636363636364,0.0537,2
2017-03-02,0.0,0.22180909090909087,-0.3833272727272727,41.00909090909091,0.0223,2
2017-03-03,0.0,0.2334636363636364,-0.4320272727272727,41.300000000000004,0.0607,2
2017-03-04,0.0,0.2263818181818182,-0.4200090909090909,41.24545454545454,0.0201,2
2017-03-05,0.0,0.2321272727272727,-0.41457272727272726,41.07272727272727,0.0007,2
2017-03-06,0.0,0.2272,-0.3787636363636364,41.23636363636364,0.0589,2
2017-03-07,0.0,0.23071818181818182,-0.41334545454545457,41.554545454545455,0.1026,2
2017-03-08,0.0009090909090909091,0.23936363636363636,-0.36107272727272727,41.809090909090905,0.0474,2
2017-03-09,0.0,0.24132727272727275,-0.4065,41.445454545454545,0.0318,2
2017-03-10,0.0,0.2465,-0.4240909090909091,41.32727272727273,0.0199,2
2017-03-11,0.0018181818181818182,0.22322727272727272,-0.3876727272727273,41.41818181818182,0.0728,2
2017-03-12,0.0,0.2330363636363636,-0.38859090909090904,41.97272727272727,0.0,2
2017-03-13,0.0,0.2337,-0.3773454545454546,42.25454545454546,0.0,2
2017-03-14,0.0036363636363636364,0.24036363636363636,-0.39585454545454546,42.28181818181818,0.0142,2
2017-03-15,0.0,0.23895454545454545,-0.3856636363636364,42.36363636363637,0.0185,2
2017-03-16,0.006363636363636364,0.22669090909090908,-0.3856636363636364,41.88181818181818,0.0497,2
2017-03-17,0.0009090909090909091,0.23923636363636366,-0.4195272727272727,42.32727272727273,0.0599,2
2017-03-18,0.0,0.22971818181818182,-0.3904727272727273,42.1,0.0521,2
2017-03-19,0.0,0.23512727272727274,-0.3866090909090909,42.22727272727273,0.0,3
2017-03-20,0.0,0.2381,-0.39687272727272727,42.81818181818182,0.0137,2
2017-03-21,0.0,0.24104545454545453,-0.3926363636363636,42.21818181818182,0.0368,2
2017-03-22,0.0,0.23427272727272727,-0.41859999999999997,42.690909090909095,0.0495,2
2017-03-23,0.0,0.2324818181818182,-0.38185454545454545,42.481818181818184,0.0975,2
2017-03-24,0.0036363636363636364,0.22717272727272728,-0.40365454545454543,43.018181818181816,0.0,2
2017-03-25,0.007272727272727273,0.2328,-0.39942727272727274,43.20909090909091,0.009,2
2017-03-26,0.0,0.22984545454545452,-0.41263636363636363,42.82727272727273,0.0,2
2017-03-27,0.0,0.2334090909090909,-0.4214454545454545,43.1,0.0,2
2017-03-28,0.0,0.24516363636363636,-0.4174,42.90909090909091,0.0496,2
2017-03-29,0.0,0.2321272727272727,-0.37810909090909095,43.21818181818182,0.0522,2
2017-03-30,0.0,0.2459090909090909,-0.39139090909090907,42.92727272727273,0.0,2
2017-03-31,0.002727272727272727,0.2323090909090909,-0.42698181818181813,43.699999999999996,0.0,2
2017-04-01,0.8372727272727274,0.23026363636363636,-0.41341818181818185,44.08181818181818,0.0,2
2017-04-02,0.19636363636363638,0.2349181818181818,-0.3750727272727273,43.92727272727273,0.0249,2
2017-04-03,0.06272727272727273,0.23501818181818182,-0.39686363636363636,44.163636363636364,0.0,2
2017-04-04,0.07,0.2406818181818182,-0.39448181818181816,43.945454545454545,0.0,2
2017-04-05,0.2736363636363636,0.2327181818181818,-0.38479090909090913,43.88181818181818,0.0683,2
2017-04-06,0.3936363636363636,0.24274545454545454,-0.4056818181818182,44.627272727272725,0.054,2
2017-04-07,0.3090909090909091,0.2339909090909091,-0.40139090909090913,44.29090909090909,0.0,2
2017-04-08,0.32181818181818184,0.23192727272727273,-0.3591,44.60909090909091,0.0372,2
2017-04-09,0.0,0.2355636363636364,-0.3975909090909091,44.71818181818182,0.0079,2
2017-04-10,2.3327272727272725,0.2513,-0.34131818181818185,44.6,0.011,2
2017-04-11,0.02909090909090909,0.2319181818181818,-0.35660000000000003,44.93636363636364,0.0,2
2017-04-12,0.3645454545454545,0.24144545454545455,-0.38149090909090905,44.74545454545454,0.0044,2
2017-04-13,0.36727272727272725,0.2497090909090909,-0.3976909090909091,44.35454545454545,0.051,2
2017-04-14,0.3845454545454546,0.23855454545454544,-0.3674545454545454,44.92727272727273,0.0,2
2017-04-15,1.3181818181818181,0.2406818181818182,-0.36818181818181817,44.627272727272725,0.0179,2
2017-04-16,0.0,0.24128181818181818,-0.3956545454545454,44.74545454545454,0.0196,2
2017-04-17,1.09,0.24444545454545452,-0.3568909090909091,45.300000000000004,0.0391,2
2017-04-18,0.2781818181818182,0.2441909090909091,-0.3934909090909091,45.6,0.0409,2
2017-04-19,0.6527272727272727,0.24405454545454547,-0.36475454545454544,45.554545454545455,0.0026,2
2017-04-20,0.17181818181818181,0.246,-0.3772,44.845454545454544,0.0009,2
2017-04-21,0.7945454545454546,0.24634545454545453,-0.3526818181818182,45.345454545454544,0.0349,2
2017-04-22,0.6381818181818182,0.24489090909090908,-0.4047,45.21818181818182,0.0165,2
2017-04-23,0.09,0.24550909090909093,-0.3823727272727273,45.03636363636363,0.0,2
2017-04-24,2.2436363636363637,0.24493636363636365,-0.38333636363636364,44.945454545454545,0.0468,2
2017-04-25,0.17909090909090908,0.23854545454545456,-0.4145454545454545,45.46363636363637,0.0268,2
2017-04-26,0.0,0.2505,-0.4024636363636364,45.14545454545455,0.013,2
2017-04-27,1.041818181818182,0.2520636363636364,-0.3692272727272727,45.38181818181818,0.0241,2
2017-04-28,0.18818181818181817,0.25173636363636365,-0.4026727272727273,45.53636363636363,0.0,2
2017-04-29,0.2563636363636364,0.24637272727272724,-0.37502727272727276,45.74545454545454,0.0,2
2017-04-30,0.14454545454545456,0.25145454545454543,-0.38907272727272724,45.56363636363636,0.0,2
2017-05-01,0.17272727272727273,0.2575909090909091,-0.19752727272727275,45.68181818181818,0.0,2
2017-05-02,0.3727272727272727,0.25175454545454545,-0.17935454545454546,45.4,0.0787,2
2017-05-03,0.045454545454545456,0.2591636363636364,-0.19168181818181818,45.72727272727273,0.0307,2
2017-05-04,0.2209090909090909,0.24523636363636364,-0.19224545454545455,45.26363636363636,0.0367,2
2017-05-05,0.48636363636363633,0.25115454545454546,-0.1887818181818182,45.58181818181818,0.0306,2
2017-05-06,1.4236363636363636,0.25934545454545455,-0.1675909090909091,45.481818181818184,0.0737,2
2017-05-07,0.36727272727272725,0.2494181818181818,-0.18771818181818178,45.336363636363636,0.0417,2
2017-05-08,0.8627272727272728,0.26241818181818183,-0.17917272727272726,46.00909090909091,0.01,2
2017-05-09,1.011818181818182,0.2661272727272727,-0.16904545454545453,45.61818181818182,0.0817,2
2017-05-10,0.2890909090909091,0.25994545454545454,-0.1737,45.52727272727273,0.0594,2
2017-05-11,0.5036363636363637,0.2590181818181818,-0.17946363636363635,45.47272727272727,0.0,2
2017-05-12,0.5481818181818182,0.2640454545454545,-0.17564545454545455,45.57272727272727,0.0475,2
2017-05-13,0.7572727272727273,0.2770909090909091,-0.16575454545454546,45.99090909090909,0.0523,2
2017-05-14,1.0936363636363635,0.2620454545454545,-0.1558090909090909,45.900000000000006,0.1248,2
2017-05-15,0.7618181818181817,0.2736545454545455,-0.15905454545454545,45.190909090909095,0.0509,2
2017-05-16,0.16545454545454547,0.2657363636363636,-0.17354545454545456,45.91818181818182,0.0439,2
2017-05-17,0.0890909090909091,0.265,-0.1721090909090909,45.690909090909095,0.0627,2
2017-05-18,2.617272727272727,0.2752727272727273,-0.12328181818181819,45.57272727272727,0.034,2
2017-05-19,0.7172727272727273,0.2797909090909091,-0.15133636363636363,45.70909090909091,0.0373,2
2017-05-20,3.2236363636363636,0.2877636363636364,-0.13120909090909091,46.28181818181818,0.1003,2
2017-05-21,2.693636363636364,0.2917,-0.13318181818181818,46.054545454545455,0.0721,2
2017-05-22,0.28,0.2823454545454545,-0.15357272727272728,45.88181818181818,0.0695,2
2017-05-23,0.21909090909090911,0.28962727272727273,-0.1484909090909091,45.654545454545456,0.0519,2
2017-05-24,1.4336363636363636,0.2909909090909091,-0.1330090909090909,45.90909090909091,0.1,2
2017-05-25,1.329090909090909,0.2786363636363636,-0.1392909090909091,46.14545454545455,0.1346,2
2017-05-26,3.7545454545454544,0.28902727272727274,-0.09971818181818182,46.31818181818182,0.1196,2
2017-05-27,0.0,0.28648181818181817,-0.15785454545454544,46.02727272727273,0.1136,2
2017-05-28,2.0445454545454544,0.28558181818181816,-0.12130909090909091,45.9,0.1155,2
2017-05-29,1.7172727272727273,0.2953272727272727,-0.1124909090909091,45.38181818181818,0.0887,1
2017-05-30,8.032727272727273,0.3029545454545455,-0.04889999999999999,45.95454545454545,0.1711,1
2017-05-31,4.34909090909091,0.3099363636363636,-0.09351818181818182,45.95454545454545,0.1081,1
2017-06-01,8.59,0.32180000000000003,-0.02544545454545455,45.77272727272727,0.1626,1
2017-06-02,3.0772727272727276,0.3171272727272727,-0.08750909090909091,45.4,0.1245,1
2017-06-03,2.08,0.30771818181818184,-0.08874545454545454,45.57272727272727,0.1326,1
2017-06-04,2.8545454545454545,0.33176363636363637,-0.07178181818181818,45.42727272727273,0.1952,1
2017-06-05,0.0,0.32984545454545455,-0.08371818181818182,45.60909090909091,0.1267,1
2017-06-06,0.0,0.3401727272727273,-0.09072727272727273,45.49090909090909,0.1016,1
2017-06-07,3.7854545454545456,0.32804545454545453,-0.06696363636363636,45.49090909090909,0.1026,1
2017-06-08,3.0645454545454545,0.3346363636363636,-0.04817272727272728,45.56363636363636,0.1286,1
2017-06-09,2.7881818181818185,0.3518272727272727,-0.06506363636363637,45.554545454545455,0.1347,1
2017-06-10,6.867272727272726,0.34107272727272725,-0.017627272727272728,45.24545454545454,0.1213,1
2017-06-11,3.2290909090909095,0.3623818181818182,-0.055290909090909085,45.67272727272727,0.1292,1
2017-06-12,10.457272727272727,0.3697545454545454,0.014890909090909092,44.78181818181818,0.2014,1
2017-06-13,11.389090909090909,0.3794272727272727,0.03359090909090909,45.10909090909091,0.2042,1
2017-06-14,6.1436363636363645,0.3724636363636364,-0.009045454545454544,45.09090909090909,0.2174,1
2017-06-15,2.7745454545454544,0.39433636363636365,-0.03762727272727273,44.97272727272727,0.2329,1
2017-06-16,5.521818181818182,0.39406363636363634,0.006263636363636363,44.85454545454545,0.1825,0
2017-06-17,5.99909090909091,0.3996636363636364,0.02830909090909091,45.06363636363636,0.2874,1
2017-06-18,12.246363636363638,0.4092909090909091,0.06101818181818182,44.93636363636364,0.2477,1
2017-06-19,10.333636363636364,0.41790909090909084,0.06605454545454546,44.61818181818182,0.2581,1
2017-06-20,11.425454545454546,0.4175636363636364,0.08003636363636364,44.96363636363637,0.2033,0
2017-06-21,14.231818181818182,0.4494818181818182,0.06259090909090909,44.699999999999996,0.2665,0
2017-06-22,15.316363636363638,0.44887272727272726,0.14004545454545456,44.6,0.3331,0
2017-06-23,6.234545454545454,0.4522272727272727,0.04571818181818182,44.71818181818182,0.3522,0
2017-06-24,16.842727272727274,0.46950000000000003,0.16475454545454546,44.52727272727273,0.2869,0
2017-06-25,17.85727272727273,0.4754454545454545,0.1736181818181818,44.39090909090909,0.3642,0
2017-06-26,10.91,0.48123636363636363,0.1072,44.17272727272727,0.3366,0
2017-06-27,26.576363636363634,0.49700000000000005,0.2274181818181818,43.74545454545454,0.3911,0
2017-06-28,13.32818181818182,0.5183818181818182,0.12569999999999998,43.25454545454546,0.4247,0
2017-06-29,13.59818181818182,0.5248636363636364,0.1484090909090909,44.20909090909091,0.3908,1
2017-06-30,13.67909090909091,0.5390727272727273,0.16287272727272728,43.845454545454544,0.4717,0
2017-07-01,20.804545454545455,0.5395181818181819,0.16045454545454546,44.39090909090909,0.4341,0
2017-07-02,13.295454545454545,0.5497090909090909,0.13068181818181818,44.054545454545455,0.4312,0
2017-07-03,32.61090909090909,0.5724636363636364,0.2973090909090909,43.099999999999994,0.5529,0
2017-07-04,7.891818181818182,0.5855181818181818,0.12196363636363637,43.190909090909095,0.424,0
2017-07-05,25.123636363636365,0.5862909090909091,0.2524818181818182,43.42727272727273,0.5405,0
2017-07-06,19.755454545454544,0.5977181818181818,0.21881818181818183,43.300000000000004,0.5146,0
2017-07-07,26.76,0.6239181818181818,0.3065727272727273,43.45454545454545,0.5564,0
2017-07-08,17.717272727272725,0.6207272727272728,0.23317272727272725,42.554545454545455,0.5907,1
2017-07-09,28.317272727272726,0.6277545454545455,0.3092181818181818,42.79090909090909,0.5744,0
2017-07-10,30.44,0.6494363636363636,0.2903545454545455,42.27272727272727,0.5743,0
2017-07-11,27.185454545454544,0.6467636363636363,0.2981090909090909,42.53636363636363,0.6244,0
2017-07-12,24.033636363636365,0.6550727272727273,0.27184545454545456,42.53636363636363,0.6196,0
2017-07-13,30.00272727272727,0.6615454545454545,0.33457272727272724,42.300000000000004,0.7624,0
2017-07-14,43.230909090909094,0.6758090909090909,0.3603,42.4,0.7331,0
2017-07-15,22.813636363636363,0.6683272727272728,0.2945,41.88181818181818,0.7031,0
2017-07-16,21.63181818181818,0.6871090909090909,0.3027090909090909,42.336363636363636,0.7196,0
2017-07-17,50.33454545454545,0.6930181818181818,0.47791818181818185,41.345454545454544,0.7339,0
2017-07-18,52.58636363636364,0.6990181818181818,0.45757272727272724,41.60909090909091,0.7895,0
2017-07-19,35.900909090909096,0.7098909090909091,0.4273363636363637,41.554545454545455,0.7589,0
2017-07-20,35.36818181818182,0.7058090909090908,0.3108818181818182,41.42727272727273,0.7077,0
2017-07-21,46.06909090909091,0.7264363636363637,0.3558818181818182,41.28181818181818,0.7463,0
2017-07-22,35.75545454545455,0.7229363636363636,0.38235454545454545,40.93636363636364,0.7735,0
2017-07-23,45.31818181818182,0.7262727272727273,0.39733636363636365,41.27272727272727,0.671,0
2017-07-24,45.21727272727273,0.7297818181818182,0.35910909090909093,40.809090909090905,0.7436,0
2017-07-25,60.802727272727275,0.7399090909090908,0.4531363636363636,40.61818181818182,0.7909,0
2017-07-26,28.62090909090909,0.7377363636363636,0.3752636363636364,40.73636363636364,0.7874,0
2017-07-27,38.92818181818182,0.7429909090909091,0.41567272727272725,40.60909090909091,0.7577,0
2017-07-28,44.586363636363636,0.7504818181818181,0.3692272727272727,39.9,0.7455,0
2017-07-29,32.623636363636365,0.7534545454545455,0.36155454545454546,40.481818181818184,0.7339,0
2017-07-30,51.21545454545455,0.7545181818181818,0.43265454545454546,39.71818181818182,0.7418,0
2017-07-31,56.04909090909091,0.7623818181818183,0.42734545454545453,39.74545454545454,0.7541,0
2017-08-01,48.07818181818182,0.7638363636363636,0.4556363636363637,39.74545454545454,0.7577,0
2017-08-02,42.096363636363634,0.7657818181818182,0.43779999999999997,39.19090909090909,0.7466,0
2017-08-03,57.59090909090909,0.7703545454545455,0.4310909090909091,39.29090909090909,0.8207,0
2017-08-04,25.20090909090909,0.7742909090909091,0.30367272727272726,39.39090909090909,0.804,0
2017-08-05,55.39363636363637,0.7665454545454545,0.43715454545454546,39.18181818181818,0.7561,0
2017-08-06,68.02545454545454,0.7820909090909091,0.41265454545454544,38.699999999999996,0.7712,0
2017-08-07,54.04363636363637,0.7798090909090909,0.43423636363636364,38.97272727272727,0.7358,0
2017-08-08,28.89727272727273,0.7805090909090908,0.32094545454545453,38.70909090909091,0.7606,0
2017-08-09,36.37909090909091,0.7908545454545455,0.37525454545454545,38.800000000000004,0.6792,0
2017-08-10,31.768181818181816,0.7866545454545455,0.37382727272727273,38.52727272727273,0.783,0
2017-08-11,38.050909090909094,0.791,0.29256363636363636,38.018181818181816,0.758,0
2017-08-12,30.45090909090909,0.7867909090909091,0.30625454545454545,38.54545454545455,0.7686,0
2017-08-13,27.854545454545452,0.7951454545454546,0.26158181818181814,38.054545454545455,0.7148,0
2017-08-14,28.85818181818182,0.7866090909090908,0.3141818181818182,37.71818181818182,0.7488,0
2017-08-15,27.562727272727273,0.7973,0.3270909090909091,37.60909090909091,0.7719,0
2017-08-16,32.12818181818182,0.7991636363636364,0.3427272727272727,37.68181818181818,0.7196,0
2017-08-17,50.86363636363637,0.7905636363636362,0.4440636363636364,37.690909090909095,0.767,0
2017-08-18,39.24545454545454,0.7970727272727273,0.3697181818181818,37.481818181818184,0.7898,0
2017-08-19,19.926363636363636,0.7971090909090909,0.2712090909090909,37.654545454545456,0.7459,0
2017-08-20,23.80636363636364,0.7945636363636364,0.24954545454545454,37.92727272727273,0.7659,0
2017-08-21,28.181818181818183,0.8043545454545454,0.32995454545454544,37.32727272727273,0.7508,0
2017-08-22,57.64636363636364,0.7883,0.40082727272727275,36.96363636363637,0.7814,0
2017-08-23,21.36,0.7946818181818182,0.23582727272727275,37.07272727272727,0.7792,0
2017-08-24,11.511818181818182,0.7975545454545454,0.17654545454545453,37.04545454545455,0.7204,0
2017-08-25,12.434545454545455,0.8022818181818182,0.17108181818181817,37.07272727272727,0.6756,0
2017-08-26,23.798181818181817,0.7999636363636363,0.21870909090909094,37.481818181818184,0.672,0
2017-08-27,21.029090909090908,0.8045636363636365,0.22086363636363637,37.31818181818182,0.6727,0
2017-08-28,19.95181818181818,0.8020272727272727,0.1899363636363636,36.76363636363636,0.626,0
2017-08-29,22.811818181818182,0.7959272727272727,0.2238090909090909,36.77272727272727,0.5839,0
2017-08-30,42.72818181818182,0.7992,0.34667272727272724,36.190909090909095,0.6744,0
2017-08-31,20.742727272727276,0.795909090909091,0.17534545454545453,36.85454545454545,0.645,0
2017-09-01,15.556363636363637,0.8026727272727272,0.14880909090909092,36.75454545454546,0.6365,0
2017-09-02,21.233636363636364,0.802209090909091,0.19398181818181817,36.372727272727275,0.6227,0
2017-09-03,11.585454545454546,0.7915363636363636,0.09641818181818182,37.03636363636363,0.5262,0
2017-09-04,22.224545454545453,0.7918727272727272,0.1463727272727273,36.190909090909095,0.5634,0
2017-09-05,26.62727272727273,0.797509090909091,0.18774545454545455,36.54545454545455,0.6287,0
2017-09-06,23.637272727272727,0.7889272727272728,0.18451818181818183,36.13636363636363,0.5702,0
2017-09-07,17.363636363636363,0.7940909090909091,0.15404545454545457,36.35454545454545,0.5416,0
2017-09-08,8.733636363636363,0.7978909090909091,0.062236363636363645,36.46363636363637,0.4958,0
2017-09-09,8.315454545454545,0.7884818181818182,0.048045454545454544,36.0,0.5001,0
2017-09-10,2.600909090909091,0.7992727272727272,-0.006972727272727273,36.13636363636363,0.469,0
2017-09-11,7.4772727272727275,0.7846,0.027581818181818183,36.43636363636364,0.4699,0
2017-09-12,7.834545454545454,0.7869272727272727,0.026463636363636366,36.02727272727273,0.382,0
2017-09-13,6.415454545454545,0.7697818181818182,0.009336363636363634,36.27272727272727,0.351,0
2017-09-14,8.409090909090908,0.7825818181818182,0.034527272727272726,35.981818181818184,0.316,0
2017-09-15,9.104545454545454,0.7615363636363636,0.03436363636363637,36.00909090909091,0.2944,0
2017-09-16,5.542727272727273,0.7721545454545455,-0.006490909090909092,36.22727272727273,0.2676,0
2017-09-17,13.838181818181818,0.7485090909090908,0.05565454545454545,35.627272727272725,0.3091,0
2017-09-18,7.274545454545454,0.7638454545454546,0.001272727272727274,35.845454545454544,0.2998,0
2017-09-19,4.4363636363636365,0.7445181818181819,-0.030327272727272727,35.654545454545456,0.3421,0
2017-09-20,9.18,0.743,0.00870909090909091,35.76363636363636,0.3202,0
2017-09-21,4.606363636363636,0.7299,-0.032,36.08181818181818,0.3515,0
2017-09-22,6.483636363636363,0.7304727272727273,-0.028536363636363637,35.336363636363636,0.3002,0
2017-09-23,9.250909090909092,0.7318181818181819,-0.0014000000000000022,35.59090909090909,0.3548,0
2017-09-24,0.8072727272727274,0.7064454545454546,-0.08157272727272727,35.61818181818182,0.232,0
2017-09-25,4.921818181818182,0.6956636363636364,-0.06293636363636364,35.56363636363636,0.2719,0
2017-09-26,2.015454545454545,0.6980454545454545,-0.0911818181818182,35.309090909090905,0.2631,0
2017-09-27,3.108181818181818,0.6898,-0.086,35.07272727272727,0.2373,0
2017-09-28,4.678181818181819,0.699509090909091,-0.057263636363636364,35.32727272727273,0.2514,0
2017-09-29,2.5827272727272725,0.6664181818181819,-0.08506363636363636,35.42727272727273,0.2483,0
2017-09-30,3.188181818181818,0.6627545454545455,-0.09684545454545454,34.99090909090909,0.254,0
2017-10-01,1.5645454545454547,0.6506454545454545,-0.12079090909090909,34.97272727272727,0.1507,0
2017-10-02,2.7972727272727274,0.6406454545454546,-0.11297272727272727,34.73636363636364,0.2016,0
2017-10-03,0.889090909090909,0.6258545454545454,-0.12998181818181817,34.71818181818182,0.195,0
2017-10-04,1.5436363636363637,0.6174,-0.10567272727272727,34.945454545454545,0.1753,0
2017-10-05,1.7927272727272727,0.5982454545454545,-0.12586363636363637,34.93636363636364,0.1549,0
2017-10-06,0.4209090909090909,0.5820909090909091,-0.1383818181818182,35.21818181818182,0.1397,0
2017-10-07,0.0,0.5750090909090909,-0.13473636363636363,35.27272727272727,0.2245,0
2017-10-08,0.4636363636363636,0.5554363636363636,-0.15374545454545455,34.57272727272727,0.1631,0
2017-10-09,0.0,0.5489181818181819,-0.14815454545454546,34.57272727272727,0.1847,0
2017-10-10,0.0,0.5415,-0.1540181818181818,34.59090909090909,0.0859,0
2017-10-11,0.9654545454545453,0.537409090909091,-0.14422727272727273,34.481818181818184,0.1025,0
2017-10-12,0.0,0.5217272727272727,-0.14731818181818182,34.93636363636364,0.1607,0
2017-10-13,1.6963636363636363,0.5104272727272727,-0.14345454545454547,34.56363636363636,0.1526,0
2017-10-14,0.0,0.49945454545454543,-0.1654090909090909,35.09090909090909,0.1758,0
2017-10-15,1.2499999999999998,0.5016272727272727,-0.13567272727272728,34.31818181818182,0.171,0
2017-10-16,0.6054545454545455,0.49042727272727277,-0.14351818181818182,34.42727272727273,0.1543,0
2017-10-17,0.5290909090909092,0.4822909090909091,-0.15174545454545454,34.199999999999996,0.1698,0
2017-10-18,1.7054545454545453,0.4710181818181818,-0.1481,34.43636363636364,0.2069,0
2017-10-19,0.22545454545454546,0.4497818181818181,-0.1603,34.09090909090909,0.1519,0
2017-10-20,0.3054545454545454,0.4511727272727273,-0.15011818181818182,34.43636363636364,0.1564,1
2017-10-21,0.21,0.4412181818181818,-0.1748909090909091,34.336363636363636,0.1954,0
2017-10-22,0.41,0.43151818181818186,-0.16891818181818183,33.77272727272727,0.1396,0
2017-10-23,0.24181818181818182,0.42754545454545456,-0.16602727272727272,34.07272727272727,0.1655,1
2017-10-24,0.7727272727272727,0.4188,-0.16465454545454544,34.28181818181818,0.1923,1
2017-10-25,0.2609090909090909,0.4162454545454546,-0.17015454545454547,34.46363636363637,0.1828,1
2017-10-26,0.0,0.40757272727272725,-0.16538181818181819,34.04545454545455,0.2214,1
2017-10-27,0.0,0.4081181818181818,-0.17104545454545453,33.96363636363637,0.123,1
2017-10-28,0.06454545454545454,0.4079727272727273,-0.16832727272727271,34.18181818181818,0.1437,1
2017-10-29,0.17545454545454545,0.3845454545454545,-0.19367272727272725,33.95454545454545,0.1394,1
2017-10-30,0.3845454545454546,0.37411818181818185,-0.17616363636363636,34.154545454545456,0.1552,1
2017-10-31,0.0,0.3752090909090909,-0.1946090909090909,33.800000000000004,0.1547,1
2017-11-01,0.0,0.3702727272727273,-0.3870454545454546,33.809090909090905,0.1481,1
2017-11-02,0.14545454545454548,0.36974545454545454,-0.3975818181818182,34.054545454545455,0.0644,1
2017-11-03,0.17636363636363636,0.3685,-0.4025,33.68181818181818,0.1354,1
2017-11-04,0.049090909090909095,0.3677454545454545,-0.3735636363636363,33.445454545454545,0.1441,1
2017-11-05,0.05545454545454545,0.3548272727272727,-0.38609999999999994,33.74545454545454,0.1379,2
2017-11-06,0.19636363636363638,0.3392545454545455,-0.39057272727272724,34.13636363636363,0.1556,1
2017-11-07,0.21818181818181817,0.3430909090909091,-0.4037454545454546,33.56363636363636,0.1101,2
2017-11-08,0.0,0.3557090909090909,-0.4241818181818182,33.663636363636364,0.064,1
2017-11-09,0.11727272727272728,0.3432181818181818,-0.4188545454545455,33.53636363636363,0.1267,1
2017-11-10,0.07181818181818182,0.33748181818181816,-0.3972454545454545,33.57272727272727,0.103,2
2017-11-11,0.0,0.33195454545454545,-0.42251818181818185,33.845454545454544,0.0941,2
2017-11-12,0.0,0.32981818181818184,-0.36722727272727274,33.56363636363636,0.084,1
2017-11-13,0.06545454545454545,0.3282181818181818,-0.4228363636363637,33.53636363636363,0.1157,2
2017-11-14,0.0,0.32596363636363634,-0.3991818181818182,33.93636363636364,0.0827,2
2017-11-15,0.0,0.3256545454545454,-0.37382727272727273,33.554545454545455,0.1621,1
2017-11-16,0.025454545454545455,0.31573636363636365,-0.40241818181818184,33.58181818181818,0.1069,2
2017-11-17,0.03272727272727272,0.31173636363636364,-0.3949727272727273,33.199999999999996,0.0797,2
2017-11-18,0.02909090909090909,0.30443636363636367,-0.34997272727272727,33.56363636363636,0.1273,2
2017-11-19,0.0,0.30406363636363637,-0.40482727272727276,33.71818181818182,0.0851,2
2017-11-20,0.031818181818181815,0.30822727272727274,-0.4367636363636364,33.481818181818184,0.1077,2
2017-11-21,0.0,0.2913272727272727,-0.37125454545454545,33.336363636363636,0.111,2
2017-11-22,0.031818181818181815,0.2851090909090909,-0.3772272727272727,33.36363636363637,0.1193,2
2017-11-23,0.0,0.29265454545454544,-0.4224090909090909,33.67272727272727,0.1476,2
2017-11-24,0.0,0.29206363636363636,-0.42061818181818184,33.85454545454545,0.1085,2
2017-11-25,0.0,0.2846090909090909,-0.39591818181818184,33.52727272727273,0.1141,2
2017-11-26,0.0,0.2773,-0.4129545454545454,33.42727272727273,0.1564,2
2017-11-27,0.0,0.2837636363636364,-0.3816181818181818,33.68181818181818,0.1395,2
2017-11-28,0.0,0.28148181818181817,-0.39113636363636367,33.690909090909095,0.1051,2
2017-11-29,0.0,0.27098181818181816,-0.4066909090909091,33.900000000000006,0.1292,2
2017-11-30,0.009090909090909092,0.2682272727272727,-0.36355454545454546,33.60909090909091,0.154,2
2017-12-01,0.0,0.27153636363636363,-0.4203454545454546,33.38181818181818,0.1126,2
2017-12-02,0.0,0.2742090909090909,-0.41940000000000005,33.800000000000004,0.0863,2
2017-12-03,0.0,0.27304545454545454,-0.41811818181818183,33.91818181818182,0.1059,1
2017-12-04,0.009090909090909092,0.2697,-0.4119363636363636,33.945454545454545,0.0842,2
2017-12-05,0.0,0.261,-0.4113,34.127272727272725,0.1843,2
2017-12-06,0.0,0.2615909090909091,-0.4190545454545455,34.018181818181816,0.1587,2
2017-12-07,0.010909090909090908,0.2586272727272727,-0.4130181818181818,33.981818181818184,0.1686,2
2017-12-08,0.0,0.26083636363636364,-0.37431818181818177,33.86363636363637,0.1407,2
2017-12-09,0.012727272727272728,0.2602090909090909,-0.3833727272727273,34.27272727272727,0.1832,2
2017-12-10,0.09272727272727273,0.25984545454545455,-0.4046454545454546,34.07272727272727,0.1523,2
2017-12-11,0.0,0.2614181818181818,-0.3937181818181818,34.13636363636363,0.1526,2
2017-12-12,0.0,0.26956363636363634,-0.3977,34.35454545454545,0.1183,2
2017-12-13,0.034545454545454546,0.2607,-0.35644545454545457,34.163636363636364,0.1023,2
2017-12-14,0.0,0.25586363636363635,-0.3939363636363637,33.945454545454545,0.0929,2
2017-12-15,0.06363636363636363,0.2467909090909091,-0.39632727272727275,34.14545454545455,0.1257,2
2017-12-16,0.09090909090909091,0.2710818181818182,-0.4119454545454545,34.36363636363637,0.1258,2
2017-12-17,0.07090909090909091,0.2437,-0.41504545454545455,34.59090909090909,0.1377,2
2017-12-18,0.024545454545454547,0.25943636363636363,-0.4269727272727273,34.199999999999996,0.0276,2
2017-12-19,0.015454545454545455,0.25285454545454544,-0.4241,34.59090909090909,0.0892,2
2017-12-20,0.024545454545454547,0.24780909090909092,-0.3910636363636364,34.73636363636364,0.1041,2
2017-12-21,0.0,0.24386363636363637,-0.43409090909090914,34.56363636363636,0.097,2
2017-12-22,0.03090909090909091,0.2377818181818182,-0.37582727272727273,34.95454545454545,0.029,2
2017-12-23,0.004545454545454546,0.24399999999999997,-0.3910272727272728,34.47272727272727,0.1146,2
2017-12-24,0.015454545454545455,0.2438,-0.4166,34.32727272727273,0.1597,2
2017-12-25,0.11363636363636363,0.24128181818181818,-0.3894727272727273,34.800000000000004,0.1099,2
2017-12-26,0.0,0.25430909090909093,-0.45291818181818183,34.67272727272727,0.0713,2
2017-12-27,0.0,0.23921818181818183,-0.38445454545454544,35.25454545454546,0.0795,2
2017-12-28,0.10636363636363635,0.24221818181818183,-0.40459090909090906,34.72727272727273,0.1266,2
2017-12-29,0.0009090909090909091,0.23380909090909088,-0.38526363636363636,34.88181818181818,0.146,2
2017-12-30,0.022727272727272728,0.24552727272727273,-0.3930818181818182,35.49090909090909,0.0691,2
2017-12-31,0.0,0.235,-0.3960909090909091,35.47272727272727,0.1218,2
2018-01-01,0.028181818181818183,0.2294818181818182,-0.40214545454545453,35.0,0.0755,2
2018-01-02,0.0,0.22019090909090908,-0.4010090909090909,35.03636363636363,0.1014,2
2018-01-03,0.0,0.22502727272727271,-0.3958272727272727,35.20909090909091,0.1321,2
2018-01-04,0.030000000000000002,0.23783636363636365,-0.4024909090909091,35.68181818181818,0.1506,2
2018-01-05,0.0,0.22421818181818184,-0.4056181818181818,35.554545454545455,0.0664,2
2018-01-06,0.0,0.2378090909090909,-0.42113636363636364,35.49090909090909,0.0343,2
2018-01-07,0.0,0.23377272727272727,-0.36613636363636365,35.809090909090905,0.0352,2
2018-01-08,0.17363636363636364,0.23466363636363638,-0.43260000000000004,35.72727272727273,0.103,2
2018-01-09,0.0,0.23068181818181818,-0.4012,35.45454545454545,0.0996,2
2018-01-10,0.0,0.22056363636363638,-0.41440909090909095,35.52727272727273,0.0766,2
2018-01-11,0.0,0.21813636363636366,-0.43804545454545457,36.09090909090909,0.0826,2
2018-01-12,0.025454545454545455,0.2237,-0.40399999999999997,36.04545454545455,0.1377,2
2018-01-13,0.013636363636363636,0.22265454545454544,-0.3870090909090909,36.04545454545455,0.1104,2
2018-01-14,0.0,0.23842727272727274,-0.39905454545454544,36.26363636363636,0.0972,2
2018-01-15,0.07090909090909091,0.22937272727272726,-0.40269090909090904,35.82727272727273,0.0964,2
2018-01-16,0.045454545454545456,0.23079090909090907,-0.4053727272727273,36.50909090909091,0.0941,2
2018-01-17,0.0,0.23235454545454545,-0.39108181818181814,36.78181818181818,0.0648,2
2018-01-18,0.026363636363636363,0.22564545454545454,-0.41817272727272725,36.70909090909091,0.0755,2
2018-01-19,0.12454545454545456,0.23207272727272726,-0.4185181818181818,36.25454545454546,0.0855,2
2018-01-20,0.02090909090909091,0.21909090909090911,-0.40772727272727277,37.02727272727273,0.0868,2
2018-01-21,0.07272727272727274,0.23164545454545452,-0.41638181818181813,36.73636363636364,0.1138,2
2018-01-22,0.10909090909090911,0.2231,-0.38132727272727274,36.90909090909091,0.0797,2
2018-01-23,0.25272727272727274,0.22857272727272726,-0.35608181818181817,36.85454545454545,0.0915,2
2018-01-24,0.1890909090909091,0.23322727272727273,-0.39738181818181817,37.11818181818182,0.1022,2
2018-01-25,0.0,0.2363818181818182,-0.4016727272727273,37.46363636363637,0.0731,2
2018-01-26,0.24636363636363637,0.22670909090909094,-0.38827272727272727,37.163636363636364,0.0797,2
2018-01-27,0.03909090909090909,0.22469090909090908,-0.42754545454545456,37.24545454545454,0.0922,2
2018-01-28,0.0,0.22383636363636364,-0.38673636363636366,37.70909090909091,0.055,2
2018-01-29,0.015454545454545455,0.2276,-0.4174909090909091,37.89090909090909,0.1016,2
2018-01-30,0.0,0.2218,-0.3884,37.73636363636364,0.1072,2
2018-01-31,0.1290909090909091,0.22390909090909092,-0.3794,38.309090909090905,0.0561,2
2018-02-01,0.014545454545454545,0.23092727272727273,-0.36819090909090907,37.74545454545454,0.0439,2
2018-02-02,0.02181818181818182,0.23884545454545456,-0.40104545454545454,37.836363636363636,0.0786,2
2018-02-03,0.0,0.22839090909090912,-0.39139090909090907,37.96363636363637,0.1014,2
2018-02-04,0.0,0.2248363636363636,-0.39190909090909093,38.25454545454546,0.1112,2
2018-02-05,0.0,0.23902727272727275,-0.3905909090909091,38.13636363636363,0.0588,2
2018-02-06,0.05272727272727273,0.2264636363636364,-0.4044272727272728,38.73636363636364,0.079,2
2018-02-07,0.1290909090909091,0.22930909090909093,-0.38718181818181824,38.45454545454545,0.0717,2
2018-02-08,0.04,0.24098181818181816,-0.42703636363636366,38.72727272727273,0.0876,2
2018-02-09,0.10636363636363635,0.21336363636363637,-0.3908454545454545,38.61818181818182,0.029,2
2018-02-10,0.0,0.22532727272727274,-0.4292818181818182,38.75454545454546,0.0053,2
2018-02-11,0.08272727272727273,0.2320636363636364,-0.4035272727272727,39.00909090909091,0.0695,2
2018-02-12,0.07636363636363636,0.2219818181818182,-0.3973181818181818,38.73636363636364,0.0603,2
2018-02-13,0.11,0.24693636363636362,-0.3971545454545454,39.00909090909091,0.0805,2
2018-02-14,0.0,0.2353090909090909,-0.4027545454545454,39.6,0.0612,2
2018-02-15,0.07909090909090909,0.2295,-0.41506363636363636,39.46363636363637,0.1096,2
2018-02-16,0.03272727272727272,0.23023636363636363,-0.3941454545454546,39.77272727272727,0.0398,2
2018-02-17,0.057272727272727274,0.21895454545454546,-0.39549090909090906,39.38181818181818,0.1344,2
2018-02-18,0.0,0.24128181818181818,-0.40995454545454546,39.82727272727273,0.0633,2
2018-02-19,0.0036363636363636364,0.23320909090909092,-0.36813636363636365,39.64545454545455,0.0766,2
2018-02-20,0.0,0.2296181818181818,-0.40947272727272727,40.10909090909091,0.038,2
2018-02-21,0.023636363636363636,0.2226909090909091,-0.3718727272727273,39.663636363636364,0.035,2
2018-02-22,0.20909090909090908,0.2311181818181818,-0.39242727272727274,40.03636363636363,0.0062,2
2018-02-23,0.0,0.2293909090909091,-0.41456363636363636,40.1,0.0377,2
2018-02-24,0.0,0.22367272727272727,-0.36760909090909094,40.42727272727273,0.0364,2
2018-02-25,0.0,0.22822727272727272,-0.4018727272727273,40.58181818181818,0.0292,2
2018-02-26,0.09272727272727273,0.21858181818181818,-0.3712909090909091,40.47272727272727,0.054,2
2018-02-27,0.0,0.22839090909090912,-0.39608181818181815,40.82727272727273,0.0227,2
2018-02-28,0.12454545454545456,0.21578181818181819,-0.38446363636363634,41.03636363636363,0.0298,2
2018-03-01,0.0,0.22264545454545456,-0.4078636363636364,40.88181818181818,0.0238,2
2018-03-02,0.0018181818181818182,0.23114545454545457,-0.4305181818181818,40.872727272727275,0.0463,2
2018-03-03,0.0,0.22949999999999998,-0.3895818181818182,41.09090909090909,0.0128,2
2018-03-04,0.0,0.2329090909090909,-0.36527272727272725,41.04545454545455,0.0598,2
2018-03-05,0.0,0.2275090909090909,-0.40254545454545454,41.199999999999996,0.1019,2
2018-03-06,0.0,0.23222727272727273,-0.3901454545454545,41.56363636363636,0.0463,2
2018-03-07,0.0,0.22985454545454545,-0.38989999999999997,41.67272727272727,0.0746,2
2018-03-08,0.0,0.22022727272727272,-0.34907272727272726,41.372727272727275,0.0478,2
2018-03-09,0.0,0.21895454545454546,-0.3865272727272728,41.372727272727275,0.0339,2
2018-03-10,0.0018181818181818182,0.23524545454545454,-0.36971818181818183,41.79090909090909,0.0521,2
2018-03-11,0.0036363636363636364,0.22690909090909092,-0.40899090909090907,42.20909090909091,0.0287,2
2018-03-12,0.0,0.22849090909090908,-0.4742545454545455,42.07272727272727,0.0008,2
2018-03-13,0.002727272727272727,0.23684545454545453,-0.38855454545454543,41.63636363636363,0.0252,2
2018-03-14,0.0,0.2218,-0.38631818181818184,41.75454545454546,0.0419,2
2018-03-15,0.0009090909090909091,0.22219999999999998,-0.3804727272727273,42.47272727272727,0.0446,2
2018-03-16,0.0018181818181818182,0.22595454545454546,-0.38494545454545454,42.11818181818182,0.0147,2
2018-03-17,0.0,0.21523636363636364,-0.39696363636363635,42.24545454545454,0.0,2
2018-03-18,0.0009090909090909091,0.22828181818181817,-0.3836363636363636,42.163636363636364,0.0,2
2018-03-19,0.0,0.2226,-0.4142909090909091,42.60909090909091,0.0569,2
2018-03-20,0.0,0.2296909090909091,-0.3991636363636364,42.800000000000004,0.0168,2
2018-03-21,0.0,0.2315,-0.40369999999999995,42.78181818181818,0.0,2
2018-03-22,0.0,0.23413636363636361,-0.3932272727272727,42.554545454545455,0.0,2
2018-03-23,0.0,0.2206090909090909,-0.3669272727272727,42.74545454545454,0.0432,2
2018-03-24,0.005454545454545454,0.2313090909090909,-0.40515454545454543,43.07272727272727,0.0,2
2018-03-25,0.005454545454545454,0.23583636363636362,-0.40551818181818183,43.11818181818182,0.0161,2
2018-03-26,0.0,0.2439818181818182,-0.4098363636363636,42.71818181818182,0.0145,2
2018-03-27,0.0,0.22041818181818182,-0.3452727272727273,43.50909090909091,0.0739,2
2018-03-28,0.0,0.2270090909090909,-0.4304454545454545,43.081818181818186,0.0571,2
2018-03-29,0.007272727272727273,0.22814545454545454,-0.42417272727272726,43.41818181818182,0.0,2
2018-03-30,0.005454545454545455,0.22745454545454544,-0.40390909090909094,43.77272727272727,0.0,2
2018-03-31,0.02,0.21641818181818182,-0.38887272727272726,43.50909090909091,0.0289,2
2018-04-01,0.9009090909090909,0.23551818181818182,-0.40079090909090903,44.13636363636363,0.0,2
2018-04-02,0.09181818181818181,0.23304545454545453,-0.3972818181818182,43.97272727272727,0.0,2
2018-04-03,0.7636363636363637,0.2316,-0.4078909090909091,43.96363636363637,0.0365,2
2018-04-04,1.1090909090909091,0.2280818181818182,-0.41652727272727275,44.56363636363636,0.0317,2
2018-04-05,0.18,0.22296363636363636,-0.39261818181818176,44.11818181818182,0.0,2
2018-04-06,0.04181818181818182,0.22274545454545455,-0.41563636363636364,44.36363636363637,0.0478,2
2018-04-07,0.4090909090909091,0.23410909090909088,-0.3947090909090909,43.97272727272727,0.0652,2
2018-04-08,0.6963636363636364,0.23587272727272726,-0.4011363636363636,44.40909090909091,0.0065,2
2018-04-09,0.4454545454545455,0.23351818181818185,-0.39537272727272726,44.49090909090909,0.0259,2
2018-04-10,1.3954545454545455,0.22958181818181816,-0.39495454545454545,44.91818181818182,0.003,2
2018-04-11,0.48000000000000004,0.22593636363636363,-0.3820636363636364,44.60909090909091,0.0819,2
2018-04-12,0.046363636363636364,0.23866363636363638,-0.4019,44.47272727272727,0.0163,2
2018-04-13,0.3118181818181818,0.23653636363636366,-0.4380727272727272,45.21818181818182,0.0,2
2018-04-14,0.36727272727272725,0.23380909090909088,-0.3786818181818182,44.89090909090909,0.0197,2
2018-04-15,0.6181818181818182,0.2446818181818182,-0.3905181818181818,44.981818181818184,0.0068,2
2018-04-16,0.0,0.23879999999999998,-0.40567272727272724,45.300000000000004,0.0022,2
2018-04-17,0.0,0.23805454545454544,-0.3730636363636364,45.35454545454545,0.0066,2
2018-04-18,0.0,0.2392181818181818,-0.3922181818181818,45.1,0.0626,2
2018-04-19,0.16545454545454547,0.23348181818181815,-0.4187454545454546,44.981818181818184,0.0,2
2018-04-20,0.3245454545454545,0.2480909090909091,-0.3998,45.53636363636363,0.0314,2
2018-04-21,0.1827272727272727,0.2452272727272727,-0.3691636363636364,45.49090909090909,0.0271,2
2018-04-22,1.0254545454545456,0.23585454545454543,-0.42373636363636363,45.11818181818182,0.0021,2
2018-04-23,0.6590909090909091,0.2332454545454545,-0.41923636363636363,45.60909090909091,0.0,2
2018-04-24,0.14545454545454548,0.23697272727272728,-0.3941818181818182,44.97272727272727,0.0521,2
2018-04-25,0.11363636363636363,0.23919999999999997,-0.40043636363636365,45.31818181818182,0.0372,2
2018-04-26,0.14181818181818182,0.24390909090909088,-0.3776818181818182,45.481818181818184,0.017,2
2018-04-27,0.3381818181818182,0.23680909090909094,-0.3629636363636364,45.18181818181818,0.0,2
2018-04-28,0.08,0.23924545454545454,-0.391,45.49090909090909,0.0,2
2018-04-29,0.2581818181818182,0.2530181818181818,-0.4025090909090909,45.11818181818182,0.0,2
2018-04-30,0.0,0.24413636363636365,-0.37789090909090906,45.60909090909091,0.0,2
2018-05-01,1.0045454545454546,0.24074545454545457,-0.17158181818181817,45.45454545454545,0.0412,2
2018-05-02,0.5672727272727273,0.24850000000000003,-0.17466363636363635,44.981818181818184,0.0238,2
2018-05-03,0.6836363636363637,0.24732727272727273,-0.18076363636363635,45.97272727272727,0.0123,2
2018-05-04,0.031818181818181815,0.25495454545454543,-0.1809,45.481818181818184,0.0185,2
2018-05-05,0.629090909090909,0.2396727272727273,-0.19162727272727273,45.92727272727273,0.042,2
2018-05-06,1.319090909090909,0.2600363636363637,-0.17783636363636363,45.663636363636364,0.0177,2
2018-05-07,0.20909090909090908,0.2561818181818182,-0.16973636363636363,45.56363636363636,0.031,2
2018-05-08,0.32727272727272727,0.2503727272727273,-0.17585454545454546,46.18181818181818,0.0567,2
2018-05-09,1.3609090909090908,0.2614,-0.1668909090909091,45.97272727272727,0.0582,2
2018-05-10,1.541818181818182,0.26039999999999996,-0.16776363636363636,45.945454545454545,0.0416,2
2018-05-11,2.712727272727273,0.24989999999999998,-0.14715454545454545,45.56363636363636,0.0989,2
2018-05-12,0.6436363636363637,0.24004545454545456,-0.1611090909090909,45.654545454545456,0.1008,2
2018-05-13,0.9527272727272728,0.27356363636363634,-0.17276363636363637,45.85454545454545,0.0949,2
2018-05-14,0.0,0.26065454545454547,-0.18015454545454546,45.75454545454546,0.0277,2
2018-05-15,1.2381818181818183,0.2600454545454545,-0.16,46.07272727272727,0.0853,2
2018-05-16,0.8863636363636364,0.26320909090909095,-0.1728090909090909,45.63636363636363,0.0308,2
2018-05-17,0.8518181818181819,0.26723636363636366,-0.16348181818181817,46.04545454545455,0.0363,2
2018-05-18,0.8436363636363636,0.25670909090909094,-0.1668272727272727,45.27272727272727,0.0623,2
2018-05-19,0.3509090909090909,0.2722,-0.14302727272727273,46.20909090909091,0.0999,2
2018-05-20,0.4872727272727273,0.2796090909090909,-0.16057272727272728,45.67272727272727,0.0617,2
2018-05-21,2.7809090909090908,0.2696636363636364,-0.12813636363636363,45.82727272727273,0.0528,2
2018-05-22,2.1936363636363634,0.26639090909090907,-0.11767272727272728,45.800000000000004,0.0156,2
2018-05-23,0.32363636363636367,0.2715090909090909,-0.14364545454545455,45.60909090909091,0.0191,2
2018-05-24,2.7427272727272727,0.2768818181818182,-0.12432727272727272,45.73636363636364,0.0206,2
2018-05-25,3.5045454545454544,0.27390000000000003,-0.1185909090909091,46.49090909090909,0.0698,2
2018-05-26,5.11,0.2875818181818182,-0.08722727272727272,46.309090909090905,0.0969,2
2018-05-27,1.2718181818181817,0.28859999999999997,-0.1373181818181818,45.72727272727273,0.1014,2
2018-05-28,3.659090909090909,0.28915454545454544,-0.10225454545454546,45.74545454545454,0.1095,1
2018-05-29,0.1490909090909091,0.29474545454545453,-0.1393181818181818,45.38181818181818,0.0976,1
2018-05-30,3.7318181818181815,0.2883818181818182,-0.09287272727272727,45.78181818181818,0.1639,1
2018-05-31,0.6754545454545454,0.3122090909090909,-0.10970909090909092,46.445454545454545,0.1085,1
2018-06-01,1.8145454545454547,0.3013181818181818,-0.11510909090909091,44.77272727272727,0.1219,1
2018-06-02,0.49272727272727274,0.3114545454545455,-0.11326363636363636,45.081818181818186,0.1227,1
2018-06-03,0.30272727272727273,0.3235636363636364,-0.11982727272727273,45.97272727272727,0.0446,1
2018-06-04,1.6145454545454543,0.3180545454545455,-0.09359999999999999,45.09090909090909,0.1431,1
2018-06-05,4.573636363636364,0.31753636363636367,-0.05079090909090909,45.61818181818182,0.064,1
2018-06-06,5.584545454545455,0.3159090909090909,-0.04198181818181818,45.45454545454545,0.0753,1
2018-06-07,1.27,0.3276454545454545,-0.08923636363636364,45.981818181818184,0.0764,1
2018-06-08,8.067272727272728,0.33395454545454545,-0.01551818181818182,45.53636363636363,0.1225,1
2018-06-09,5.617272727272728,0.32930909090909094,-0.035690909090909086,45.39090909090909,0.1485,1
2018-06-10,9.363636363636363,0.3432454545454546,-0.00890909090909091,45.52727272727273,0.2205,0
2018-06-11,10.236363636363636,0.36317272727272726,0.011654545454545456,45.11818181818182,0.2067,1
2018-06-12,12.97090909090909,0.3609,0.039372727272727275,45.37272727272727,0.2284,1
2018-06-13,8.265454545454546,0.37088181818181815,-0.004027272727272728,44.92727272727273,0.2378,1
2018-06-14,3.8736363636363635,0.3769636363636364,-0.05163636363636364,45.1,0.1611,1
2018-06-15,9.19090909090909,0.38079090909090907,0.017581818181818178,44.93636363636364,0.2257,1
2018-06-16,13.42181818181818,0.39675454545454547,0.06511818181818183,45.31818181818182,0.3342,0
2018-06-17,1.8063636363636364,0.3780454545454546,-0.029500000000000002,45.14545454545455,0.1831,1
2018-06-18,10.967272727272727,0.3971090909090909,0.07158181818181818,44.79090909090909,0.2961,1
2018-06-19,12.223636363636365,0.4067636363636364,0.08047272727272727,44.481818181818184,0.2975,1
2018-06-20,21.991818181818182,0.43128181818181816,0.17112727272727274,44.72727272727273,0.2957,0
2018-06-21,8.304545454545455,0.4334454545454545,0.05183636363636364,45.06363636363636,0.2699,1
2018-06-22,16.188181818181818,0.4550363636363636,0.13105454545454545,44.76363636363636,0.3093,0
2018-06-23,7.717272727272728,0.44934545454545455,0.03541818181818182,44.61818181818182,0.3406,0
2018-06-24,6.830909090909091,0.4602909090909091,0.01691818181818182,44.35454545454545,0.337,1
2018-06-25,8.567272727272726,0.4628909090909091,0.06899090909090909,45.018181818181816,0.3194,0
2018-06-26,17.78090909090909,0.4850454545454545,0.11350909090909092,44.24545454545454,0.3757,0
2018-06-27,11.601818181818182,0.4876909090909091,0.11516363636363636,43.90909090909091,0.28,0
2018-06-28,11.404545454545454,0.501109090909091,0.11136363636363637,43.99090909090909,0.3528,0
2018-06-29,9.52909090909091,0.4962818181818182,0.10495454545454547,44.190909090909095,0.3096,1
2018-06-30,20.238181818181815,0.5308181818181819,0.1796,44.236363636363635,0.3708,0
2018-07-01,22.46,0.5372545454545454,0.18202727272727273,43.554545454545455,0.4192,0
2018-07-02,10.89,0.5420636363636363,0.13457272727272726,43.518181818181816,0.3825,0
2018-07-03,27.14545454545454,0.5674818181818182,0.24766363636363636,43.29090909090909,0.4693,0
2018-07-04,11.614545454545455,0.5711272727272727,0.12894545454545456,43.61818181818182,0.4139,0
2018-07-05,9.001818181818182,0.5816,0.10412727272727272,43.300000000000004,0.4076,0
2018-07-06,14.72090909090909,0.5896272727272728,0.14629090909090908,42.945454545454545,0.4553,0
2018-07-07,19.725454545454546,0.6034727272727273,0.22543636363636363,43.21818181818182,0.4965,1
2018-07-08,36.16181818181818,0.6062454545454545,0.3362363636363636,42.72727272727273,0.5433,1
2018-07-09,15.668181818181818,0.6236636363636364,0.16127272727272726,43.22727272727273,0.483,0
2018-07-10,15.82090909090909,0.6208181818181818,0.22169999999999998,42.38181818181818,0.4695,0
2018-07-11,24.819090909090907,0.6245999999999999,0.2417454545454545,41.90909090909091,0.5637,0
2018-07-12,22.491818181818182,0.6351,0.19725454545454546,42.35454545454545,0.4928,0
2018-07-13,34.95909090909091,0.6452636363636364,0.31126363636363635,42.40909090909091,0.651,0
2018-07-14,37.33090909090909,0.6607909090909091,0.36769090909090907,42.27272727272727,0.6518,0
2018-07-15,26.860000000000003,0.6619545454545455,0.31731818181818183,42.481818181818184,0.6709,0
2018-07-16,24.63,0.6751909090909091,0.3180090909090909,42.00909090909091,0.6845,0
2018-07-17,43.98909090909091,0.6828909090909091,0.3519090909090909,41.85454545454545,0.7418,0
2018-07-18,31.14272727272727,0.6998636363636364,0.3215,41.78181818181818,0.6825,0
2018-07-19,39.156363636363636,0.7063545454545455,0.4117272727272727,41.41818181818182,0.7135,0
2018-07-20,38.52909090909091,0.7064545454545454,0.3503545454545454,41.345454545454544,0.7123,0
2018-07-21,13.611818181818181,0.7089090909090909,0.2435272727272727,41.518181818181816,0.7581,0
2018-07-22,52.81272727272728,0.7191272727272727,0.41464545454545454,41.6,0.8021,0
2018-07-23,24.951818181818183,0.7285272727272727,0.2875818181818182,41.08181818181818,0.7312,0
2018-07-24,42.02272727272727,0.7186272727272727,0.4016636363636364,40.690909090909095,0.7362,0
2018-07-25,25.688181818181818,0.7357545454545454,0.35474545454545453,41.13636363636363,0.6925,0
2018-07-26,30.87909090909091,0.7351727272727273,0.32685454545454545,40.60909090909091,0.711,0
2018-07-27,26.906363636363633,0.7457545454545454,0.3354818181818182,40.89090909090909,0.7225,0
2018-07-28,31.74818181818182,0.7465727272727272,0.3951363636363636,40.6,0.729,0
2018-07-29,39.33,0.7488272727272727,0.37141818181818176,39.85454545454545,0.7511,0
2018-07-30,43.52090909090909,0.7618181818181818,0.33803636363636363,40.1,0.7316,0
2018-07-31,41.96090909090909,0.7718636363636364,0.4254727272727273,40.32727272727273,0.7581,0
2018-08-01,23.19454545454545,0.7575727272727272,0.3276272727272727,39.88181818181818,0.7697,0
2018-08-02,40.222727272727276,0.7651636363636364,0.3277090909090909,39.872727272727275,0.774,0
2018-08-03,42.10636363636364,0.7750090909090909,0.3795454545454545,39.91818181818182,0.7206,0
2018-08-04,40.53363636363636,0.7799727272727274,0.4009272727272727,39.67272727272727,0.8004,0
2018-08-05,46.02363636363636,0.7831545454545453,0.3801363636363636,39.79090909090909,0.7725,0
2018-08-06,45.836363636363636,0.7745000000000001,0.4157818181818182,39.57272727272727,0.7031,0
2018-08-07,42.89636363636364,0.7702181818181818,0.3880454545454545,39.26363636363636,0.8203,0
2018-08-08,38.125454545454545,0.7718272727272727,0.4036,38.64545454545455,0.7736,0
2018-08-09,45.53090909090909,0.7824000000000001,0.44209090909090903,38.46363636363637,0.7971,0
2018-08-10,28.664545454545454,0.7897,0.325,38.77272727272727,0.7739,0
2018-08-11,44.235454545454544,0.7952727272727272,0.4227090909090909,38.54545454545455,0.7724,0
2018-08-12,31.903636363636362,0.7934181818181819,0.34309999999999996,38.836363636363636,0.7207,0
2018-08-13,32.72636363636364,0.7965181818181818,0.36344545454545457,38.29090909090909,0.8068,0
2018-08-14,45.57363636363636,0.7973636363636364,0.36727272727272725,38.518181818181816,0.7871,0
2018-08-15,44.93090909090909,0.7991727272727274,0.3818090909090909,38.07272727272727,0.7791,0
2018-08-16,39.803636363636365,0.7963727272727272,0.3815272727272727,37.836363636363636,0.7583,0
2018-08-17,42.199090909090906,0.8023181818181818,0.3825181818181818,37.75454545454546,0.7217,0
2018-08-18,21.970909090909092,0.8050818181818182,0.2691636363636363,37.56363636363636,0.7444,0
2018-08-19,15.44090909090909,0.8038,0.22982727272727274,37.85454545454545,0.6995,0
2018-08-20,39.35545454545454,0.8028272727272726,0.3346545454545455,37.809090909090905,0.7893,0
2018-08-21,24.452727272727273,0.8017545454545455,0.21328181818181816,37.154545454545456,0.7532,0
2018-08-22,12.682727272727272,0.8053818181818181,0.18489090909090908,37.23636363636364,0.6979,0
2018-08-23,33.653636363636366,0.8181999999999999,0.20894545454545455,37.00909090909091,0.7219,0
2018-08-24,23.05909090909091,0.8065454545454546,0.2638,36.663636363636364,0.6261,0
2018-08-25,20.464545454545455,0.8100363636363636,0.21208181818181818,37.0,0.7053,0
2018-08-26,15.362727272727273,0.8131272727272727,0.1888272727272727,37.08181818181818,0.6209,0
2018-08-27,16.14,0.8111818181818182,0.1969090909090909,37.03636363636363,0.5719,0
2018-08-28,31.922727272727272,0.8053181818181817,0.2831090909090909,37.300000000000004,0.6846,0
2018-08-29,10.548181818181819,0.8042818181818183,0.13343636363636363,37.40909090909091,0.5634,0
2018-08-30,19.819090909090907,0.8104181818181818,0.20576363636363634,37.054545454545455,0.616,0
2018-08-31,20.11,0.810490909090909,0.19178181818181816,37.27272727272727,0.5484,0
2018-09-01,23.38181818181818,0.8075818181818182,0.18440909090909094,36.85454545454545,0.5869,0
2018-09-02,15.714545454545457,0.8051272727272728,0.10094545454545455,36.89090909090909,0.5485,0
2018-09-03,6.041818181818181,0.8134727272727272,0.04557272727272727,36.236363636363635,0.4954,0
2018-09-04,21.023636363636363,0.8016545454545455,0.16324545454545455,36.74545454545454,0.5608,0
2018-09-05,30.60090909090909,0.8056454545454546,0.2530818181818182,36.49090909090909,0.6121,0
2018-09-06,16.136363636363637,0.8046727272727273,0.13065454545454547,36.627272727272725,0.5169,0
2018-09-07,9.945454545454545,0.7942454545454546,0.0696090909090909,36.309090909090905,0.5032,0
2018-09-08,17.08090909090909,0.8074545454545454,0.14621818181818183,36.47272727272727,0.5437,0
2018-09-09,1.9518181818181817,0.7914727272727273,-0.015927272727272727,36.0,0.4296,0
2018-09-10,12.367272727272729,0.7991,0.09534545454545454,36.60909090909091,0.5062,0
2018-09-11,4.201818181818182,0.7981454545454546,0.0014363636363636384,36.190909090909095,0.3879,0
2018-09-12,5.156363636363636,0.7820636363636364,0.013690909090909089,36.42727272727273,0.3706,0
2018-09-13,13.366363636363637,0.7866545454545455,0.057036363636363635,36.127272727272725,0.3086,0
2018-09-14,7.119090909090909,0.7791090909090909,0.005199999999999999,35.67272727272727,0.2928,0
2018-09-15,8.03,0.7751636363636364,0.007727272727272729,35.90909090909091,0.303,0
2018-09-16,8.057272727272727,0.7629818181818181,0.03359999999999999,35.845454545454544,0.3608,0
2018-09-17,4.515454545454546,0.7540545454545455,-0.02008181818181818,36.31818181818182,0.3143,0
2018-09-18,10.403636363636364,0.7529727272727272,0.027827272727272732,36.054545454545455,0.3292,0
2018-09-19,3.4927272727272727,0.7366909090909091,-0.03566363636363636,35.85454545454546,0.3456,0
2018-09-20,6.766363636363637,0.7290181818181818,-0.031645454545454546,35.36363636363637,0.2926,0
2018-09-21,2.767272727272727,0.7307818181818182,-0.06709090909090909,35.77272727272727,0.2562,0
2018-09-22,2.1972727272727273,0.7284363636363637,-0.07334545454545455,35.49090909090909,0.2664,0
2018-09-23,2.8490909090909087,0.7013636363636363,-0.07024545454545456,35.99090909090909,0.2356,0
2018-09-24,5.904545454545455,0.7055181818181818,-0.04697272727272727,35.4,0.2743,0
2018-09-25,6.491818181818181,0.6951272727272727,-0.04416363636363636,35.5,0.2457,0
2018-09-26,1.0745454545454545,0.6862909090909091,-0.10177272727272726,35.22727272727273,0.2083,0
2018-09-27,0.7372727272727272,0.677509090909091,-0.11022727272727272,35.13636363636363,0.2435,0
2018-09-28,0.3118181818181818,0.6689363636363637,-0.1077,35.28181818181818,0.2509,0
2018-09-29,1.3336363636363637,0.6494636363636364,-0.10131818181818182,35.4,0.2334,0
2018-09-30,0.9436363636363637,0.6335818181818182,-0.11307272727272727,35.345454545454544,0.1869,0
2018-10-01,1.9236363636363636,0.6287454545454545,-0.10198181818181817,35.20909090909091,0.1688,0
2018-10-02,3.537272727272727,0.6140636363636364,-0.09526363636363637,35.24545454545454,0.228,0
2018-10-03,1.708181818181818,0.6099454545454546,-0.1011909090909091,34.81818181818182,0.1732,0
2018-10-04,0.0,0.5927545454545454,-0.13679090909090907,34.4,0.177,0
2018-10-05,1.079090909090909,0.5702181818181818,-0.13685454545454545,34.690909090909095,0.1831,0
2018-10-06,0.5563636363636364,0.5565454545454546,-0.13340909090909092,35.372727272727275,0.1329,0
2018-10-07,0.0,0.5385727272727272,-0.1436818181818182,35.03636363636363,0.2093,0
2018-10-08,1.530909090909091,0.5267272727272728,-0.12637272727272728,34.89090909090909,0.1801,0
2018-10-09,1.0809090909090908,0.533190909090909,-0.13842727272727273,35.07272727272727,0.1987,0
2018-10-10,0.0,0.5164909090909091,-0.14629090909090908,34.872727272727275,0.1903,0
2018-10-11,1.11,0.5118454545454546,-0.1456909090909091,34.836363636363636,0.1464,0
2018-10-12,0.0,0.4909909090909091,-0.16137272727272725,34.28181818181818,0.1812,0
2018-10-13,0.7236363636363635,0.48491818181818186,-0.1555272727272727,34.71818181818182,0.1659,0
2018-10-14,0.0,0.47040909090909094,-0.15478181818181816,34.836363636363636,0.1429,0
2018-10-15,1.0218181818181817,0.4630545454545455,-0.13897272727272728,34.17272727272727,0.1332,0
2018-10-16,0.33636363636363636,0.46959090909090906,-0.15906363636363638,34.32727272727273,0.1693,1
2018-10-17,0.3527272727272727,0.4456909090909091,-0.1449272727272727,34.71818181818182,0.1183,0
2018-10-18,0.27454545454545454,0.44949999999999996,-0.1754,34.60909090909091,0.1277,1
2018-10-19,0.7181818181818183,0.4443090909090909,-0.15785454545454544,34.13636363636363,0.2222,1
2018-10-20,0.0,0.42369090909090906,-0.16887272727272726,34.336363636363636,0.1874,1
2018-10-21,0.35000000000000003,0.4292727272727273,-0.17533636363636365,34.23636363636364,0.15,1
2018-10-22,0.2672727272727273,0.4260363636363636,-0.17226363636363637,34.17272727272727,0.1783,1
2018-10-23,0.18363636363636363,0.4182,-0.1666,34.5,0.1282,1
2018-10-24,0.12545454545454546,0.3992909090909091,-0.1772,33.90909090909091,0.1573,1
2018-10-25,0.05909090909090909,0.40443636363636365,-0.17548181818181818,33.67272727272727,0.1501,1
2018-10-26,0.0,0.39484545454545456,-0.17528181818181818,34.163636363636364,0.1631,1
2018-10-27,0.0,0.3917454545454545,-0.17596363636363635,34.27272727272727,0.175,1
2018-10-28,0.0,0.38526363636363636,-0.16804545454545455,33.872727272727275,0.1582,1
2018-10-29,0.24545454545454548,0.3785727272727273,-0.18562727272727272,34.127272727272725,0.1327,1
2018-10-30,0.10636363636363635,0.3748818181818182,-0.1947909090909091,33.71818181818182,0.0959,1
2018-10-31,0.08727272727272728,0.35773636363636363,-0.18941818181818182,34.00909090909091,0.1046,1
2018-11-01,0.0,0.3629272727272727,-0.42258181818181817,33.77272727272727,0.1221,2
2018-11-02,0.19181818181818186,0.35854545454545456,-0.40747272727272726,33.9,0.1344,1
2018-11-03,0.06272727272727273,0.3492545454545455,-0.3998090909090909,34.02727272727273,0.0655,2
2018-11-04,0.14636363636363636,0.3348181818181818,-0.40035454545454546,33.81818181818182,0.13,2
2018-11-05,0.0,0.3409909090909091,-0.3714363636363636,33.47272727272727,0.1126,2
2018-11-06,0.0,0.3445727272727273,-0.4264636363636363,33.67272727272727,0.1365,1
2018-11-07,0.0,0.33781818181818185,-0.42115454545454545,33.809090909090905,0.1299,2
2018-11-08,0.3790909090909091,0.3361909090909091,-0.4108636363636364,33.52727272727273,0.0948,1
2018-11-09,0.1709090909090909,0.3306272727272727,-0.39531818181818185,33.64545454545455,0.0934,1
2018-11-10,0.1890909090909091,0.33683636363636366,-0.3963636363636364,33.4,0.1208,2
2018-11-11,0.07090909090909091,0.32002727272727277,-0.37379090909090906,33.24545454545454,0.119,1
2018-11-12,0.00818181818181818,0.3126909090909091,-0.37428181818181816,33.50909090909091,0.1288,1
2018-11-13,0.02909090909090909,0.31273636363636365,-0.3731454545454546,33.627272727272725,0.1598,1
2018-11-14,0.0,0.31702727272727277,-0.3961272727272727,33.445454545454545,0.0982,2
2018-11-15,0.1272727272727273,0.31571818181818184,-0.4142818181818182,33.72727272727273,0.1264,2
2018-11-16,0.018181818181818184,0.3059636363636364,-0.4299909090909091,33.845454545454544,0.1045,2
2018-11-17,0.01,0.3048,-0.39618181818181814,33.099999999999994,0.1106,2
2018-11-18,0.0,0.3018909090909091,-0.40047272727272726,33.42727272727273,0.0562,2
2018-11-19,0.013636363636363636,0.28967272727272725,-0.39425454545454547,33.82727272727273,0.1352,1
2018-11-20,0.015454545454545455,0.2966818181818182,-0.3900727272727273,33.57272727272727,0.1175,2
2018-11-21,0.0,0.28255454545454545,-0.38414545454545457,33.71818181818182,0.1045,2
2018-11-22,0.0,0.28862727272727273,-0.40965454545454544,33.1,0.1472,2
2018-11-23,0.0,0.2889909090909091,-0.4069181818181818,33.845454545454544,0.1058,2
2018-11-24,0.0,0.282,-0.3644090909090909,34.018181818181816,0.1093,1
2018-11-25,0.007272727272727273,0.2797,-0.41028181818181814,34.06363636363636,0.0484,2
2018-11-26,0.0,0.2833272727272727,-0.4274181818181818,33.82727272727273,0.1758,2
2018-11-27,0.0,0.2767090909090909,-0.3704636363636364,34.163636363636364,0.083,2
2018-11-28,0.0036363636363636364,0.28334545454545457,-0.36918181818181817,33.73636363636364,0.1348,2
2018-11-29,0.0,0.2651,-0.41676363636363634,33.39090909090909,0.0927,2
2018-11-30,0.0,0.2601363636363636,-0.4147090909090909,33.36363636363637,0.1264,2
2018-12-01,0.02909090909090909,0.2662090909090909,-0.3915909090909091,33.17272727272727,0.0778,2
2018-12-02,0.0,0.2712636363636364,-0.3930272727272727,33.74545454545454,0.1762,2
2018-12-03,0.01909090909090909,0.2594090909090909,-0.38605454545454543,33.76363636363636,0.1312,2
2018-12-04,0.0,0.24907272727272725,-0.4244090909090909,34.04545454545455,0.0519,2
2018-12-05,0.034545454545454546,0.2639727272727273,-0.39871818181818186,33.699999999999996,0.0941,2
2018-12-06,0.0,0.2716818181818182,-0.42374545454545454,34.20909090909091,0.1167,2
2018-12-07,0.0,0.26082727272727274,-0.41289090909090914,33.96363636363637,0.1072,2
2018-12-08,0.17,0.2611181818181818,-0.3632818181818182,33.981818181818184,0.0606,2
2018-12-09,0.0,0.24973636363636365,-0.3764818181818182,34.13636363636363,0.1259,2
2018-12-10,0.004545454545454546,0.26158181818181814,-0.4228545454545454,33.800000000000004,0.0617,2
2018-12-11,0.0,0.24565454545454546,-0.41159090909090906,33.89090909090909,0.1412,2
2018-12-12,0.0409090909090909,0.2494090909090909,-0.3877727272727273,34.49090909090909,0.0818,2
2018-12-13,0.14363636363636365,0.24729090909090912,-0.4053727272727273,33.554545454545455,0.132,2
2018-12-14,0.16636363636363635,0.25872727272727275,-0.3846818181818181,34.190909090909095,0.09,2
2018-12-15,0.1827272727272727,0.24953636363636364,-0.42806363636363637,34.29090909090909,0.114,2
2018-12-16,0.042727272727272725,0.2432090909090909,-0.41012727272727273,34.300000000000004,0.1176,2
2018-12-17,0.0,0.24210909090909088,-0.3971090909090909,34.154545454545456,0.1368,2
2018-12-18,0.0,0.24375454545454545,-0.39433636363636365,34.836363636363636,0.0923,2
2018-12-19,0.17363636363636364,0.25084545454545454,-0.3775545454545455,34.14545454545455,0.1515,2
2018-12-20,0.0,0.23892727272727274,-0.4132181818181818,34.300000000000004,0.1029,2
2018-12-21,0.0,0.23645454545454545,-0.41650000000000004,34.82727272727273,0.0836,2
2018-12-22,0.011818181818181818,0.24066363636363636,-0.3995454545454546,34.54545454545455,0.1725,2
2018-12-23,0.0,0.24783636363636363,-0.4027909090909091,34.29090909090909,0.1431,2
2018-12-24,0.009090909090909092,0.23839999999999997,-0.42136363636363633,34.79090909090909,0.0934,2
2018-12-25,0.0,0.2434,-0.40353636363636364,34.68181818181818,0.1268,2
2018-12-26,0.0,0.2285818181818182,-0.3971363636363636,34.85454545454545,0.0487,2
2018-12-27,0.031818181818181815,0.23447272727272728,-0.3667363636363637,34.76363636363636,0.0892,2
2018-12-28,0.09636363636363637,0.23515454545454545,-0.41701818181818184,34.58181818181818,0.1377,2
2018-12-29,0.09363636363636364,0.23981818181818182,-0.4012,34.38181818181818,0.1659,2
2018-12-30,0.20272727272727273,0.24104545454545453,-0.39123636363636366,35.00909090909091,0.1059,2
2018-12-31,0.01,0.22801818181818181,-0.4044727272727273,35.38181818181818,0.0961,2
2019-01-01,0.0,0.24758181818181815,-0.40037272727272727,35.054545454545455,0.1051,2
2019-01-02,0.0,0.2463363636363636,-0.37438181818181815,35.17272727272727,0.1124,2
2019-01-03,0.12454545454545456,0.2329272727272727,-0.39685454545454546,35.09090909090909,0.1189,2
2019-01-04,0.0,0.2402,-0.3932909090909091,35.4,0.0471,1
2019-01-05,0.023636363636363636,0.24254545454545456,-0.37677272727272726,35.50909090909091,0.07,2
2019-01-06,0.0,0.2446909090909091,-0.4379727272727273,35.1,0.0743,2
2019-01-07,0.011818181818181818,0.2446909090909091,-0.39396363636363635,36.07272727272727,0.0401,2
2019-01-08,0.0,0.24229090909090908,-0.42787272727272724,35.21818181818182,0.1222,2
2019-01-09,0.0,0.2336181818181818,-0.39644545454545455,35.809090909090905,0.149,2
2019-01-10,0.15636363636363637,0.23927272727272728,-0.3680727272727273,35.77272727272727,0.0998,2
2019-01-11,0.0,0.24140000000000003,-0.4114636363636364,36.04545454545455,0.1049,2
2019-01-12,0.03727272727272728,0.25025454545454545,-0.40046363636363635,36.190909090909095,0.113,2
2019-01-13,0.0,0.23636363636363636,-0.3945727272727273,36.08181818181818,0.0931,2
2019-01-14,0.0,0.24122727272727273,-0.4228545454545454,36.36363636363637,0.1314,2
2019-01-15,0.02,0.23922727272727273,-0.40650909090909093,36.28181818181818,0.1125,2
2019-01-16,0.03090909090909091,0.2407,-0.4174545454545454,36.17272727272727,0.0422,2
2019-01-17,0.0,0.23914545454545452,-0.4238272727272727,36.07272727272727,0.0659,2
2019-01-18,0.015454545454545455,0.2423727272727273,-0.4133909090909091,36.554545454545455,0.0483,2
2019-01-19,0.0,0.24205454545454544,-0.4152454545454546,36.945454545454545,0.1118,2
2019-01-20,0.08454545454545455,0.24050000000000002,-0.3927090909090909,36.654545454545456,0.0353,2
2019-01-21,0.0,0.24066363636363636,-0.4243454545454545,37.26363636363636,0.1275,2
2019-01-22,0.050909090909090904,0.24048181818181816,-0.3833636363636364,37.07272727272727,0.1311,2
2019-01-23,0.06090909090909091,0.23796363636363635,-0.4208090909090909,36.89090909090909,0.0659,2
2019-01-24,0.0,0.23804545454545456,-0.38437272727272725,37.32727272727273,0.0613,2
2019-01-25,0.04363636363636363,0.23306363636363636,-0.38111818181818186,37.445454545454545,0.0753,2
2019-01-26,0.0,0.24426363636363638,-0.3793090909090909,37.199999999999996,0.0758,2
2019-01-27,0.0,0.23823636363636363,-0.38576363636363636,37.627272727272725,0.0699,2
2019-01-28,0.0,0.2430818181818182,-0.4281636363636364,37.11818181818182,0.0535,2
2019-01-29,0.04363636363636363,0.2505909090909091,-0.39923636363636367,38.14545454545455,0.0775,2
2019-01-30,0.10363636363636365,0.23079090909090907,-0.4163909090909091,37.68181818181818,0.0608,2
2019-01-31,0.0,0.23706363636363637,-0.4061727272727273,38.300000000000004,0.0418,2
2019-02-01,0.04090909090909091,0.2438,-0.3786,38.29090909090909,0.053,2
2019-02-02,0.013636363636363636,0.23758181818181817,-0.37004545454545457,37.981818181818184,0.0259,2
2019-02-03,0.05545454545454545,0.24425454545454545,-0.4068454545454545,38.309090909090905,0.0501,2
2019-02-04,0.0,0.2431909090909091,-0.42244545454545457,38.00909090909091,0.0548,2
2019-02-05,0.02727272727272727,0.23706363636363637,-0.42404545454545456,38.27272727272727,0.1005,2
2019-02-06,0.015454545454545455,0.24843636363636365,-0.42144545454545457,38.263636363636365,0.0235,2
2019-02-07,0.18454545454545454,0.23848181818181818,-0.3850909090909091,38.35454545454545,0.0602,2
2019-02-08,0.0009090909090909091,0.24790909090909094,-0.4084818181818182,38.445454545454545,0.0318,2
2019-02-09,0.07181818181818182,0.24024545454545454,-0.4119,39.10909090909091,0.059,2
2019-02-10,0.0,0.24171818181818183,-0.3974818181818182,38.53636363636363,0.0865,2
2019-02-11,0.04090909090909091,0.24782727272727276,-0.4042,38.88181818181818,0.015,2
2019-02-12,0.11636363636363636,0.24207272727272724,-0.3728181818181818,39.336363636363636,0.0552,2
2019-02-13,0.03090909090909091,0.23551818181818182,-0.39206363636363634,39.08181818181818,0.0271,2
2019-02-14,0.0,0.24027272727272725,-0.43189999999999995,39.26363636363636,0.0637,2
2019-02-15,0.14181818181818182,0.23845454545454547,-0.3863909090909091,38.872727272727275,0.0549,2
2019-02-16,0.1290909090909091,0.24177272727272728,-0.39834545454545456,39.67272727272727,0.0508,2
2019-02-17,0.0,0.23082727272727271,-0.3638,39.61818181818182,0.07,2
2019-02-18,0.0036363636363636364,0.22674545454545456,-0.4149818181818182,39.56363636363636,0.0105,2
2019-02-19,0.0018181818181818182,0.22949090909090908,-0.4061636363636364,39.336363636363636,0.0435,2
2019-02-20,0.0,0.23014545454545454,-0.41955454545454546,40.35454545454545,0.0175,2
2019-02-21,0.0,0.2371090909090909,-0.3949818181818182,40.27272727272727,0.0446,2
2019-02-22,0.0,0.24526363636363638,-0.38588181818181816,40.18181818181818,0.0766,2
2019-02-23,0.0,0.2240818181818182,-0.4461363636363636,40.23636363636364,0.0556,2
2019-02-24,0.12818181818181817,0.24062727272727272,-0.3700181818181818,40.163636363636364,0.0486,2
2019-02-25,0.0,0.24251818181818183,-0.4019,40.627272727272725,0.0312,2
2019-02-26,0.0,0.24820909090909093,-0.4346363636363636,40.52727272727273,0.0,2
2019-02-27,0.05818181818181818,0.2438090909090909,-0.4150181818181818,40.75454545454546,0.0979,2
2019-02-28,0.13272727272727272,0.2418090909090909,-0.38085454545454545,40.22727272727273,0.0461,2
2019-03-01,0.0,0.2448090909090909,-0.39435454545454546,40.699999999999996,0.0309,2
2019-03-02,0.0,0.24022727272727273,-0.3707545454545454,41.06363636363636,0.0,2
2019-03-03,0.0,0.24036363636363636,-0.40139090909090913,41.08181818181818,0.0265,2
2019-03-04,0.0,0.24505454545454544,-0.3744,41.22727272727273,0.0809,2
2019-03-05,0.0,0.2510090909090909,-0.4037818181818182,41.38181818181818,0.0709,2
2019-03-06,0.0009090909090909091,0.23128181818181817,-0.4097363636363637,41.50909090909091,0.0401,2
2019-03-07,0.0,0.24346363636363638,-0.4662272727272727,41.0,0.0601,2
2019-03-08,0.0,0.23538181818181816,-0.41738181818181813,41.38181818181818,0.034,2
2019-03-09,0.0009090909090909091,0.25320909090909094,-0.42925454545454544,42.03636363636363,0.0416,2
2019-03-10,0.0,0.24108181818181817,-0.4076,41.90909090909091,0.0248,2
2019-03-11,0.0009090909090909091,0.24140000000000003,-0.4289,41.663636363636364,0.0391,2
2019-03-12,0.0,0.24125454545454544,-0.3822272727272727,41.836363636363636,0.0528,2
2019-03-13,0.002727272727272727,0.24612727272727272,-0.42173636363636363,41.78181818181818,0.0296,2
2019-03-14,0.0,0.23977272727272728,-0.4290727272727273,42.345454545454544,0.0429,2
2019-03-15,0.002727272727272727,0.23746363636363635,-0.4405818181818182,42.11818181818182,0.0081,2
2019-03-16,0.0009090909090909091,0.24832727272727276,-0.38386363636363635,42.08181818181818,0.0087,2
2019-03-17,0.006363636363636364,0.24056363636363634,-0.3952636363636364,42.41818181818182,0.0,2
2019-03-18,0.002727272727272727,0.2433181818181818,-0.3911818181818182,42.20909090909091,0.0357,2
2019-03-19,0.0018181818181818182,0.24004545454545453,-0.39589090909090907,42.52727272727273,0.095,2
2019-03-20,0.0,0.23096363636363637,-0.42726363636363635,42.4,0.0594,2
2019-03-21,0.002727272727272727,0.2328,-0.41266363636363634,42.70909090909091,0.0,2
2019-03-22,0.0,0.25262727272727276,-0.39691818181818184,42.76363636363636,0.0102,2
2019-03-23,0.0018181818181818182,0.2427272727272727,-0.3959818181818182,43.018181818181816,0.0197,2
2019-03-24,0.0,0.23603636363636363,-0.4142454545454546,42.63636363636363,0.0,2
2019-03-25,0.0,0.23827272727272727,-0.3946,43.08181818181818,0.0058,2
2019-03-26,0.017272727272727273,0.2360909090909091,-0.38655454545454543,43.06363636363637,0.0838,2
2019-03-27,0.0,0.2504636363636364,-0.4245636363636363,43.372727272727275,0.0713,2
2019-03-28,0.0,0.24758181818181815,-0.42144545454545457,43.163636363636364,0.0678,2
2019-03-29,0.0018181818181818182,0.2293909090909091,-0.36739999999999995,43.018181818181816,0.0,2
2019-03-30,0.011818181818181818,0.23745454545454547,-0.39426363636363637,43.76363636363636,0.0,2
2019-03-31,0.022727272727272728,0.23883636363636365,-0.38834545454545455,43.46363636363637,0.0164,2
2019-04-01,0.3109090909090909,0.23731818181818182,-0.4063181818181818,43.53636363636363,0.0372,2
2019-04-02,0.3936363636363636,0.2434818181818182,-0.41047272727272727,43.73636363636364,0.0,2
2019-04-03,0.0,0.2381181818181818,-0.4103727272727273,43.73636363636364,0.0187,2
2019-04-04,0.12000000000000001,0.23042727272727273,-0.3851909090909091,43.518181818181816,0.0,2
2019-04-05,0.619090909090909,0.23685454545454546,-0.39570000000000005,43.87272727272727,0.0209,2
2019-04-06,0.5809090909090909,0.23225454545454546,-0.3595,43.90909090909091,0.0,2
2019-04-07,0.3618181818181818,0.2414909090909091,-0.4052727272727273,44.13636363636363,0.0263,2
2019-04-08,0.2809090909090909,0.23905454545454544,-0.4233272727272727,44.03636363636363,0.0034,2
2019-04-09,0.0,0.24863636363636363,-0.42156363636363636,44.26363636363636,0.052,2
2019-04-10,0.14272727272727273,0.23804545454545456,-0.42200909090909094,44.654545454545456,0.047,2
2019-04-11,0.3263636363636364,0.2450727272727273,-0.3786545454545454,43.699999999999996,0.0127,2
2019-04-12,0.31545454545454543,0.23812727272727274,-0.39499999999999996,44.89090909090909,0.005,2
2019-04-13,0.09272727272727273,0.24365454545454546,-0.3955636363636364,44.59090909090909,0.0,2
2019-04-14,0.8418181818181818,0.24584545454545453,-0.36888181818181814,44.163636363636364,0.0764,2
2019-04-15,0.48272727272727267,0.2574090909090909,-0.39893636363636364,44.43636363636364,0.036,2
2019-04-16,0.11909090909090908,0.2566272727272727,-0.3800272727272727,44.5,0.0,2
2019-04-17,0.18636363636363634,0.24693636363636362,-0.3892181818181818,44.82727272727273,0.0,2
2019-04-18,0.0,0.2461636363636364,-0.3849090909090909,44.23636363636364,0.0028,2
2019-04-19,0.17545454545454545,0.23720909090909092,-0.40384545454545456,44.78181818181818,0.0,2
2019-04-20,0.20545454545454545,0.24894545454545455,-0.36568181818181816,44.76363636363636,0.0,2
2019-04-21,0.0,0.25686363636363635,-0.41094545454545456,44.5,0.0,2
2019-04-22,0.45454545454545453,0.24086363636363634,-0.39187272727272726,45.018181818181816,0.0,2
2019-04-23,1.08,0.23328181818181817,-0.3854545454545455,45.04545454545455,0.0,2
2019-04-24,0.5609090909090909,0.26026363636363636,-0.4022545454545455,45.18181818181818,0.0,2
2019-04-25,0.3045454545454545,0.2527,-0.38499090909090905,45.400000000000006,0.015,2
2019-04-26,0.3118181818181818,0.25598181818181814,-0.3723,45.309090909090905,0.0,2
2019-04-27,0.5209090909090909,0.2547909090909091,-0.3583909090909091,45.75454545454546,0.0308,2
2019-04-28,1.3372727272727272,0.24543636363636362,-0.3753727272727273,45.53636363636363,0.0083,2
2019-04-29,0.42454545454545456,0.2511181818181818,-0.38955454545454543,45.481818181818184,0.0771,2
2019-04-30,0.33272727272727276,0.2581636363636364,-0.4061181818181818,44.872727272727275,0.0039,2
2019-05-01,0.838181818181818,0.2570909090909091,-0.1698818181818182,45.554545454545455,0.0954,2
2019-05-02,0.8918181818181818,0.26787272727272726,-0.17723636363636364,45.60909090909091,0.0864,2
2019-05-03,1.3690909090909091,0.2602818181818182,-0.17648181818181818,45.79090909090909,0.08,2
2019-05-04,0.31,0.2570818181818182,-0.16979090909090908,45.54545454545455,0.0398,2
2019-05-05,1.660909090909091,0.2640090909090909,-0.1807181818181818,45.554545454545455,0.0548,2
2019-05-06,1.5590909090909089,0.26875454545454547,-0.16557272727272726,45.54545454545455,0.0819,2
2019-05-07,0.07454545454545455,0.273,-0.1827,45.63636363636363,0.0346,2
2019-05-08,1.5300000000000002,0.2627363636363636,-0.1708,45.29090909090909,0.0388,2
2019-05-09,0.34363636363636363,0.2654,-0.1701090909090909,45.554545454545455,0.1113,2
2019-05-10,0.21363636363636365,0.2644727272727273,-0.18042727272727274,45.45454545454545,0.0019,2
2019-05-11,2.06,0.2661818181818182,-0.15062727272727272,45.61818181818182,0.0507,2
2019-05-12,0.07272727272727274,0.2742363636363636,-0.1718090909090909,45.49090909090909,0.0092,2
2019-05-13,0.37454545454545457,0.2676181818181818,-0.15988181818181818,45.52727272727273,0.0375,2
2019-05-14,0.4772727272727273,0.2746636363636364,-0.1799090909090909,45.92727272727273,0.073,2
2019-05-15,0.31727272727272726,0.2798727272727273,-0.15327272727272725,45.35454545454545,0.0791,2
2019-05-16,1.0854545454545457,0.2753272727272727,-0.15587272727272727,45.481818181818184,0.0245,2
2019-05-17,1.2945454545454547,0.2839,-0.1718727272727273,45.17272727272727,0.0767,2
2019-05-18,0.509090909090909,0.2887272727272727,-0.15309090909090908,45.4,0.101,2
2019-05-19,0.9472727272727273,0.27138181818181817,-0.1505,45.02727272727273,0.0317,2
2019-05-20,0.7245454545454546,0.28244545454545456,-0.14634545454545453,45.68181818181818,0.036,2
2019-05-21,0.9990909090909091,0.29045454545454547,-0.13717272727272728,45.52727272727273,0.1129,2
2019-05-22,1.66,0.2955090909090909,-0.13472727272727272,45.54545454545455,0.0205,2
2019-05-23,4.627272727272727,0.28046363636363636,-0.11264545454545455,45.85454545454545,0.0929,1
2019-05-24,1.4536363636363636,0.2897181818181818,-0.14,45.42727272727273,0.074,1
2019-05-25,0.8354545454545454,0.3031181818181818,-0.14816363636363636,45.43636363636364,0.072,2
2019-05-26,0.47454545454545455,0.2933090909090909,-0.1403727272727273,45.00909090909091,0.1029,2
2019-05-27,3.152727272727273,0.29263636363636364,-0.10093636363636364,45.41818181818182,0.1362,2
2019-05-28,4.76,0.3120363636363636,-0.09041818181818183,45.39090909090909,0.0331,1
2019-05-29,0.23363636363636367,0.30262727272727274,-0.13465454545454547,45.49090909090909,0.0968,1
2019-05-30,1.791818181818182,0.31334545454545454,-0.11201818181818181,45.6,0.1001,1
2019-05-31,0.7409090909090907,0.3118090909090909,-0.1161090909090909,45.836363636363636,0.0715,1
2019-06-01,5.028181818181818,0.3124454545454545,-0.06719090909090909,45.46363636363636,0.134,1
2019-06-02,0.8245454545454546,0.3256545454545454,-0.12234545454545454,45.663636363636364,0.0555,1
2019-06-03,3.6136363636363638,0.3342,-0.07400000000000001,45.43636363636364,0.0888,1
2019-06-04,0.6836363636363636,0.3316363636363637,-0.10111818181818183,45.127272727272725,0.0915,1
2019-06-05,5.680000000000001,0.33475454545454547,-0.040527272727272724,45.10909090909091,0.1419,1
2019-06-06,3.8327272727272725,0.35706363636363636,-0.0674,45.018181818181816,0.1608,1
2019-06-07,2.5500000000000003,0.34762727272727273,-0.06951818181818183,45.06363636363636,0.1629,1
2019-06-08,7.270909090909091,0.3451181818181818,-0.022345454545454543,45.21818181818182,0.1453,1
2019-06-09,4.1463636363636365,0.3588454545454546,-0.0512,45.02727272727273,0.1241,1
2019-06-10,6.892727272727272,0.3616727272727273,-0.02218181818181818,45.04545454545455,0.1278,1
2019-06-11,0.9900000000000001,0.36917272727272726,-0.0793090909090909,44.93636363636364,0.166,1
2019-06-12,4.091818181818182,0.37531818181818183,-0.01866363636363636,44.78181818181818,0.1531,1
2019-06-13,3.97,0.37866363636363637,-0.02050909090909091,44.92727272727273,0.1409,1
2019-06-14,8.281818181818183,0.3836454545454545,0.012318181818181818,44.9,0.2038,1
2019-06-15,7.976363636363637,0.39993636363636365,0.017900000000000006,44.836363636363636,0.21,1
2019-06-16,4.850909090909091,0.39204545454545453,-0.007245454545454546,44.99090909090909,0.1462,1
2019-06-17,2.8499999999999996,0.4029363636363636,-0.012409090909090904,44.63636363636363,0.1688,0
2019-06-18,8.01909090909091,0.4053727272727273,0.028872727272727272,44.59090909090909,0.145,0
2019-06-19,9.385454545454547,0.4133545454545455,0.0545,44.60909090909091,0.2163,0
2019-06-20,10.421818181818182,0.4291727272727273,0.06521818181818183,44.49090909090909,0.2244,0
2019-06-21,4.4327272727272735,0.42013636363636364,0.01767272727272727,44.57272727272727,0.2237,0
2019-06-22,11.425454545454546,0.43874545454545455,0.0764909090909091,44.29090909090909,0.2576,0
2019-06-23,13.412727272727272,0.4486818181818182,0.09610909090909091,44.154545454545456,0.2856,0
2019-06-24,8.007272727272728,0.4621454545454545,0.06205454545454545,44.62727272727273,0.3109,1
2019-06-25,15.414545454545454,0.47193636363636365,0.11646363636363635,44.41818181818182,0.3306,0
2019-06-26,5.544545454545455,0.4763636363636364,0.047154545454545456,44.0,0.1982,0
2019-06-27,9.291818181818183,0.4815454545454545,0.10735454545454547,44.372727272727275,0.3293,0
2019-06-28,11.623636363636363,0.4999363636363636,0.11679090909090908,43.70909090909091,0.3183,0
2019-06-29,21.829090909090908,0.5023,0.2149727272727273,43.90909090909091,0.3544,0
2019-06-30,14.935454545454546,0.5233454545454546,0.18333636363636366,43.45454545454545,0.3485,1
2019-07-01,14.180909090909092,0.5243454545454546,0.15523636363636364,43.93636363636364,0.3622,0
2019-07-02,9.83,0.544409090909091,0.12495454545454546,43.42727272727273,0.3439,0
2019-07-03,7.6036363636363635,0.5491090909090909,0.12027272727272727,44.13636363636363,0.3314,0
2019-07-04,16.903636363636362,0.5584727272727273,0.21051818181818183,43.27272727272727,0.4301,0
2019-07-05,34.56363636363636,0.5785545454545454,0.36162727272727274,43.53636363636363,0.5461,0
2019-07-06,23.116363636363637,0.600890909090909,0.29059090909090907,42.945454545454545,0.5417,0
2019-07-07,15.229090909090907,0.6074636363636364,0.20103636363636362,42.99090909090909,0.4582,0
2019-07-08,22.236363636363635,0.6225090909090909,0.2826,43.17272727272727,0.4417,0
2019-07-09,12.068181818181818,0.6271727272727273,0.18213636363636362,43.41818181818182,0.4339,0
2019-07-10,17.94,0.634990909090909,0.24375454545454545,42.89090909090909,0.5201,0
2019-07-11,37.75818181818182,0.6500090909090909,0.4003272727272727,42.800000000000004,0.6085,0
2019-07-12,34.64545454545455,0.6820363636363637,0.36527272727272725,42.02727272727273,0.6436,0
2019-07-13,34.38,0.689690909090909,0.3472818181818182,42.518181818181816,0.6281,0
2019-07-14,32.834545454545456,0.7033454545454545,0.3875,42.18181818181818,0.7261,0
2019-07-15,32.46363636363637,0.7163636363636363,0.3714545454545455,42.336363636363636,0.7245,0
2019-07-16,29.319999999999997,0.7201727272727273,0.33580909090909095,41.96363636363637,0.6905,0
2019-07-17,55.61545454545455,0.7228,0.4686818181818182,42.018181818181816,0.798,0
2019-07-18,40.14272727272727,0.7353454545454546,0.4080818181818182,41.85454545454545,0.7602,0
2019-07-19,30.914545454545454,0.7364,0.36972727272727274,41.26363636363636,0.7741,0
2019-07-20,35.81545454545455,0.7394090909090909,0.3385818181818182,41.35454545454545,0.6846,0
2019-07-21,23.29090909090909,0.7428272727272728,0.3092727272727273,41.27272727272727,0.701,0
2019-07-22,36.87909090909091,0.7539363636363636,0.3608545454545455,40.97272727272727,0.7582,0
2019-07-23,29.171818181818185,0.7489818181818181,0.3850090909090909,40.981818181818184,0.7549,0
2019-07-24,48.17818181818182,0.7582909090909091,0.44756363636363633,40.91818181818182,0.7157,0
2019-07-25,39.00636363636364,0.7665181818181818,0.37061818181818185,40.9,0.7857,0
2019-07-26,38.444545454545455,0.7659727272727271,0.4131636363636364,40.59090909090909,0.7578,0
2019-07-27,30.111818181818183,0.7725363636363636,0.3944090909090909,40.79090909090909,0.7747,0
2019-07-28,42.23090909090909,0.778109090909091,0.42406363636363636,39.945454545454545,0.8088,0
2019-07-29,44.11909090909091,0.780209090909091,0.40979999999999994,40.63636363636363,0.736,0
2019-07-30,26.23909090909091,0.7811818181818182,0.3025909090909091,39.82727272727273,0.7678,0
2019-07-31,47.83,0.7918909090909092,0.4758727272727272,39.93636363636364,0.7905,0
2019-08-01,35.00636363636364,0.7822181818181818,0.4026090909090909,39.92727272727273,0.7565,0
2019-08-02,23.822727272727274,0.7915090909090909,0.3648363636363637,39.70909090909091,0.742,0
2019-08-03,38.00363636363637,0.8037363636363637,0.4212363636363637,39.68181818181818,0.7852,0
2019-08-04,29.903636363636362,0.8001272727272727,0.39603636363636363,39.627272727272725,0.7403,0
2019-08-05,21.46909090909091,0.805,0.3417636363636363,39.154545454545456,0.7607,0
2019-08-06,26.44181818181818,0.8063181818181818,0.3503,38.64545454545455,0.7511,0
2019-08-07,21.415454545454544,0.8032454545454545,0.31477272727272726,38.93636363636364,0.6924,0
2019-08-08,32.32272727272727,0.8072818181818182,0.3731363636363636,38.800000000000004,0.7333,0
2019-08-09,37.230909090909094,0.815090909090909,0.4154,38.945454545454545,0.735,0
2019-08-10,31.616363636363634,0.8063272727272728,0.37389999999999995,38.68181818181818,0.7896,0
2019-08-11,29.674545454545456,0.8107454545454545,0.376,39.27272727272727,0.8024,0
2019-08-12,31.463636363636365,0.821609090909091,0.3744454545454545,38.76363636363636,0.7621,0
2019-08-13,41.02,0.8262,0.4236636363636364,38.654545454545456,0.7846,0
2019-08-14,29.756363636363634,0.8191636363636363,0.34602727272727274,38.57272727272727,0.7824,0
2019-08-15,29.14818181818182,0.8248181818181819,0.2945454545454545,38.836363636363636,0.7084,0
2019-08-16,16.673636363636362,0.8292,0.2648,38.018181818181816,0.7303,0
2019-08-17,15.833636363636366,0.8325545454545455,0.21598181818181816,38.309090909090905,0.7095,0
2019-08-18,48.907272727272726,0.818309090909091,0.3523181818181818,37.945454545454545,0.7852,0
2019-08-19,29.73818181818182,0.8332545454545456,0.3075,37.945454545454545,0.794,0
2019-08-20,29.13363636363636,0.8161181818181817,0.28290909090909094,37.67272727272727,0.7514,0
2019-08-21,23.920909090909092,0.8326090909090909,0.2606818181818182,37.57272727272727,0.7225,0
2019-08-22,13.098181818181816,0.8300363636363636,0.19329090909090907,37.86363636363637,0.659,0
2019-08-23,19.523636363636363,0.8316272727272728,0.24204545454545456,37.82727272727273,0.6819,0
2019-08-24,30.70909090909091,0.8275545454545454,0.2894818181818182,37.5,0.7429,0
2019-08-25,24.59363636363636,0.8343,0.23477272727272727,37.872727272727275,0.6855,0
2019-08-26,25.23909090909091,0.8353,0.29232727272727277,37.43636363636364,0.6444,0
2019-08-27,16.18909090909091,0.8245909090909092,0.21379090909090911,37.10909090909091,0.5874,0
2019-08-28,14.844545454545454,0.831790909090909,0.1837090909090909,37.21818181818182,0.6215,0
2019-08-29,19.165454545454544,0.826409090909091,0.22080909090909093,37.68181818181818,0.6453,0
2019-08-30,14.518181818181818,0.8279363636363637,0.18685454545454547,37.24545454545454,0.6261,0
2019-08-31,15.553636363636365,0.8294545454545456,0.15455454545454544,36.83636363636364,0.5499,0
2019-09-01,19.240909090909092,0.8211636363636363,0.2034272727272727,36.78181818181818,0.6258,0
2019-09-02,23.88,0.8167454545454546,0.2055818181818182,36.88181818181818,0.5526,0
2019-09-03,12.521818181818183,0.8278454545454547,0.1328090909090909,36.64545454545455,0.5622,0
2019-09-04,3.4927272727272727,0.8171636363636363,0.022872727272727277,37.00909090909091,0.4104,0
2019-09-05,17.406363636363636,0.8255454545454545,0.11169090909090908,36.74545454545455,0.4456,0
2019-09-06,9.003636363636362,0.8208909090909091,0.07418181818181818,36.82727272727273,0.36,0
2019-09-07,9.945454545454545,0.8208090909090909,0.06574545454545455,36.91818181818182,0.4266,0
2019-09-08,18.05181818181818,0.8131818181818182,0.1425181818181818,36.6,0.4413,0
2019-09-09,9.772727272727273,0.8114363636363637,0.07084545454545454,36.26363636363636,0.3894,0
2019-09-10,9.144545454545455,0.8126909090909091,0.03294545454545455,36.22727272727273,0.3641,0
2019-09-11,4.405454545454545,0.7994727272727272,0.008145454545454546,36.47272727272727,0.3673,0
2019-09-12,8.139090909090909,0.789,0.056081818181818184,36.481818181818184,0.3326,0
2019-09-13,8.405454545454546,0.7932909090909092,0.03148181818181817,36.13636363636363,0.3472,0
2019-09-14,5.531818181818182,0.7904272727272729,0.005081818181818183,36.809090909090905,0.317,0
2019-09-15,3.3981818181818184,0.7857727272727272,-0.023163636363636362,36.554545454545455,0.2468,0
2019-09-16,9.240909090909092,0.7863545454545455,0.021936363636363632,36.199999999999996,0.315,0
2019-09-17,4.482727272727273,0.7701818181818182,-0.026236363636363638,35.77272727272727,0.3214,0
2019-09-18,1.26,0.769,-0.06258181818181818,35.800000000000004,0.2609,0
2019-09-19,2.2927272727272725,0.761390909090909,-0.06280909090909091,35.64545454545455,0.2787,0
2019-09-20,7.565454545454545,0.7594727272727273,-0.010145454545454544,36.32727272727273,0.2598,0
2019-09-21,2.860909090909091,0.7507363636363636,-0.05339090909090909,36.39090909090909,0.2131,0
2019-09-22,8.755454545454546,0.7434181818181819,-0.014036363636363635,35.88181818181818,0.2026,0
2019-09-23,4.982727272727273,0.7326545454545456,-0.04381818181818182,35.400000000000006,0.2738,0
2019-09-24,3.0845454545454545,0.7141909090909091,-0.07516363636363636,35.74545454545454,0.2314,0
2019-09-25,1.7627272727272727,0.7093545454545455,-0.10196363636363635,36.29090909090909,0.2557,0
2019-09-26,1.6681818181818182,0.6923272727272727,-0.1065818181818182,35.96363636363637,0.1896,0
2019-09-27,1.7336363636363636,0.6784545454545454,-0.10321818181818182,35.38181818181818,0.2359,0
2019-09-28,1.3145454545454547,0.6577363636363637,-0.10131818181818182,35.0,0.2197,0
2019-09-29,3.0127272727272727,0.6703818181818182,-0.09815454545454544,35.345454545454544,0.2183,0
2019-09-30,1.926363636363636,0.6591727272727272,-0.10515454545454546,35.47272727272727,0.1991,0
2019-10-01,0.6581818181818182,0.6299545454545454,-0.1191,35.23636363636364,0.1989,0
2019-10-02,0.6236363636363637,0.6245636363636364,-0.1419272727272727,34.945454545454545,0.1663,0
2019-10-03,0.5136363636363637,0.613009090909091,-0.1315090909090909,34.86363636363637,0.1549,0
2019-10-04,2.657272727272727,0.6023181818181818,-0.10065454545454545,34.82727272727273,0.2252,0
2019-10-05,1.5145454545454549,0.5919909090909091,-0.12537272727272727,35.21818181818182,0.2181,0
2019-10-06,2.8963636363636365,0.5750090909090909,-0.1133909090909091,34.77272727272727,0.1948,0
2019-10-07,1.3009090909090908,0.5736,-0.13039090909090909,34.836363636363636,0.2287,0
2019-10-08,0.17636363636363636,0.559490909090909,-0.15996363636363636,35.163636363636364,0.1474,0
2019-10-09,0.8054545454545454,0.5473272727272728,-0.15722727272727274,34.845454545454544,0.1865,0
2019-10-10,1.27,0.5405727272727273,-0.1386909090909091,34.699999999999996,0.2069,0
2019-10-11,0.9109090909090909,0.5344272727272728,-0.1600181818181818,34.50909090909091,0.132,0
2019-10-12,0.610909090909091,0.5238454545454545,-0.1531909090909091,34.61818181818182,0.2245,0
2019-10-13,0.600909090909091,0.511,-0.16084545454545454,34.63636363636363,0.1059,0
2019-10-14,0.46090909090909093,0.5050181818181818,-0.1592909090909091,34.88181818181818,0.135,0
2019-10-15,0.6127272727272728,0.4946363636363636,-0.17029090909090908,34.29090909090909,0.1448,1
2019-10-16,0.0,0.4968181818181818,-0.16981818181818184,34.32727272727273,0.1328,0
2019-10-17,0.1990909090909091,0.48274545454545453,-0.1773090909090909,34.07272727272727,0.0954,1
2019-10-18,0.6354545454545455,0.4795909090909091,-0.1653,34.70909090909091,0.1945,1
2019-10-19,0.0,0.45990909090909093,-0.1768909090909091,34.20909090909091,0.128,0
2019-10-20,0.24181818181818182,0.4561363636363636,-0.16936363636363636,34.86363636363637,0.1416,1
2019-10-21,0.1409090909090909,0.45935454545454546,-0.1694909090909091,34.58181818181818,0.1246,1
2019-10-22,0.028181818181818183,0.44287272727272725,-0.1880272727272727,34.39090909090909,0.1563,1
2019-10-23,0.12090909090909091,0.43402727272727276,-0.1715,34.60909090909091,0.1337,1
2019-10-24,0.35000000000000003,0.4239181818181818,-0.1722090909090909,33.36363636363637,0.1908,1
2019-10-25,0.0,0.4112363636363636,-0.18193636363636365,33.96363636363637,0.1636,1
2019-10-26,0.21181818181818182,0.4253727272727273,-0.1894,34.39090909090909,0.1571,1
2019-10-27,0.37000000000000005,0.4065,-0.1809818181818182,34.28181818181818,0.1209,1
2019-10-28,0.2490909090909091,0.4074,-0.1826818181818182,33.74545454545454,0.1451,1
2019-10-29,0.0,0.4026272727272728,-0.18358181818181818,33.76363636363636,0.1266,1
2019-10-30,0.0,0.4000363636363637,-0.18591818181818184,34.02727272727273,0.1327,1
2019-10-31,0.36272727272727273,0.3836363636363636,-0.1909545454545455,33.72727272727273,0.1896,1
2019-11-01,0.0,0.38188181818181816,-0.4063818181818182,34.10909090909091,0.0757,1
2019-11-02,0.0,0.3672181818181818,-0.39098181818181815,33.92727272727273,0.1527,1
2019-11-03,0.0,0.3713909090909091,-0.3965818181818182,33.945454545454545,0.0597,1
2019-11-04,0.10272727272727272,0.3748909090909091,-0.3683181818181818,33.981818181818184,0.1448,1
2019-11-05,0.07454545454545454,0.37122727272727274,-0.3828909090909091,33.75454545454546,0.1092,1
2019-11-06,0.0,0.35919090909090906,-0.39645454545454545,34.29090909090909,0.0916,2
2019-11-07,0.13,0.3585545454545454,-0.37629090909090906,33.71818181818182,0.1309,1
2019-11-08,0.0,0.35032727272727276,-0.3835363636363636,33.945454545454545,0.0611,2
2019-11-09,0.0,0.3449,-0.4133909090909091,33.73636363636364,0.1112,1
2019-11-10,0.0,0.3412272727272727,-0.40150909090909087,33.663636363636364,0.1519,2
2019-11-11,0.014545454545454545,0.3420818181818182,-0.3668181818181818,33.481818181818184,0.0676,1
2019-11-12,0.0,0.3372727272727273,-0.3740727272727273,33.64545454545454,0.1331,2
2019-11-13,0.09,0.33305454545454544,-0.3907090909090909,33.77272727272727,0.1218,1
2019-11-14,0.0,0.3336,-0.4194090909090909,33.86363636363637,0.1215,2
2019-11-15,0.018181818181818184,0.32187272727272725,-0.40292727272727275,33.6,0.1148,2
2019-11-16,0.0,0.32093636363636363,-0.3825818181818182,33.60909090909091,0.1113,1
2019-11-17,0.0,0.32541818181818183,-0.38621818181818185,33.72727272727273,0.0892,2
2019-11-18,0.0,0.3213818181818182,-0.39972727272727276,34.02727272727273,0.1198,1
2019-11-19,0.01909090909090909,0.3094181818181818,-0.3819272727272727,33.64545454545455,0.1077,2
2019-11-20,0.06181818181818182,0.30887272727272724,-0.39046363636363635,33.42727272727273,0.1064,2
2019-11-21,0.0,0.30388181818181814,-0.42531818181818176,33.91818181818182,0.0608,2
2019-11-22,0.04,0.3114818181818182,-0.43027272727272725,33.46363636363637,0.1278,2
2019-11-23,0.005454545454545454,0.3029090909090909,-0.40333636363636366,33.53636363636363,0.1256,2
2019-11-24,0.011818181818181818,0.2959272727272727,-0.4026181818181818,33.345454545454544,0.1085,1
2019-11-25,0.0,0.2930363636363636,-0.41955454545454546,33.59090909090909,0.1154,2
2019-11-26,0.0,0.29822727272727273,-0.3920727272727273,33.800000000000004,0.0572,2
2019-11-27,0.0,0.2870090909090909,-0.4013454545454545,33.81818181818182,0.101,2
2019-11-28,0.0,0.2877818181818182,-0.38234545454545454,33.69090909090909,0.1511,2
2019-11-29,0.0,0.28002727272727274,-0.3924909090909091,33.981818181818184,0.1006,2
2019-11-30,0.0009090909090909091,0.28653636363636364,-0.3856636363636364,33.70909090909091,0.1268,2
2019-12-01,0.03909090909090909,0.2745909090909091,-0.40656363636363635,34.23636363636364,0.0914,2
2019-12-02,0.0,0.28415454545454544,-0.416209090909091,33.70909090909091,0.1209,2
2019-12-03,0.016363636363636365,0.2741272727272727,-0.40950000000000003,33.82727272727273,0.1,2
2019-12-04,0.0,0.2744909090909091,-0.4030909090909091,33.445454545454545,0.1469,2
2019-12-05,0.005454545454545454,0.28469090909090905,-0.4123727272727273,33.67272727272727,0.1013,2
2019-12-06,0.0,0.282,-0.40121818181818186,34.054545454545455,0.0942,2
2019-12-07,0.0,0.2620363636363636,-0.37735454545454544,34.61818181818182,0.1027,2
2019-12-08,0.0,0.27408181818181815,-0.35292727272727276,34.42727272727273,0.0672,2
2019-12-09,0.33090909090909093,0.2703,-0.40697272727272726,34.38181818181818,0.103,2
2019-12-10,0.06999999999999999,0.2702636363636364,-0.38827272727272727,33.85454545454545,0.0626,2
2019-12-11,0.028181818181818183,0.26475454545454546,-0.40069090909090904,34.23636363636364,0.1257,2
2019-12-12,0.0,0.27037272727272726,-0.39987272727272727,34.5,0.1086,2
2019-12-13,0.0,0.2617181818181818,-0.4182,33.74545454545454,0.1318,2
2019-12-14,0.0,0.26630909090909094,-0.39149999999999996,34.336363636363636,0.0769,2
2019-12-15,0.01,0.25216363636363637,-0.4202818181818182,34.08181818181818,0.1355,2
2019-12-16,0.021818181818181816,0.2528727272727273,-0.4099363636363636,34.11818181818182,0.1616,2
2019-12-17,0.0,0.26287272727272726,-0.3838090909090909,33.89090909090909,0.0758,2
2019-12-18,0.0,0.2595636363636364,-0.3939818181818182,34.21818181818182,0.1123,2
2019-12-19,0.04090909090909091,0.25627272727272726,-0.41558181818181816,34.70909090909091,0.122,2
2019-12-20,0.0,0.2631545454545454,-0.39637272727272727,34.46363636363637,0.0837,2
2019-12-21,0.07181818181818182,0.24696363636363639,-0.42013636363636364,34.5,0.1123,2
2019-12-22,0.049090909090909095,0.25876363636363636,-0.38265454545454547,34.14545454545455,0.156,2
2019-12-23,0.05090909090909091,0.2470090909090909,-0.3936090909090909,34.5,0.073,2
2019-12-24,0.051818181818181826,0.24578181818181816,-0.3917818181818182,35.00909090909091,0.1111,2
2019-12-25,0.0,0.2596181818181818,-0.4274636363636363,34.58181818181818,0.1257,2
2019-12-26,0.03363636363636364,0.2501909090909091,-0.36887272727272724,34.71818181818182,0.0441,2
2019-12-27,0.05,0.24264545454545458,-0.41683636363636367,34.690909090909095,0.0651,2
2019-12-28,0.0,0.2392090909090909,-0.4147636363636364,34.56363636363636,0.0657,2
2019-12-29,0.0,0.2502909090909091,-0.4010909090909091,35.47272727272727,0.0896,2
2019-12-30,0.15545454545454546,0.24455454545454547,-0.37132727272727273,34.836363636363636,0.1234,2
2019-12-31,0.014545454545454545,0.2519545454545455,-0.44559090909090915,35.10909090909091,0.1303,2
2020-01-01,0.15,0.22553636363636365,-0.3955818181818182,35.4,0.076,2
2020-01-02,0.0,0.21728181818181816,-0.3917818181818182,34.87272727272727,0.1312,2
2020-01-03,0.0,0.2212727272727273,-0.397,35.845454545454544,0.0981,2
2020-01-04,0.0,0.2193090909090909,-0.3951,35.1,0.0765,2
2020-01-05,0.0,0.21742727272727275,-0.4511090909090909,35.42727272727273,0.0879,2
2020-01-06,0.16636363636363638,0.21736363636363637,-0.38413636363636366,35.73636363636364,0.1152,2
2020-01-07,0.0,0.21684545454545454,-0.3875363636363636,35.663636363636364,0.0941,2
2020-01-08,0.17545454545454545,0.22826363636363636,-0.39868181818181814,36.31818181818182,0.0625,2
2020-01-09,0.0,0.22704545454545455,-0.41263636363636363,35.945454545454545,0.0795,2
2020-01-10,0.030000000000000002,0.22017272727272727,-0.38696363636363634,35.58181818181818,0.0581,2
2020-01-11,0.0,0.2129090909090909,-0.4001090909090909,35.76363636363636,0.0758,2
2020-01-12,0.0009090909090909091,0.2179909090909091,-0.4007545454545454,35.554545454545455,0.1335,2
2020-01-13,0.16727272727272727,0.22136363636363637,-0.3814090909090909,36.08181818181818,0.057,2
2020-01-14,0.0,0.22327272727272726,-0.38825454545454546,35.872727272727275,0.0808,2
2020-01-15,0.07636363636363636,0.2165,-0.43727272727272726,35.9,0.0972,2
2020-01-16,0.015454545454545455,0.21954545454545454,-0.40489090909090913,36.58181818181818,0.0746,2
2020-01-17,0.01,0.22334545454545454,-0.38985454545454545,36.300000000000004,0.0886,2
2020-01-18,0.01,0.23094545454545454,-0.41516363636363635,36.91818181818182,0.1091,2
2020-01-19,0.010909090909090908,0.22895454545454544,-0.4289818181818182,36.56363636363636,0.1012,2
2020-01-20,0.0009090909090909091,0.22123636363636365,-0.3618363636363636,36.9,0.0934,2
2020-01-21,0.0,0.22526363636363636,-0.4166,36.79090909090909,0.0993,2
2020-01-22,0.0,0.21876363636363638,-0.38844545454545454,36.99090909090909,0.0619,2
2020-01-23,0.0,0.22462727272727276,-0.43811818181818185,37.72727272727273,0.1463,2
2020-01-24,0.1109090909090909,0.21937272727272727,-0.39442727272727274,37.345454545454544,0.0799,2
2020-01-25,0.0,0.22080909090909093,-0.42108181818181817,36.77272727272727,0.0862,2
2020-01-26,0.10636363636363635,0.2158909090909091,-0.3681636363636364,37.018181818181816,0.0766,2
2020-01-27,0.11636363636363636,0.21956363636363638,-0.3681636363636364,37.336363636363636,0.0929,2
2020-01-28,0.0,0.22097272727272727,-0.36722727272727274,37.50909090909091,0.0814,2
2020-01-29,0.0,0.2220090909090909,-0.37199999999999994,37.10909090909091,0.1134,2
2020-01-30,0.013636363636363636,0.22248181818181817,-0.38163636363636366,37.5,0.1134,2
2020-01-31,0.01636363636363636,0.2212090909090909,-0.41006363636363635,38.199999999999996,0.0447,2
2020-02-01,0.01,0.22398181818181817,-0.40641818181818185,37.67272727272727,0.0792,2
2020-02-02,0.07,0.2239181818181818,-0.4253727272727273,38.236363636363635,0.0614,2
2020-02-03,0.0,0.21335454545454546,-0.3977727272727272,38.163636363636364,0.0556,2
2020-02-04,0.0,0.21719999999999998,-0.4158454545454546,38.50909090909091,0.0961,2
2020-02-05,0.009090909090909092,0.22395454545454543,-0.39599999999999996,38.054545454545455,0.0565,2
2020-02-06,0.014545454545454545,0.22868181818181818,-0.36352727272727275,38.336363636363636,0.038,2
2020-02-07,0.0,0.22753636363636362,-0.39108181818181814,38.53636363636363,0.0595,2
2020-02-08,0.024545454545454547,0.23498181818181818,-0.4059090909090909,38.50909090909091,0.0248,2
2020-02-09,0.10727272727272727,0.21334545454545453,-0.39157272727272724,39.27272727272727,0.044,2
2020-02-10,0.011818181818181818,0.22869090909090908,-0.41334545454545457,38.872727272727275,0.0738,2
2020-02-11,0.0,0.21735454545454547,-0.3873,39.154545454545456,0.042,2
2020-02-12,0.07454545454545454,0.20755454545454546,-0.4464,38.9,0.0589,2
2020-02-13,0.0,0.22055454545454545,-0.3994818181818182,39.018181818181816,0.038,2
2020-02-14,0.0,0.21445454545454545,-0.39740000000000003,39.300000000000004,0.0607,2
2020-02-15,0.0,0.21912727272727273,-0.42126363636363634,39.50909090909091,0.0631,2
2020-02-16,0.0,0.2174636363636364,-0.37175454545454545,39.981818181818184,0.0591,2
2020-02-17,0.12272727272727274,0.21909090909090911,-0.3993727272727273,40.17272727272727,0.0904,2
2020-02-18,0.053636363636363635,0.22457272727272726,-0.37051818181818186,39.654545454545456,0.0756,2
2020-02-19,0.0,0.21614545454545456,-0.3891545454545455,39.81818181818182,0.0441,2
2020-02-20,0.015454545454545455,0.2190090909090909,-0.4295090909090909,39.79090909090909,0.0358,2
2020-02-21,0.022727272727272728,0.2259909090909091,-0.4001727272727273,39.92727272727273,0.1075,2
2020-02-22,0.057272727272727274,0.2158090909090909,-0.41213636363636363,40.1,0.1071,2
2020-02-23,0.0,0.2216909090909091,-0.4034272727272727,40.63636363636363,0.013,2
2020-02-24,0.03727272727272728,0.21366363636363636,-0.37874545454545455,40.17272727272727,0.0607,2
2020-02-25,0.0,0.21474545454545454,-0.4290818181818182,40.5,0.0515,2
2020-02-26,0.03272727272727272,0.23637272727272726,-0.40544545454545455,40.67272727272727,0.0744,2
2020-02-27,0.07727272727272728,0.21664545454545456,-0.3781181818181818,40.79090909090909,0.0267,2
2020-02-28,0.0,0.22590000000000002,-0.40809090909090906,40.60909090909091,0.0,2
2020-02-29,0.0,0.21508181818181818,-0.41419090909090905,40.63636363636363,0.0,2
2020-03-01,0.0,0.22231818181818183,-0.4041,41.24545454545454,0.0363,2
2020-03-02,0.0,0.21856363636363635,-0.3895363636363637,41.04545454545455,0.0611,2
2020-03-03,0.0,0.21753636363636364,-0.3798272727272727,40.92727272727273,0.0,2
2020-03-04,0.0,0.22524545454545455,-0.37576363636363636,41.03636363636363,0.0034,2
2020-03-05,0.0,0.22317272727272727,-0.3863454545454546,41.445454545454545,0.0,2
2020-03-06,0.0018181818181818182,0.22115454545454546,-0.3821090909090909,41.345454545454544,0.0665,2
2020-03-07,0.0009090909090909091,0.2284818181818182,-0.3907,41.43636363636364,0.0292,2
2020-03-08,0.0,0.2191,-0.39823636363636367,41.71818181818182,0.0838,2
2020-03-09,0.0,0.23344545454545454,-0.416490909090909,41.46363636363637,0.0781,2
2020-03-10,0.0009090909090909091,0.2148,-0.4272636363636364,41.845454545454544,0.0042,2
2020-03-11,0.002727272727272727,0.21654545454545457,-0.3878818181818182,41.92727272727273,0.0355,2
2020-03-12,0.0,0.21883636363636363,-0.39898181818181816,41.89090909090909,0.0,2
2020-03-13,0.0,0.21366363636363636,-0.38022727272727275,42.28181818181818,0.0,2
2020-03-14,0.0036363636363636364,0.21793636363636362,-0.4307181818181818,41.872727272727275,0.046,2
2020-03-15,0.0009090909090909091,0.21644545454545455,-0.37130909090909087,42.56363636363636,0.0105,2
2020-03-16,0.0027272727272727275,0.22006363636363638,-0.41293636363636366,42.09090909090909,0.0,2
2020-03-17,0.007272727272727273,0.21297272727272726,-0.3702,42.300000000000004,0.0344,2
2020-03-18,0.0018181818181818182,0.2176090909090909,-0.3980727272727273,42.41818181818182,0.0308,2
2020-03-19,0.0009090909090909091,0.22717272727272728,-0.3949,42.372727272727275,0.001,2
2020-03-20,0.0,0.20906363636363637,-0.38806363636363633,42.800000000000004,0.0,2
2020-03-21,0.0,0.23069090909090909,-0.3416181818181818,42.91818181818182,0.0189,2
2020-03-22,0.007272727272727273,0.2169090909090909,-0.41479090909090915,42.690909090909095,0.0158,2
2020-03-23,0.0,0.21988181818181818,-0.3816636363636363,43.20909090909091,0.0,2
2020-03-24,0.0,0.2124090909090909,-0.38282727272727274,43.10909090909091,0.0613,2
2020-03-25,0.0036363636363636364,0.20921818181818183,-0.43234545454545453,43.29090909090909,0.0,2
2020-03-26,0.0,0.21407272727272728,-0.3952454545454545,43.58181818181818,0.0488,2
2020-03-27,0.0018181818181818182,0.22331818181818183,-0.41453636363636365,43.39090909090909,0.0849,2
2020-03-28,0.0,0.22845454545454544,-0.3750090909090909,43.00909090909091,0.0564,2
2020-03-29,0.0,0.21555454545454547,-0.3463363636363636,43.518181818181816,0.036,2
2020-03-30,0.009090909090909092,0.22017272727272727,-0.3879909090909091,43.10909090909091,0.0009,2
2020-03-31,0.009090909090909092,0.21824545454545455,-0.40137272727272727,43.309090909090905,0.0,2
2020-04-01,0.7981818181818183,0.2207727272727273,-0.37517272727272727,44.699999999999996,0.0216,2
2020-04-02,0.03090909090909091,0.2296909090909091,-0.37400909090909096,45.199999999999996,0.0,2
2020-04-03,0.26636363636363636,0.23025454545454546,-0.3708272727272728,44.64545454545455,0.0169,2
2020-04-04,0.06454545454545454,0.2275181818181818,-0.4222909090909091,44.800000000000004,0.0177,2
2020-04-05,0.4981818181818181,0.21728181818181816,-0.41669090909090906,45.154545454545456,0.0344,2
2020-04-06,0.045454545454545456,0.23435454545454545,-0.39268181818181813,45.26363636363636,0.0,2
2020-04-07,0.09181818181818181,0.22329999999999997,-0.38244545454545453,45.03636363636363,0.0,2
2020-04-08,0.0,0.22375454545454546,-0.38487272727272726,45.163636363636364,0.0,2
2020-04-09,0.8372727272727274,0.22050909090909088,-0.39994545454545455,45.68181818181818,0.0199,2
2020-04-10,0.7563636363636363,0.2231,-0.4052090909090909,45.79090909090909,0.0,2
2020-04-11,0.5627272727272727,0.22567272727272725,-0.4073909090909091,45.445454545454545,0.0162,2
2020-04-12,0.26272727272727275,0.23251818181818182,-0.41816363636363635,45.06363636363636,0.0,2
2020-04-13,0.729090909090909,0.22663636363636364,-0.3986,45.699999999999996,0.0044,2
2020-04-14,0.28818181818181815,0.2255,-0.3852272727272727,45.42727272727273,0.0479,2
2020-04-15,0.4263636363636364,0.22267272727272724,-0.3589090909090909,45.70909090909091,0.0,2
2020-04-16,0.5409090909090909,0.2252181818181818,-0.3978090909090909,46.127272727272725,0.0,2
2020-04-17,0.3372727272727273,0.2355636363636364,-0.3755272727272727,45.88181818181818,0.0773,2
2020-04-18,1.780909090909091,0.2317181818181818,-0.3987363636363636,45.81818181818182,0.0025,2
2020-04-19,2.194545454545455,0.23483636363636365,-0.3559545454545454,45.97272727272727,0.0701,2
2020-04-20,0.7636363636363636,0.2294272727272727,-0.3939272727272727,46.31818181818182,0.022,2
2020-04-21,0.31545454545454543,0.2223454545454545,-0.4209454545454545,45.62727272727273,0.0739,2
2020-04-22,0.10545454545454545,0.23193636363636363,-0.3794272727272727,46.26363636363636,0.0257,2
2020-04-23,0.5536363636363636,0.2353090909090909,-0.37947272727272724,46.054545454545455,0.0465,2
2020-04-24,0.31636363636363635,0.23774545454545457,-0.38260909090909095,45.699999999999996,0.0259,2
2020-04-25,0.37363636363636366,0.23925454545454547,-0.3619,45.60909090909091,0.0094,2
2020-04-26,0.35000000000000003,0.23598181818181818,-0.35353636363636365,45.70909090909091,0.0005,2
2020-04-27,0.600909090909091,0.2298909090909091,-0.39781818181818185,45.70909090909091,0.0,2
2020-04-28,1.5581818181818183,0.23790000000000003,-0.32734545454545455,46.23636363636364,0.0032,2
2020-04-29,0.07727272727272727,0.23779090909090908,-0.3641272727272727,45.809090909090905,0.0185,2
2020-04-30,1.0227272727272727,0.24389090909090907,-0.3940272727272727,46.00909090909091,0.0,2
2020-05-01,0.09363636363636364,0.23880909090909092,-0.19314545454545454,45.87272727272727,0.0183,2
2020-05-02,1.4963636363636363,0.25286363636363635,-0.16743636363636363,46.24545454545455,0.0372,2
2020-05-03,0.0,0.2452272727272727,-0.18686363636363634,46.60909090909092,0.0471,2
2020-05-04,0.3172727272727273,0.24129090909090908,-0.17301818181818182,46.345454545454544,0.0,2
2020-05-05,1.6672727272727272,0.2374272727272727,-0.17736363636363636,46.0,0.0202,2
2020-05-06,0.5118181818181818,0.24014545454545455,-0.19255454545454545,46.36363636363637,0.0533,2
2020-05-07,0.12727272727272726,0.23919999999999997,-0.17984545454545453,46.1,0.0412,2
2020-05-08,0.5081818181818182,0.23997272727272725,-0.16270909090909091,46.25454545454546,0.061,2
2020-05-09,0.0,0.24965454545454546,-0.1798818181818182,46.20909090909091,0.0,2
2020-05-10,0.5372727272727272,0.2505818181818182,-0.18286363636363634,46.39090909090909,0.0509,2
2020-05-11,0.5445454545454546,0.2492090909090909,-0.17004545454545453,46.690909090909095,0.0165,2
2020-05-12,1.7745454545454544,0.2560636363636364,-0.14305454545454543,46.26363636363636,0.0627,2
2020-05-13,0.3963636363636364,0.25135454545454544,-0.1699,46.336363636363636,0.0435,2
2020-05-14,0.8909090909090908,0.2485909090909091,-0.17534545454545455,46.13636363636363,0.0454,2
2020-05-15,0.5809090909090909,0.2543545454545455,-0.1523,46.89090909090908,0.0439,2
2020-05-16,0.7790909090909092,0.24835454545454547,-0.16148181818181817,46.41818181818182,0.0495,2
2020-05-17,0.09272727272727273,0.26183636363636364,-0.16817272727272725,46.336363636363636,0.096,2
2020-05-18,0.5281818181818182,0.26692727272727274,-0.1696090909090909,46.199999999999996,0.0444,2
2020-05-19,0.49090909090909096,0.2701636363636364,-0.13744545454545454,46.58181818181818,0.0275,2
2020-05-20,1.0254545454545454,0.2636818181818182,-0.1439272727272727,46.52727272727273,0.0198,2
2020-05-21,2.1345454545454547,0.259,-0.11960909090909091,46.56363636363637,0.1115,2
2020-05-22,1.2145454545454546,0.26197272727272725,-0.1317818181818182,46.72727272727273,0.0517,2
2020-05-23,0.6218181818181818,0.26850909090909086,-0.13146363636363637,46.47272727272727,0.057,2
2020-05-24,2.3545454545454545,0.26991818181818183,-0.12320909090909091,46.88181818181818,0.0863,2
2020-05-25,1.0854545454545454,0.27273636363636367,-0.13320909090909092,46.10909090909091,0.0792,2
2020-05-26,1.5636363636363635,0.27687272727272727,-0.11876363636363636,46.709090909090904,0.0779,2
2020-05-27,3.4454545454545453,0.27644545454545455,-0.1183090909090909,46.518181818181816,0.0715,2
2020-05-28,4.088181818181818,0.28093636363636365,-0.09762727272727273,46.6,0.0323,1
2020-05-29,4.085454545454545,0.2923545454545455,-0.10539090909090909,46.45454545454545,0.0687,1
2020-05-30,4.702727272727273,0.2908545454545455,-0.08142727272727272,46.68181818181818,0.1499,2
2020-05-31,1.8990909090909092,0.29487272727272723,-0.10268181818181818,46.309090909090905,0.0902,1
2020-06-01,0.5263636363636364,0.29744545454545457,-0.10049090909090909,46.39090909090909,0.0879,2
2020-06-02,1.8990909090909092,0.3024181818181818,-0.0866909090909091,46.14545454545455,0.0701,1
2020-06-03,5.923636363636363,0.3007909090909091,-0.04677272727272727,46.21818181818182,0.0526,1
2020-06-04,4.207272727272727,0.31475454545454545,-0.05054545454545454,46.58181818181818,0.1411,1
2020-06-05,5.368181818181818,0.3165363636363636,-0.028327272727272725,45.96363636363637,0.1273,1
2020-06-06,7.216363636363636,0.31670000000000004,-0.012154545454545453,46.809090909090905,0.1325,1
2020-06-07,1.5718181818181818,0.32463636363636367,-0.06949090909090909,46.300000000000004,0.1538,1
2020-06-08,5.861818181818182,0.349,-0.025745454545454547,46.63636363636363,0.1772,1
2020-06-09,3.158181818181818,0.3383818181818182,-0.037472727272727276,45.872727272727275,0.1416,1
2020-06-10,3.411818181818182,0.33507272727272724,-0.02993636363636364,46.25454545454546,0.1395,1
2020-06-11,4.893636363636364,0.34585454545454547,-0.016063636363636363,46.04545454545455,0.1398,1
2020-06-12,8.41,0.3505909090909091,0.03264545454545454,46.481818181818184,0.1556,1
2020-06-13,5.844545454545455,0.3471181818181818,0.0133,45.38181818181818,0.1789,1
2020-06-14,5.500909090909091,0.3658818181818182,-0.011536363636363633,46.10909090909091,0.1808,1
2020-06-15,5.489090909090909,0.3658454545454546,0.014836363636363635,45.77272727272727,0.2045,1
2020-06-16,9.095454545454546,0.3749909090909091,0.06466363636363637,45.99090909090909,0.1807,1
2020-06-17,13.67909090909091,0.39204545454545453,0.06472727272727273,46.04545454545455,0.2249,0
2020-06-18,8.750909090909092,0.39904545454545454,0.060409090909090905,45.654545454545456,0.2825,1
2020-06-19,5.697272727272727,0.4145090909090909,0.03431818181818182,45.190909090909095,0.2029,0
2020-06-20,11.632727272727273,0.4026181818181818,0.08101818181818182,45.6,0.2583,1
2020-06-21,15.584545454545456,0.4213363636363637,0.10708181818181818,45.1,0.3014,1
2020-06-22,15.100909090909092,0.43695454545454543,0.14713636363636365,44.96363636363637,0.3511,0
2020-06-23,10.172727272727274,0.4389181818181818,0.0838181818181818,45.31818181818182,0.2948,0
2020-06-24,6.502727272727273,0.4510090909090909,0.06778181818181818,45.22727272727273,0.285,1
2020-06-25,14.765454545454544,0.46695454545454546,0.11268181818181819,45.08181818181818,0.2941,0
2020-06-26,5.678181818181819,0.47517272727272725,0.07047272727272727,44.945454545454545,0.2983,1
2020-06-27,13.215454545454547,0.4791636363636364,0.13257272727272726,45.06363636363636,0.3572,1
2020-06-28,5.7327272727272724,0.4715909090909091,0.07421818181818182,44.945454545454545,0.2353,1
2020-06-29,17.126363636363635,0.4935,0.13474545454545453,45.0,0.2595,1
2020-06-30,9.728181818181817,0.49664545454545456,0.11217272727272727,44.28181818181818,0.314,0
2020-07-01,14.735454545454546,0.5084090909090909,0.17435454545454546,43.309090909090905,0.3665,0
2020-07-02,19.967272727272725,0.5338363636363637,0.2079,43.77272727272727,0.4296,0
2020-07-03,26.38272727272727,0.545,0.22011818181818182,43.50909090909091,0.4379,0
2020-07-04,10.636363636363637,0.5418636363636363,0.14677272727272728,43.24545454545454,0.4273,0
2020-07-05,32.48090909090909,0.5550909090909091,0.26841818181818183,43.13636363636363,0.4703,0
2020-07-06,23.534545454545455,0.5733545454545455,0.24158181818181818,43.345454545454544,0.5035,0
2020-07-07,14.844545454545454,0.5621272727272727,0.2043909090909091,42.663636363636364,0.5154,0
2020-07-08,18.104545454545455,0.5669272727272727,0.21113636363636362,43.518181818181816,0.4489,0
2020-07-09,11.860909090909091,0.5761545454545455,0.1755909090909091,42.85454545454545,0.497,0
2020-07-10,19.303636363636365,0.5886363636363636,0.23251818181818182,42.99090909090909,0.5497,0
2020-07-11,11.706363636363637,0.600890909090909,0.1720909090909091,42.47272727272727,0.532,1
2020-07-12,36.70727272727272,0.5937454545454546,0.3070818181818182,42.518181818181816,0.5424,0
2020-07-13,34.846363636363634,0.6135727272727273,0.3223636363636364,42.43636363636364,0.5958,0
2020-07-14,26.029090909090908,0.6261727272727273,0.24730909090909092,42.4,0.5471,0
2020-07-15,24.688181818181818,0.6432181818181818,0.2824090909090909,42.04545454545455,0.6114,0
2020-07-16,42.03272727272727,0.6269272727272728,0.3219181818181818,41.85454545454545,0.6782,0
2020-07-17,52.93636363636363,0.6425818181818183,0.35956363636363636,41.67272727272727,0.7256,0
2020-07-18,45.03727272727273,0.6526727272727273,0.35161818181818183,41.66363636363636,0.7039,0
2020-07-19,25.767272727272726,0.6528181818181819,0.30665454545454546,41.79090909090909,0.7837,0
2020-07-20,20.504545454545454,0.6537999999999999,0.2970363636363636,41.85454545454545,0.7252,0
2020-07-21,25.98818181818182,0.6659909090909091,0.2892,41.49090909090909,0.6901,0
2020-07-22,29.420909090909092,0.6679545454545455,0.33851818181818183,41.41818181818182,0.6666,0
2020-07-23,20.994545454545456,0.6676454545454545,0.3074272727272727,41.29090909090909,0.7371,0
2020-07-24,26.423636363636362,0.6832272727272728,0.3217636363636363,41.23636363636364,0.6832,0
2020-07-25,45.54636363636364,0.677409090909091,0.4151090909090909,41.018181818181816,0.6946,0
2020-07-26,34.67363636363637,0.6821454545454545,0.31485454545454544,40.518181818181816,0.7338,0
2020-07-27,31.59818181818182,0.6828363636363637,0.29011818181818183,40.88181818181818,0.7234,0
2020-07-28,33.25818181818182,0.6880454545454545,0.3738818181818182,40.47272727272727,0.7405,0
2020-07-29,19.348181818181818,0.6873363636363636,0.27553636363636363,39.93636363636364,0.7546,0
2020-07-30,21.094545454545454,0.6949000000000001,0.2856818181818182,40.35454545454545,0.7067,0
2020-07-31,23.28818181818182,0.6916727272727273,0.2942727272727273,40.190909090909095,0.7288,0
2020-08-01,35.71636363636364,0.6982909090909092,0.3345636363636364,40.13636363636363,0.7809,0
2020-08-02,26.923636363636362,0.711690909090909,0.2984727272727273,39.73636363636364,0.7308,0
2020-08-03,14.725454545454545,0.7034727272727272,0.23970000000000002,39.800000000000004,0.6392,0
2020-08-04,23.363636363636363,0.7140909090909091,0.26197272727272725,39.63636363636363,0.6669,0
2020-08-05,36.86909090909091,0.7135363636363636,0.35213636363636364,38.95454545454545,0.7467,0
2020-08-06,31.174545454545456,0.714709090909091,0.34754545454545455,39.45454545454545,0.7531,0
2020-08-07,34.372727272727275,0.7214363636363637,0.35744545454545457,39.6,0.7005,0
2020-08-08,35.22181818181818,0.7253363636363637,0.2919727272727273,39.06363636363636,0.7184,0
2020-08-09,35.01272727272727,0.7111909090909091,0.34384545454545457,39.627272727272725,0.7438,0
2020-08-10,44.482727272727274,0.7261272727272727,0.3427636363636364,39.199999999999996,0.8006,0
2020-08-11,24.386363636363637,0.7274818181818182,0.28953636363636365,38.81818181818182,0.7379,0
2020-08-12,24.974545454545453,0.7225636363636364,0.28834545454545457,38.872727272727275,0.6787,0
2020-08-13,37.45272727272727,0.7287363636363636,0.33836363636363637,38.336363636363636,0.7548,0
2020-08-14,7.829999999999999,0.7309727272727272,0.1733909090909091,38.64545454545455,0.7028,0
2020-08-15,16.034545454545455,0.7250727272727273,0.21539090909090908,38.78181818181818,0.7153,0
2020-08-16,16.04,0.7297545454545454,0.20184545454545455,38.26363636363636,0.6496,0
2020-08-17,16.95,0.7303818181818182,0.2518909090909091,37.800000000000004,0.6296,0
2020-08-18,27.940909090909088,0.7311636363636363,0.2863090909090909,38.21818181818182,0.6425,0
2020-08-19,18.80181818181818,0.7302545454545455,0.23864545454545458,38.22727272727273,0.5919,0
2020-08-20,30.39909090909091,0.7277545454545454,0.28202727272727274,37.845454545454544,0.5783,0
2020-08-21,13.332727272727272,0.7325727272727274,0.17823636363636364,37.96363636363637,0.5947,0
2020-08-22,24.453636363636363,0.7311545454545455,0.20668181818181816,37.89090909090909,0.6158,0
2020-08-23,16.416363636363634,0.7266818181818182,0.216,37.481818181818184,0.622,0
2020-08-24,18.77090909090909,0.7240545454545454,0.2289818181818182,37.699999999999996,0.5701,0
2020-08-25,20.14181818181818,0.735890909090909,0.1707,37.50909090909091,0.542,0
2020-08-26,25.34909090909091,0.7317454545454546,0.26237272727272726,37.72727272727273,0.5709,0
2020-08-27,16.508181818181818,0.7288636363636364,0.1820363636363636,37.77272727272727,0.5913,0
2020-08-28,19.079090909090908,0.7338272727272728,0.20756363636363637,37.445454545454545,0.6028,0
2020-08-29,6.441818181818181,0.7294,0.0998181818181818,37.08181818181818,0.4841,0
2020-08-30,4.280909090909091,0.7273454545454545,0.061454545454545456,37.163636363636364,0.4729,0
2020-08-31,4.997272727272728,0.7182818181818182,0.060718181818181824,37.60909090909091,0.4344,0
2020-09-01,3.5945454545454543,0.7241545454545455,0.04477272727272727,37.14545454545455,0.3986,0
2020-09-02,20.002727272727274,0.7187818181818182,0.1390909090909091,36.47272727272727,0.3802,0
2020-09-03,10.10909090909091,0.7235,0.07901818181818182,37.09090909090909,0.3338,0
2020-09-04,6.901818181818182,0.7155181818181818,0.05066363636363636,36.6,0.3273,0
2020-09-05,8.77,0.7209090909090908,0.0742,36.981818181818184,0.301,0
2020-09-06,8.50090909090909,0.7157818181818182,0.0598909090909091,36.61818181818182,0.3429,0
2020-09-07,7.72,0.709809090909091,0.06193636363636364,36.300000000000004,0.3985,0
2020-09-08,5.531818181818182,0.7175454545454546,0.03618181818181819,36.68181818181818,0.3879,0
2020-09-09,6.538181818181818,0.7107363636363636,0.034536363636363636,36.86363636363637,0.314,0
2020-09-10,3.8881818181818186,0.7092454545454546,0.010436363636363636,36.43636363636364,0.2842,0
2020-09-11,7.270909090909091,0.7014272727272727,0.03723636363636364,36.67272727272728,0.2761,0
2020-09-12,2.3836363636363633,0.6921363636363637,-0.017218181818181817,36.5,0.2976,0
2020-09-13,6.511818181818182,0.6998090909090909,0.020963636363636365,36.663636363636364,0.322,0
2020-09-14,4.708181818181818,0.6839,-0.0019090909090909095,36.50909090909091,0.2763,0
2020-09-15,3.5736363636363637,0.687209090909091,-0.019036363636363636,36.31818181818182,0.2758,0
2020-09-16,7.507272727272727,0.6747727272727273,0.01061818181818182,35.79090909090909,0.2869,0
2020-09-17,4.508181818181819,0.6861454545454545,-0.016136363636363633,36.0,0.2677,0
2020-09-18,2.524545454545455,0.6643909090909091,-0.03830909090909091,35.981818181818184,0.2307,0
2020-09-19,0.8472727272727273,0.6507090909090909,-0.06249090909090909,36.22727272727273,0.2442,0
2020-09-20,12.606363636363636,0.6479,0.04331818181818182,36.31818181818182,0.2637,0
2020-09-21,4.039090909090909,0.6429272727272728,-0.04872727272727273,36.127272727272725,0.2644,0
2020-09-22,1.7200000000000002,0.6332727272727273,-0.06760909090909091,35.75454545454546,0.2242,0
2020-09-23,2.080909090909091,0.6268727272727272,-0.07816363636363637,35.75454545454546,0.2235,0
2020-09-24,1.9454545454545453,0.6021545454545455,-0.0688909090909091,35.663636363636364,0.2134,0
2020-09-25,1.8881818181818182,0.5942090909090909,-0.08851818181818182,35.88181818181818,0.2152,0
2020-09-26,0.0,0.5942727272727273,-0.09549090909090908,35.75454545454546,0.225,0
2020-09-27,2.300909090909091,0.5728727272727273,-0.08575454545454546,35.4,0.1888,0
2020-09-28,3.1845454545454546,0.5694181818181818,-0.07534545454545455,35.809090909090905,0.1766,0
2020-09-29,2.511818181818182,0.5702727272727273,-0.0950909090909091,35.38181818181818,0.1803,0
2020-09-30,0.5736363636363636,0.5671272727272728,-0.10991818181818182,35.10909090909091,0.193,0
2020-10-01,1.018181818181818,0.5666636363636364,-0.10627272727272728,35.45454545454545,0.1499,0
2020-10-02,0.3463636363636364,0.5382454545454546,-0.1276090909090909,35.10909090909091,0.1895,0
2020-10-03,0.9109090909090909,0.5347818181818181,-0.1329909090909091,34.93636363636364,0.1207,0
2020-10-04,0.2590909090909091,0.5304454545454544,-0.11342727272727272,35.27272727272727,0.1806,0
2020-10-05,0.0,0.5198,-0.12813636363636363,35.04545454545455,0.1637,0
2020-10-06,0.8509090909090908,0.508990909090909,-0.11439090909090908,34.836363636363636,0.2108,0
2020-10-07,3.13,0.5066363636363637,-0.10357272727272727,35.199999999999996,0.1389,0
2020-10-08,3.147272727272727,0.4989545454545455,-0.11215454545454545,34.72727272727273,0.1625,0
2020-10-09,2.7454545454545456,0.48572727272727273,-0.1096,34.809090909090905,0.1505,0
2020-10-10,1.1727272727272726,0.4771909090909091,-0.13798181818181818,34.809090909090905,0.1941,0
2020-10-11,0.3109090909090909,0.4756090909090909,-0.13902727272727275,34.28181818181818,0.1823,0
2020-10-12,0.38818181818181813,0.4821818181818182,-0.12455454545454546,34.81818181818182,0.2154,0
2020-10-13,0.0,0.45819999999999994,-0.14267272727272726,34.43636363636364,0.1633,0
2020-10-14,1.0263636363636364,0.45934545454545456,-0.13870909090909092,34.654545454545456,0.139,0
2020-10-15,0.37000000000000005,0.4557,-0.13927272727272727,34.42727272727273,0.246,0
2020-10-16,0.53,0.4386818181818182,-0.1464909090909091,34.54545454545455,0.167,1
2020-10-17,0.06818181818181818,0.4358909090909091,-0.1450909090909091,34.445454545454545,0.1946,1
2020-10-18,0.19363636363636363,0.4430818181818182,-0.15308181818181818,34.445454545454545,0.1621,0
2020-10-19,0.2545454545454545,0.4199636363636364,-0.15266363636363636,34.28181818181818,0.1429,1
2020-10-20,0.14363636363636365,0.41482727272727277,-0.14579090909090908,34.190909090909095,0.157,1
2020-10-21,0.06727272727272728,0.41542727272727276,-0.16352727272727272,34.22727272727273,0.1162,1
2020-10-22,0.0,0.40760909090909087,-0.1585909090909091,34.53636363636363,0.1607,1
2020-10-23,0.49090909090909096,0.39220909090909095,-0.1494909090909091,34.29090909090909,0.1586,1
2020-10-24,0.0,0.38774545454545456,-0.16247272727272727,34.06363636363636,0.1316,1
2020-10-25,0.0,0.38187272727272725,-0.16370909090909092,33.90909090909091,0.1706,1
2020-10-26,0.27181818181818185,0.38982727272727274,-0.15348181818181816,33.981818181818184,0.1866,1
2020-10-27,0.17,0.3690090909090909,-0.1486909090909091,34.199999999999996,0.1062,1
2020-10-28,0.0,0.3643363636363636,-0.1672818181818182,34.40909090909091,0.1298,1
2020-10-29,0.0,0.3648818181818182,-0.16890909090909093,34.21818181818182,0.1306,1
2020-10-30,0.44636363636363635,0.35759090909090907,-0.1471,34.70909090909091,0.1019,1
2020-10-31,0.0,0.34743636363636365,-0.16446363636363637,33.9,0.1425,1
2020-11-01,0.03636363636363637,0.3464181818181818,-0.4021272727272727,33.71818181818182,0.1444,1
2020-11-02,0.0,0.3497,-0.3911,33.79090909090909,0.127,1
2020-11-03,0.034545454545454546,0.3371363636363636,-0.3864,33.99090909090909,0.1282,2
2020-11-04,0.0,0.3316090909090909,-0.3885454545454545,33.52727272727273,0.1141,1
2020-11-05,0.0809090909090909,0.33233636363636365,-0.3790272727272727,33.41818181818182,0.1394,1
2020-11-06,0.0,0.33344545454545454,-0.3962818181818182,33.90909090909091,0.0604,2
2020-11-07,0.06454545454545454,0.32520909090909095,-0.4313636363636364,33.872727272727275,0.1036,2
2020-11-08,0.0,0.3184545454545455,-0.3628181818181818,34.345454545454544,0.091,1
2020-11-09,0.02909090909090909,0.31426363636363636,-0.37836363636363635,33.35454545454545,0.1329,1
2020-11-10,0.04181818181818182,0.31880000000000003,-0.39497272727272725,33.74545454545454,0.0922,2
2020-11-11,0.1409090909090909,0.30518181818181817,-0.3801909090909091,33.663636363636364,0.1315,2
2020-11-12,0.007272727272727273,0.30821818181818184,-0.3678909090909091,33.56363636363636,0.0737,1
2020-11-13,0.0,0.30424545454545454,-0.3829545454545455,33.52727272727273,0.0994,2
2020-11-14,0.026363636363636363,0.2877909090909091,-0.38933636363636365,33.663636363636364,0.1626,2
2020-11-15,0.0,0.29150000000000004,-0.39586363636363636,33.445454545454545,0.1308,2
2020-11-16,0.0,0.29147272727272727,-0.3867181818181818,33.88181818181818,0.1117,2
2020-11-17,0.0,0.2881,-0.4174181818181818,33.6,0.0584,2
2020-11-18,0.015454545454545455,0.2850909090909091,-0.40600909090909093,33.47272727272727,0.0417,2
2020-11-19,0.0,0.2847909090909091,-0.39584545454545456,33.76363636363636,0.153,2
2020-11-20,0.0,0.2844454545454545,-0.3992818181818182,33.76363636363636,0.1114,2
2020-11-21,0.0,0.2762,-0.38442727272727273,33.345454545454544,0.102,2
2020-11-22,0.010909090909090908,0.28059999999999996,-0.40284545454545456,33.690909090909095,0.1649,2
2020-11-23,0.0,0.27559090909090905,-0.4143818181818182,33.97272727272727,0.1623,2
2020-11-24,0.0,0.27154545454545453,-0.35915454545454545,33.75454545454546,0.1475,2
2020-11-25,0.0,0.2690727272727273,-0.4097,34.02727272727273,0.0958,2
2020-11-26,0.01,0.26903636363636363,-0.4054727272727273,33.11818181818182,0.1259,2
2020-11-27,0.024545454545454547,0.25732727272727274,-0.3894272727272727,33.54545454545455,0.1497,2
2020-11-28,0.004545454545454546,0.2653727272727273,-0.38160000000000005,33.872727272727275,0.1459,2
2020-11-29,0.006363636363636364,0.26649999999999996,-0.36004545454545456,33.56363636363636,0.1035,2
2020-11-30,0.008181818181818182,0.24995454545454543,-0.4170090909090909,33.46363636363637,0.1492,2
2020-12-01,0.03909090909090909,0.2545363636363636,-0.4087363636363637,33.86363636363637,0.163,2
2020-12-02,0.01636363636363636,0.24818181818181817,-0.3881545454545455,33.47272727272727,0.1597,2
2020-12-03,0.0,0.26325454545454546,-0.3807272727272727,34.29090909090909,0.1037,2
2020-12-04,0.0,0.25601818181818187,-0.36888181818181814,33.61818181818182,0.0594,2
2020-12-05,0.0,0.24855454545454544,-0.3697,33.89090909090909,0.0866,2
2020-12-06,0.0,0.24869090909090907,-0.39030909090909094,34.02727272727273,0.081,2
2020-12-07,0.06636363636363636,0.25349090909090904,-0.38550909090909086,34.21818181818182,0.0415,2
2020-12-08,0.0,0.2519636363636364,-0.38594545454545454,34.35454545454545,0.0515,2
2020-12-09,0.0,0.2465818181818182,-0.4356363636363636,34.154545454545456,0.1043,2
2020-12-10,0.0,0.25185454545454544,-0.41346363636363637,34.6,0.1117,2
2020-12-11,0.0,0.2600636363636364,-0.4287,34.5,0.0904,2
2020-12-12,0.018181818181818184,0.24024545454545454,-0.4223909090909091,34.35454545454545,0.1104,2
2020-12-13,0.02727272727272727,0.24336363636363637,-0.41906363636363636,34.654545454545456,0.0768,2
2020-12-14,0.0,0.24564545454545453,-0.40414545454545453,34.06363636363636,0.1376,2
2020-12-15,0.04363636363636364,0.24044545454545452,-0.38031818181818183,34.08181818181818,0.0876,2
2020-12-16,0.1409090909090909,0.24774545454545455,-0.3965272727272727,34.300000000000004,0.1053,2
2020-12-17,0.0,0.23935454545454543,-0.38875454545454546,34.336363636363636,0.0481,2
2020-12-18,0.049090909090909095,0.21989999999999998,-0.37634545454545454,34.663636363636364,0.0804,2
2020-12-19,0.0,0.2354181818181818,-0.3724545454545454,34.127272727272725,0.1476,2
2020-12-20,0.0,0.2423909090909091,-0.3972,34.35454545454545,0.1224,2
2020-12-21,0.0,0.23679090909090908,-0.3781363636363636,34.1,0.1407,2
2020-12-22,0.034545454545454546,0.23644545454545451,-0.4035,34.49090909090909,0.0797,2
2020-12-23,0.0,0.22108181818181818,-0.38574545454545456,34.73636363636364,0.1103,2
2020-12-24,0.0,0.2282909090909091,-0.41107272727272726,34.77272727272727,0.0858,2
2020-12-25,0.0,0.2444909090909091,-0.3710727272727273,35.127272727272725,0.1141,2
2020-12-26,0.0,0.2313909090909091,-0.4028727272727273,35.06363636363636,0.0478,2
2020-12-27,0.004545454545454546,0.22928181818181817,-0.41679090909090905,34.872727272727275,0.1381,2
2020-12-28,0.0,0.23497272727272725,-0.39030000000000004,35.31818181818182,0.0982,2
2020-12-29,0.035454545454545454,0.22398181818181817,-0.44860000000000005,34.9,0.1168,2
2020-12-30,0.002727272727272727,0.22802727272727275,-0.40349090909090907,35.127272727272725,0.0268,2
2020-12-31,0.06363636363636363,0.22845454545454544,-0.3729090909090909,35.10909090909091,0.0595,2
2021-01-01,0.07272727272727274,0.22875454545454546,-0.40535454545454547,35.06363636363636,0.1281,2
2021-01-02,0.04818181818181819,0.2233090909090909,-0.39087272727272726,35.50909090909091,0.0763,2
2021-01-03,0.1390909090909091,0.2309,-0.3837363636363636,35.14545454545455,0.0344,2
2021-01-04,0.10181818181818182,0.23583636363636365,-0.40184545454545456,35.59090909090909,0.0897,2
2021-01-05,0.057272727272727274,0.22033636363636366,-0.4021909090909091,35.163636363636364,0.1253,2
2021-01-06,0.0,0.22975454545454543,-0.4153545454545455,36.0,0.1551,2
2021-01-07,0.0,0.22925454545454543,-0.38413636363636366,35.42727272727273,0.0718,2
2021-01-08,0.07272727272727274,0.2358818181818182,-0.3976272727272727,35.836363636363636,0.0678,2
2021-01-09,0.0,0.22163636363636366,-0.41099090909090913,35.95454545454545,0.0644,2
2021-01-10,0.09363636363636364,0.2205,-0.3675181818181818,35.89090909090909,0.145,2
2021-01-11,0.03909090909090909,0.2230090909090909,-0.40513636363636363,35.872727272727275,0.1198,2
2021-01-12,0.0,0.2279545454545455,-0.39719090909090904,36.1,0.0669,2
2021-01-13,0.0,0.21827272727272726,-0.4137454545454545,35.918181818181814,0.0789,2
2021-01-14,0.04090909090909091,0.22094545454545456,-0.36229090909090905,36.42727272727273,0.1025,2
2021-01-15,0.12272727272727274,0.2272909090909091,-0.38789999999999997,36.42727272727273,0.0767,2
2021-01-16,0.04,0.22516363636363634,-0.4222181818181818,36.52727272727273,0.1256,2
2021-01-17,0.002727272727272727,0.22966363636363638,-0.45025454545454546,36.81818181818182,0.1368,2
2021-01-18,0.0,0.21374545454545454,-0.37319090909090913,36.554545454545455,0.105,2
2021-01-19,0.0,0.22764545454545457,-0.4304545454545455,36.518181818181816,0.0477,2
2021-01-20,0.015454545454545453,0.2324272727272727,-0.41229090909090904,36.53636363636363,0.0541,2
2021-01-21,0.0,0.22132727272727273,-0.41970909090909087,36.76363636363636,0.0806,2
2021-01-22,0.0,0.22325454545454546,-0.3806727272727273,37.26363636363636,0.0887,2
2021-01-23,0.06454545454545456,0.22554545454545452,-0.4159909090909091,37.64545454545454,0.141,2
2021-01-24,0.09,0.2242727272727273,-0.3785454545454545,36.89090909090909,0.0568,2
2021-01-25,0.0,0.2236090909090909,-0.41048181818181817,36.72727272727273,0.0697,2
2021-01-26,0.2736363636363636,0.2335909090909091,-0.42189090909090904,37.690909090909095,0.0321,2
2021-01-27,0.0,0.2265181818181818,-0.3947909090909091,37.81818181818182,0.0722,2
2021-01-28,0.0,0.22173636363636362,-0.40444545454545455,37.75454545454546,0.0198,2
2021-01-29,0.0,0.22897272727272727,-0.37788181818181815,37.29090909090909,0.0847,2
2021-01-30,0.049090909090909095,0.22926363636363636,-0.38673636363636366,37.5,0.1205,2
2021-01-31,0.0,0.21494545454545452,-0.4241454545454546,37.81818181818182,0.0401,2
2021-02-01,0.0,0.22665454545454544,-0.40303636363636364,37.872727272727275,0.056,2
2021-02-02,0.0,0.22660909090909093,-0.42317272727272726,38.11818181818182,0.1056,2
2021-02-03,0.042727272727272725,0.2226909090909091,-0.3829181818181819,38.28181818181818,0.0827,2
2021-02-04,0.0,0.22761818181818183,-0.4304636363636364,38.28181818181818,0.0298,2
2021-02-05,0.0,0.23047272727272727,-0.3806090909090909,38.82727272727273,0.0516,2
2021-02-06,0.0,0.23123636363636366,-0.4032545454545455,38.28181818181818,0.0586,2
2021-02-07,0.0,0.2208,-0.42989999999999995,38.41818181818182,0.0719,2
2021-02-08,0.0,0.2213,-0.3927454545454545,38.74545454545454,0.0376,2
2021-02-09,0.010909090909090908,0.2259818181818182,-0.40657272727272725,39.0,0.0639,2
2021-02-10,0.04,0.23585454545454548,-0.38130000000000003,38.52727272727273,0.1329,2
2021-02-11,0.0,0.22422727272727272,-0.40455454545454544,39.0,0.1197,2
2021-02-12,0.02181818181818182,0.22219090909090908,-0.39735454545454546,39.018181818181816,0.0717,2
2021-02-13,0.0,0.22325454545454546,-0.3750363636363636,38.627272727272725,0.0795,2
2021-02-14,0.08636363636363636,0.22455454545454545,-0.4102363636363636,39.190909090909095,0.06,2
2021-02-15,0.13363636363636364,0.2268090909090909,-0.3914454545454546,39.481818181818184,0.0412,2
2021-02-16,0.0990909090909091,0.2193272727272727,-0.39719090909090904,39.91818181818182,0.0434,2
2021-02-17,0.0,0.21959090909090911,-0.42081818181818176,39.4,0.0,2
2021-02-18,0.015454545454545455,0.22292727272727272,-0.3875363636363636,39.63636363636363,0.0666,2
2021-02-19,0.0,0.2243363636363636,-0.4084,40.27272727272727,0.0423,2
2021-02-20,0.02727272727272727,0.22375454545454546,-0.4394727272727273,39.6,0.0108,2
2021-02-21,0.08272727272727272,0.22388181818181818,-0.37312727272727275,39.836363636363636,0.0748,2
2021-02-22,0.1318181818181818,0.22345454545454546,-0.41696363636363637,40.018181818181816,0.0589,2
2021-02-23,0.00818181818181818,0.2296090909090909,-0.39711818181818176,40.163636363636364,0.0178,2
2021-02-24,0.03272727272727273,0.22307272727272728,-0.41367272727272725,40.61818181818182,0.0605,2
2021-02-25,0.0890909090909091,0.22955454545454546,-0.40363636363636357,40.35454545454546,0.0175,2
2021-02-26,0.05181818181818181,0.22753636363636362,-0.39290909090909093,40.26363636363636,0.0098,2
2021-02-27,0.0,0.2230181818181818,-0.42251818181818185,40.518181818181816,0.0542,2
2021-02-28,0.018181818181818184,0.2295,-0.41500000000000004,40.50909090909091,0.0443,2
2021-03-01,0.0,0.21717272727272727,-0.38224545454545455,41.03636363636363,0.0658,2
2021-03-02,0.0,0.2270818181818182,-0.42330909090909086,41.13636363636363,0.001,2
2021-03-03,0.0009090909090909091,0.22585454545454545,-0.4013363636363636,41.24545454545454,0.0276,2
2021-03-04,0.0,0.23343636363636364,-0.3934090909090909,40.981818181818184,0.0,2
2021-03-05,0.002727272727272727,0.22869090909090908,-0.41858181818181817,41.690909090909095,0.0286,2
2021-03-06,0.0,0.23005454545454543,-0.41805454545454546,41.554545454545455,0.0771,2
2021-03-07,0.0018181818181818182,0.21531818181818183,-0.4053181818181818,41.372727272727275,0.0067,2
2021-03-08,0.0,0.22999999999999998,-0.4196818181818182,41.836363636363636,0.0863,2
2021-03-09,0.0,0.22987272727272726,-0.3857090909090909,41.336363636363636,0.0547,2
2021-03-10,0.0,0.2249,-0.41638181818181813,41.690909090909095,0.0645,2
2021-03-11,0.0,0.22642727272727273,-0.38313636363636366,41.56363636363636,0.0597,2
2021-03-12,0.0036363636363636364,0.23326363636363637,-0.36267272727272726,42.00909090909091,0.05,2
2021-03-13,0.0009090909090909091,0.2370727272727273,-0.3759181818181819,41.70909090909091,0.024,2
2021-03-14,0.0,0.21922727272727274,-0.38325454545454546,42.14545454545455,0.0253,2
2021-03-15,0.0,0.2255090909090909,-0.4237636363636364,42.76363636363636,0.0546,2
2021-03-16,0.0,0.23147272727272725,-0.3881272727272727,42.26363636363636,0.0276,2
2021-03-17,0.0,0.22222727272727275,-0.4052,43.14545454545455,0.0,2
2021-03-18,0.0009090909090909091,0.22616363636363637,-0.4352272727272727,42.71818181818182,0.0,2
2021-03-19,0.002727272727272727,0.22265454545454544,-0.3853,42.40909090909091,0.0894,2
2021-03-20,0.0,0.22050909090909093,-0.40243636363636365,42.61818181818182,0.0545,2
2021-03-21,0.0,0.22945454545454547,-0.39949999999999997,43.0,0.0207,2
2021-03-22,0.0,0.22443636363636363,-0.43821818181818184,42.72727272727273,0.0045,2
2021-03-23,0.0,0.22186363636363637,-0.4196363636363636,42.73636363636364,0.0146,2
2021-03-24,0.0,0.23452727272727272,-0.3601636363636364,43.13636363636363,0.0258,2
2021-03-25,0.0,0.23743636363636364,-0.39632727272727275,43.02727272727273,0.0,2
2021-03-26,0.0,0.22880909090909093,-0.3811,43.79090909090909,0.0,2
2021-03-27,0.0,0.23045454545454547,-0.41400000000000003,43.13636363636363,0.0,2
2021-03-28,0.0018181818181818182,0.22321818181818182,-0.4210181818181818,43.4,0.0,2
2021-03-29,0.0,0.22666363636363637,-0.40295454545454545,43.67272727272727,0.0,2
2021-03-30,0.005454545454545454,0.2303090909090909,-0.3968,43.23636363636364,0.016,2
2021-03-31,0.024545454545454547,0.2148090909090909,-0.38573636363636365,43.52727272727273,0.0126,2
2021-04-01,0.8509090909090908,0.2329,-0.38514545454545457,44.89090909090909,0.0,2
2021-04-02,0.026363636363636367,0.22834545454545455,-0.3712909090909091,44.699999999999996,0.04,2
2021-04-03,0.024545454545454547,0.22322727272727275,-0.3976909090909091,44.345454545454544,0.0,2
2021-04-04,0.47181818181818175,0.22647272727272727,-0.3991272727272727,44.17272727272727,0.0064,2
2021-04-05,0.7254545454545455,0.23989090909090907,-0.3729272727272727,43.90909090909091,0.0,2
2021-04-06,0.8627272727272728,0.23450909090909092,-0.3590363636363636,44.67272727272727,0.0,2
2021-04-07,0.3718181818181818,0.22404545454545455,-0.3587818181818182,44.77272727272727,0.0044,2
2021-04-08,1.0172727272727273,0.22884545454545452,-0.4016818181818182,44.78181818181818,0.0018,2
2021-04-09,0.45454545454545453,0.23577272727272727,-0.3937272727272727,44.52727272727273,0.0475,2
2021-04-10,0.13272727272727272,0.23246363636363637,-0.37661818181818185,44.92727272727273,0.0197,2
2021-04-11,0.3709090909090909,0.23070000000000002,-0.4046181818181818,45.0,0.0421,2
2021-04-12,1.7636363636363634,0.23171818181818182,-0.3815909090909091,45.08181818181818,0.0132,2
2021-04-13,0.0,0.23851818181818182,-0.3786454545454545,44.9,0.0098,2
2021-04-14,0.3172727272727273,0.24286363636363636,-0.3718181818181818,45.54545454545455,0.0,2
2021-04-15,0.2218181818181818,0.2352909090909091,-0.41448181818181823,45.345454545454544,0.0028,2
2021-04-16,0.4763636363636364,0.23722727272727273,-0.3593909090909091,45.45454545454545,0.0,2
2021-04-17,0.08363636363636363,0.24960000000000002,-0.38743636363636363,44.58181818181818,0.0223,2
2021-04-18,0.07,0.24924545454545452,-0.39890000000000003,45.00909090909091,0.007,2
2021-04-19,0.47363636363636363,0.23220909090909092,-0.3832272727272727,45.41818181818182,0.0221,2
2021-04-20,0.5136363636363637,0.23907272727272727,-0.3952727272727273,45.49090909090909,0.0501,2
2021-04-21,0.41363636363636364,0.2445909090909091,-0.37411818181818185,46.190909090909095,0.0278,2
2021-04-22,0.3336363636363636,0.23233636363636362,-0.4027545454545454,45.63636363636363,0.0,2
2021-04-23,1.55,0.23121818181818182,-0.3776,45.36363636363637,0.065,2
2021-04-24,0.5000000000000001,0.23855454545454544,-0.38986363636363636,45.90909090909091,0.0567,2
2021-04-25,1.0445454545454547,0.23806363636363637,-0.3706909090909091,45.57272727272727,0.0945,2
2021-04-26,0.32181818181818184,0.24263636363636365,-0.3896545454545455,46.08181818181818,0.0,2
2021-04-27,0.5354545454545454,0.2388,-0.3892,45.96363636363637,0.0,2
2021-04-28,0.6163636363636363,0.24713636363636365,-0.3978363636363636,45.40909090909091,0.0046,2
2021-04-29,0.12727272727272726,0.2571818181818182,-0.3991181818181818,45.845454545454544,0.0224,2
2021-04-30,0.5481818181818181,0.2407,-0.38080909090909093,45.59090909090909,0.0471,2
2021-05-01,1.3036363636363637,0.24337272727272727,-0.18284545454545453,45.81818181818182,0.0,2
2021-05-02,0.34909090909090906,0.249,-0.1880818181818182,46.39090909090909,0.0524,2
2021-05-03,0.4954545454545455,0.2414272727272727,-0.1866090909090909,45.86363636363637,0.0489,2
2021-05-04,1.169090909090909,0.25120909090909094,-0.17651818181818182,46.23636363636364,0.0692,2
2021-05-05,1.4445454545454546,0.24494545454545455,-0.16825454545454546,45.47272727272727,0.0252,2
2021-05-06,0.42363636363636364,0.2500090909090909,-0.1767,45.45454545454545,0.069,2
2021-05-07,0.03909090909090909,0.25634545454545454,-0.1721,45.699999999999996,0.051,2
2021-05-08,0.053636363636363635,0.25487272727272725,-0.1692090909090909,46.29090909090909,0.0738,2
2021-05-09,0.10818181818181817,0.25281818181818183,-0.17984545454545453,46.163636363636364,0.0,2
2021-05-10,1.25,0.2644818181818182,-0.16978181818181817,45.97272727272727,0.075,2
2021-05-11,0.7363636363636364,0.24964545454545456,-0.16718181818181818,45.96363636363637,0.0441,2
2021-05-12,1.508181818181818,0.2602909090909091,-0.1596,46.345454545454544,0.0604,2
2021-05-13,1.3509090909090908,0.24663636363636365,-0.1711,46.345454545454544,0.0446,2
2021-05-14,0.48727272727272725,0.2686454545454545,-0.1640818181818182,46.53636363636363,0.0696,2
2021-05-15,1.4645454545454546,0.2584454545454546,-0.1517,45.62727272727273,0.0396,2
2021-05-16,2.0936363636363637,0.26853636363636363,-0.14404545454545456,46.345454545454544,0.1061,2
2021-05-17,0.08181818181818182,0.26886363636363636,-0.16603636363636365,46.07272727272727,0.088,2
2021-05-18,0.950909090909091,0.2651454545454545,-0.15031818181818182,46.790909090909096,0.0922,2
2021-05-19,3.6481818181818184,0.2782363636363636,-0.1270181818181818,46.38181818181818,0.1444,1
2021-05-20,2.5872727272727274,0.26633636363636365,-0.11863636363636364,46.29090909090909,0.0595,2
2021-05-21,4.0227272727272725,0.2735909090909091,-0.13594545454545456,45.836363636363636,0.045,2
2021-05-22,3.1036363636363635,0.2751,-0.11657272727272727,46.1,0.0122,2
2021-05-23,1.2690909090909093,0.2811818181818182,-0.14158181818181817,45.81818181818182,0.0606,1
2021-05-24,1.4800000000000002,0.2807909090909091,-0.13395454545454547,46.1,0.0567,2
2021-05-25,1.9800000000000002,0.28144545454545455,-0.12635454545454544,46.08181818181818,0.1303,2
2021-05-26,1.7245454545454544,0.2947818181818182,-0.11955454545454546,46.5,0.1126,2
2021-05-27,1.9336363636363636,0.28915454545454544,-0.12704545454545454,46.39090909090909,0.0783,2
2021-05-28,1.7554545454545456,0.27758181818181815,-0.12541818181818182,46.690909090909095,0.0977,1
2021-05-29,2.1799999999999997,0.2958090909090909,-0.11362727272727273,46.1,0.0628,1
2021-05-30,3.6763636363636363,0.2883090909090909,-0.0871909090909091,46.10909090909091,0.1409,1
2021-05-31,7.869999999999999,0.28857272727272726,-0.03844545454545455,46.4,0.1278,1
2021-06-01,4.61090909090909,0.3099363636363636,-0.0559,45.809090909090905,0.1066,1
2021-06-02,5.443636363636363,0.3035181818181818,-0.052281818181818186,46.23636363636364,0.1046,1
2021-06-03,2.8018181818181818,0.31480909090909087,-0.0697,45.92727272727273,0.1209,1
2021-06-04,7.1890909090909085,0.33289090909090907,-0.03874545454545454,46.1,0.1898,1
2021-06-05,5.039090909090909,0.31835454545454545,-0.050963636363636364,45.99090909090909,0.1581,1
2021-06-06,4.015454545454546,0.3272090909090909,-0.05690909090909091,45.73636363636364,0.1643,1
2021-06-07,4.349090909090909,0.3352090909090909,-0.05091818181818182,45.95454545454545,0.187,1
2021-06-08,4.698181818181818,0.34400909090909093,-0.03438181818181818,45.38181818181818,0.1215,1
2021-06-09,5.991818181818181,0.3593909090909091,-0.014354545454545453,45.75454545454546,0.1449,1
2021-06-10,8.850000000000001,0.3674818181818182,-0.023081818181818183,45.654545454545456,0.2378,1
2021-06-11,8.42818181818182,0.3629090909090909,0.00724545454545455,45.64545454545455,0.132,1
2021-06-12,3.18,0.37623636363636365,-0.03617272727272727,45.71818181818182,0.1568,1
2021-06-13,1.039090909090909,0.3605454545454545,-0.04542727272727273,46.06363636363636,0.1515,1
2021-06-14,10.201818181818181,0.38280909090909093,0.04140909090909091,46.018181818181816,0.204,1
2021-06-15,12.138181818181817,0.38572727272727275,0.027763636363636365,45.29090909090909,0.2344,1
2021-06-16,1.9872727272727273,0.3949818181818182,-0.029609090909090908,45.27272727272727,0.1961,1
2021-06-17,7.711818181818182,0.4011181818181818,0.03432727272727273,45.77272727272727,0.2031,0
2021-06-18,10.112727272727271,0.3997363636363636,0.04887272727272727,45.82727272727273,0.2231,1
2021-06-19,16.700909090909093,0.4199636363636364,0.12615454545454546,45.04545454545455,0.3276,0
2021-06-20,10.06,0.4272181818181818,0.058945454545454544,45.4,0.2613,1
2021-06-21,5.115454545454546,0.41853636363636365,0.014963636363636361,45.14545454545455,0.2267,0
2021-06-22,9.43,0.4395818181818182,0.07828181818181817,44.85454545454545,0.2595,1
2021-06-23,15.461818181818181,0.45449090909090906,0.1114818181818182,44.72727272727273,0.3416,0
2021-06-24,9.160909090909092,0.4606818181818182,0.07407272727272728,45.40909090909091,0.3214,1
2021-06-25,7.328181818181818,0.45322727272727276,0.06552727272727273,45.06363636363636,0.2699,0
2021-06-26,24.403636363636362,0.4839272727272727,0.17524545454545454,44.67272727272727,0.3311,1
2021-06-27,15.958181818181817,0.48993636363636367,0.14702727272727273,44.654545454545456,0.365,0
2021-06-28,10.924545454545454,0.4985090909090909,0.10671818181818181,44.73636363636364,0.3465,0
2021-06-29,10.925454545454546,0.5126545454545455,0.11502727272727274,44.57272727272727,0.3417,0
2021-06-30,9.708181818181819,0.5108999999999999,0.11278181818181818,44.49090909090909,0.3896,1
2021-07-01,15.121818181818183,0.5189636363636363,0.17115454545454545,43.38181818181818,0.3887,0
2021-07-02,29.837272727272726,0.5453272727272727,0.2119090909090909,43.17272727272727,0.4577,0
2021-07-03,49.21363636363637,0.5573454545454545,0.32243636363636363,43.23636363636364,0.569,0
2021-07-04,12.795454545454545,0.5704090909090909,0.1706,43.36363636363637,0.5043,0
2021-07-05,16.75181818181818,0.5799363636363636,0.21349090909090906,43.63636363636363,0.5689,0
2021-07-06,17.568181818181817,0.5922909090909091,0.22216363636363637,43.27272727272727,0.5603,0
2021-07-07,9.173636363636364,0.5869181818181818,0.13968181818181818,43.1,0.5906,1
2021-07-08,29.360909090909093,0.6097272727272727,0.31019090909090913,42.68181818181818,0.6346,0
2021-07-09,23.320909090909087,0.6229363636363636,0.2385818181818182,42.654545454545456,0.5375,0
2021-07-10,37.81181818181818,0.6214454545454546,0.3306636363636363,42.699999999999996,0.5566,0
2021-07-11,30.204545454545453,0.6226272727272728,0.2954272727272727,42.85454545454545,0.6012,0
2021-07-12,38.051818181818184,0.635190909090909,0.2903454545454545,42.372727272727275,0.6237,0
2021-07-13,22.982727272727274,0.6480090909090909,0.24148181818181816,42.4,0.6832,0
2021-07-14,34.75454545454546,0.6656545454545455,0.34453636363636364,42.154545454545456,0.7463,0
2021-07-15,11.228181818181817,0.6542636363636364,0.19506363636363638,41.86363636363637,0.7385,0
2021-07-16,41.24727272727272,0.6661909090909091,0.3340090909090909,42.11818181818182,0.7381,0
2021-07-17,21.695454545454545,0.6771636363636364,0.3050818181818182,42.28181818181818,0.7297,0
2021-07-18,17.54090909090909,0.671209090909091,0.2662,41.57272727272727,0.6727,0
2021-07-19,41.38727272727272,0.6740636363636363,0.3767,41.86363636363637,0.6648,0
2021-07-20,25.821818181818177,0.6704454545454546,0.25736363636363635,41.309090909090905,0.6701,0
2021-07-21,27.621818181818185,0.6872636363636363,0.30472727272727274,41.654545454545456,0.7163,0
2021-07-22,40.50909090909091,0.6922454545454545,0.4154818181818181,41.81818181818182,0.7075,0
2021-07-23,37.416363636363634,0.684409090909091,0.35765454545454545,41.4,0.6965,0
2021-07-24,66.33,0.6943636363636364,0.4347454545454545,40.95454545454545,0.7366,0
2021-07-25,26.234545454545454,0.6926454545454545,0.3453272727272727,40.96363636363637,0.6929,0
2021-07-26,49.92272727272727,0.7059272727272727,0.41352727272727274,41.04545454545455,0.7873,0
2021-07-27,53.93363636363636,0.7133727272727273,0.40080000000000005,40.60909090909091,0.7606,0
2021-07-28,34.57636363636363,0.7093454545454545,0.36705454545454547,40.336363636363636,0.7228,0
2021-07-29,29.25818181818182,0.717709090909091,0.3473818181818182,40.336363636363636,0.7016,0
2021-07-30,26.39090909090909,0.7116363636363636,0.3270909090909091,40.345454545454544,0.6772,0
2021-07-31,43.913636363636364,0.7284363636363637,0.3855,40.1,0.7474,0
2021-08-01,44.06909090909091,0.7295454545454546,0.4082545454545455,39.627272727272725,0.737,0
2021-08-02,40.32545454545454,0.7260727272727272,0.3841181818181818,39.627272727272725,0.7686,0
2021-08-03,50.58818181818182,0.729,0.4216,39.59090909090909,0.7769,0
2021-08-04,36.907272727272726,0.7294272727272727,0.4050090909090909,39.28181818181818,0.7149,0
2021-08-05,33.61636363636364,0.7356545454545454,0.3583,39.47272727272727,0.7212,0
2021-08-06,35.82181818181818,0.7379727272727272,0.35617272727272725,39.309090909090905,0.7862,0
2021-08-07,26.677272727272726,0.7435818181818181,0.3359818181818182,39.50909090909091,0.7266,0
2021-08-08,29.287272727272725,0.7521363636363637,0.3488454545454545,39.03636363636363,0.7338,0
2021-08-09,27.968181818181815,0.7518,0.3215545454545455,38.96363636363636,0.7251,0
2021-08-10,39.594545454545454,0.7441545454545455,0.3865727272727273,39.00909090909091,0.7818,0
2021-08-11,45.22181818181818,0.75,0.37175454545454545,38.75454545454546,0.7596,0
2021-08-12,19.746363636363636,0.7487363636363636,0.3028818181818182,38.81818181818182,0.7366,0
2021-08-13,50.51090909090909,0.7545909090909091,0.37841818181818176,38.99090909090909,0.722,0
2021-08-14,38.341818181818184,0.7503727272727272,0.3787636363636364,38.42727272727273,0.7741,0
2021-08-15,31.425454545454546,0.7549636363636364,0.31930000000000003,38.39090909090909,0.8179,0
2021-08-16,23.27,0.7601636363636364,0.2597181818181818,37.96363636363637,0.7469,0
2021-08-17,48.25,0.7592545454545455,0.29452727272727275,37.73636363636364,0.7685,0
2021-08-18,29.21090909090909,0.7537545454545455,0.25677272727272726,37.97272727272727,0.7462,0
2021-08-19,21.522727272727273,0.7609909090909092,0.24226363636363638,37.77272727272727,0.7255,0
2021-08-20,34.37909090909091,0.7590636363636364,0.3301181818181818,37.92727272727273,0.7506,0
2021-08-21,13.684545454545455,0.7512181818181819,0.19356363636363635,37.4,0.7343,0
2021-08-22,24.12,0.7653454545454547,0.24051818181818183,37.85454545454545,0.7312,0
2021-08-23,17.402727272727272,0.7635363636363636,0.24085454545454546,37.75454545454546,0.6725,0
2021-08-24,23.200909090909093,0.7544272727272727,0.2530454545454546,37.77272727272727,0.6869,0
2021-08-25,13.32090909090909,0.7628636363636364,0.1708909090909091,37.50909090909091,0.586,0
2021-08-26,19.59181818181818,0.7581181818181818,0.24230909090909092,36.77272727272727,0.5871,0
2021-08-27,18.279999999999998,0.7610181818181818,0.20274545454545453,37.38181818181818,0.582,0
2021-08-28,10.752727272727272,0.7610363636363636,0.13875454545454546,36.97272727272727,0.5119,0
2021-08-29,27.155454545454543,0.7576090909090909,0.24483636363636363,37.45454545454545,0.5732,0
2021-08-30,23.83,0.759090909090909,0.20459090909090907,37.190909090909095,0.5449,0
2021-08-31,16.651818181818182,0.7605454545454545,0.18667272727272727,36.89090909090909,0.5458,0
2021-09-01,18.730909090909094,0.7557545454545455,0.19964545454545454,36.63636363636363,0.5833,0
2021-09-02,21.58090909090909,0.7634272727272727,0.21205454545454544,36.89090909090909,0.5891,0
2021-09-03,9.304545454545455,0.7525272727272726,0.0885909090909091,36.64545454545455,0.5185,0
2021-09-04,22.993636363636366,0.756390909090909,0.2032909090909091,36.836363636363636,0.5882,0
2021-09-05,10.358181818181817,0.7531545454545455,0.08177272727272727,36.68181818181818,0.5352,0
2021-09-06,15.362727272727273,0.758109090909091,0.11824545454545454,36.49090909090909,0.4823,0
2021-09-07,5.84909090909091,0.7541636363636364,0.044527272727272735,36.59090909090909,0.4932,0
2021-09-08,5.015454545454546,0.7477454545454546,0.03315454545454546,36.163636363636364,0.4413,0
2021-09-09,6.636363636363637,0.7490181818181818,0.04021818181818181,35.654545454545456,0.4152,0
2021-09-10,5.196363636363636,0.7472181818181819,0.021190909090909094,36.336363636363636,0.3034,0
2021-09-11,15.732727272727272,0.7410363636363637,0.0665,35.92727272727273,0.3177,0
2021-09-12,3.233636363636364,0.7431090909090909,-0.008054545454545453,35.981818181818184,0.3496,0
2021-09-13,3.902727272727273,0.7405090909090909,0.007409090909090907,35.945454545454545,0.3049,0
2021-09-14,4.452727272727272,0.7313636363636363,-0.008945454545454545,35.78181818181818,0.2906,0
2021-09-15,7.405454545454546,0.7166090909090909,0.012481818181818182,36.581818181818186,0.257,0
2021-09-16,8.753636363636362,0.7274545454545455,0.03011818181818182,36.24545454545454,0.3091,0
2021-09-17,3.8072727272727267,0.7129454545454545,-0.03127272727272728,36.32727272727273,0.3245,0
2021-09-18,2.977272727272727,0.7117363636363637,-0.036454545454545455,36.07272727272727,0.2723,0
2021-09-19,4.858181818181818,0.6925727272727272,-0.01471818181818182,35.518181818181816,0.269,0
2021-09-20,4.65,0.6986454545454546,-0.029763636363636367,35.981818181818184,0.252,0
2021-09-21,0.056363636363636366,0.6973909090909091,-0.07113636363636364,36.190909090909095,0.2517,0
2021-09-22,6.151818181818182,0.6982545454545455,-0.0313,36.190909090909095,0.2308,0
2021-09-23,4.252727272727273,0.6792727272727274,-0.03894545454545455,36.18181818181818,0.2519,0
2021-09-24,3.102727272727273,0.6844181818181818,-0.05811818181818182,35.63636363636363,0.1808,0
2021-09-25,4.545454545454546,0.6757,-0.050800000000000005,35.24545454545454,0.1938,0
2021-09-26,2.1345454545454543,0.6655454545454546,-0.07597272727272728,35.872727272727275,0.2963,0
2021-09-27,8.615454545454547,0.6488636363636364,-0.017563636363636368,35.60909090909091,0.2519,0
2021-09-28,5.41,0.6508909090909091,-0.05933636363636363,35.518181818181816,0.2501,0
2021-09-29,1.8581818181818184,0.6345090909090909,-0.1029,35.32727272727273,0.2265,0
2021-09-30,0.5481818181818182,0.6182363636363637,-0.1212090909090909,35.809090909090905,0.2002,0
2021-10-01,2.8018181818181818,0.5966363636363636,-0.09577272727272729,34.91818181818182,0.2427,0
2021-10-02,6.590909090909091,0.5872909090909091,-0.06425454545454545,35.26363636363636,0.1522,0
2021-10-03,4.078181818181818,0.5839,-0.08718181818181818,35.53636363636363,0.2197,0
2021-10-04,2.3936363636363636,0.568309090909091,-0.10423636363636364,35.08181818181818,0.2085,0
2021-10-05,3.8445454545454543,0.5614090909090909,-0.09753636363636363,35.21818181818182,0.2191,0
2021-10-06,0.0,0.5454727272727272,-0.12775454545454545,34.74545454545454,0.2339,0
2021-10-07,0.0,0.5386818181818182,-0.1320090909090909,34.74545454545454,0.2002,0
2021-10-08,1.8372727272727274,0.5323272727272728,-0.12112727272727274,35.018181818181816,0.2028,0
2021-10-09,1.7300000000000002,0.5288818181818182,-0.11968181818181818,35.481818181818184,0.1612,0
2021-10-10,0.5845454545454545,0.5055363636363637,-0.13172727272727272,35.24545454545454,0.1222,0
2021-10-11,0.5881818181818181,0.4937909090909091,-0.14626363636363637,34.54545454545455,0.1856,0
2021-10-12,0.3809090909090909,0.48772727272727273,-0.15257272727272728,35.00909090909091,0.1303,0
2021-10-13,0.0,0.4974,-0.14586363636363636,34.61818181818182,0.1872,0
2021-10-14,1.3445454545454545,0.4799454545454545,-0.1292090909090909,34.86363636363637,0.1585,0
2021-10-15,0.0,0.4678363636363636,-0.15684545454545454,34.76363636363636,0.1579,0
2021-10-16,0.1318181818181818,0.46254545454545454,-0.1491818181818182,34.663636363636364,0.1335,0
2021-10-17,0.27090909090909093,0.4647545454545454,-0.15614545454545456,34.61818181818182,0.1358,0
2021-10-18,0.11727272727272728,0.4455363636363636,-0.14707272727272727,34.61818181818182,0.1646,0
2021-10-19,0.0,0.44362727272727276,-0.15233636363636363,34.58181818181818,0.172,0
2021-10-20,0.1309090909090909,0.43720909090909094,-0.1587,33.91818181818182,0.1134,0
2021-10-21,0.0,0.43752727272727276,-0.16555454545454545,34.32727272727273,0.1866,0
2021-10-22,0.7127272727272728,0.42342727272727276,-0.15104545454545454,34.35454545454545,0.1469,1
2021-10-23,0.2827272727272727,0.4213090909090909,-0.16333636363636364,34.09090909090909,0.1489,0
2021-10-24,0.3318181818181818,0.4149090909090909,-0.15845454545454543,34.61818181818182,0.1901,1
2021-10-25,0.10090909090909092,0.4087363636363637,-0.16782727272727274,34.054545454545455,0.1651,1
2021-10-26,0.09090909090909091,0.39878181818181824,-0.17329090909090908,34.04545454545455,0.1013,1
2021-10-27,0.0,0.3903727272727273,-0.16769090909090908,34.67272727272727,0.0901,1
2021-10-28,0.15636363636363637,0.3986818181818182,-0.17112727272727274,33.91818181818182,0.1553,1
2021-10-29,0.22727272727272727,0.3806272727272727,-0.1665818181818182,33.836363636363636,0.1487,1
2021-10-30,0.060909090909090906,0.3811090909090909,-0.16167272727272727,33.91818181818182,0.1448,1
2021-10-31,0.15272727272727274,0.36757272727272733,-0.15892727272727272,33.43636363636364,0.1041,1
2021-11-01,0.0,0.35208181818181816,-0.4231818181818182,34.20909090909091,0.1222,2
2021-11-02,0.09363636363636364,0.3587,-0.39224545454545456,33.73636363636364,0.1216,1
2021-11-03,0.0,0.3468727272727273,-0.40683636363636366,33.800000000000004,0.1123,1
2021-11-04,0.0,0.34607272727272725,-0.4167272727272728,33.60909090909091,0.0983,2
2021-11-05,0.05181818181818181,0.33784545454545456,-0.3991818181818182,33.163636363636364,0.1231,2
2021-11-06,0.056363636363636366,0.3344,-0.37695454545454543,34.13636363636363,0.0976,1
2021-11-07,0.2681818181818182,0.3230272727272727,-0.35296363636363637,33.71818181818182,0.1727,1
2021-11-08,0.0,0.32584545454545455,-0.36727272727272725,34.08181818181818,0.1923,2
2021-11-09,0.0,0.319,-0.419709090909091,33.38181818181818,0.1538,1
2021-11-10,0.017272727272727273,0.3227090909090909,-0.41757272727272726,33.63636363636363,0.0978,1
2021-11-11,0.0,0.3149818181818182,-0.36607272727272727,33.627272727272725,0.0569,2
2021-11-12,0.10909090909090909,0.31829090909090907,-0.4000727272727273,33.1,0.0611,1
2021-11-13,0.09090909090909091,0.3090272727272727,-0.39942727272727274,33.472727272727276,0.1509,2
2021-11-14,0.0,0.3106090909090909,-0.3961636363636364,33.50909090909091,0.0896,2
2021-11-15,0.0,0.30477272727272725,-0.4004,34.00909090909091,0.1005,2
2021-11-16,0.013636363636363636,0.29195454545454547,-0.3935636363636364,33.72727272727273,0.1578,2
2021-11-17,0.0,0.301,-0.3870181818181818,34.04545454545455,0.1042,2
2021-11-18,0.0,0.29011818181818183,-0.3921272727272727,33.79090909090909,0.0734,2
2021-11-19,0.0,0.28802727272727274,-0.3922818181818182,33.800000000000004,0.1573,2
2021-11-20,0.031818181818181815,0.29126363636363634,-0.3841818181818182,33.627272727272725,0.1523,2
2021-11-21,0.0,0.2890909090909091,-0.38458181818181814,33.9,0.0854,2
2021-11-22,0.0,0.28292727272727275,-0.4328818181818182,34.29090909090909,0.1272,2
2021-11-23,0.022727272727272728,0.2844272727272727,-0.41366363636363634,33.372727272727275,0.0929,2
2021-11-24,0.0036363636363636364,0.2862090909090909,-0.37866363636363637,33.79090909090909,0.1041,2
2021-11-25,0.0,0.2635818181818182,-0.35912727272727274,33.627272727272725,0.1294,2
2021-11-26,0.03818181818181818,0.2753272727272727,-0.3687454545454546,33.627272727272725,0.0919,2
2021-11-27,0.02090909090909091,0.2680909090909091,-0.4000272727272727,33.43636363636364,0.1035,2
2021-11-28,0.0,0.2716272727272727,-0.3871636363636364,33.78181818181818,0.1062,2
2021-11-29,0.0,0.2732090909090909,-0.3583090909090909,34.372727272727275,0.1354,2
2021-11-30,0.006363636363636364,0.2679909090909091,-0.36791818181818187,33.154545454545456,0.1221,2
2021-12-01,0.0,0.2626545454545454,-0.3887909090909091,34.018181818181816,0.0474,2
2021-12-02,0.0,0.27765454545454543,-0.3941181818181818,33.77272727272727,0.1051,2
2021-12-03,0.0,0.25246363636363633,-0.40645454545454546,33.836363636363636,0.0736,2
2021-12-04,0.006363636363636364,0.25065454545454546,-0.37063636363636365,33.71818181818182,0.1172,2
2021-12-05,0.018181818181818184,0.2636181818181818,-0.40034545454545456,33.581818181818186,0.1507,2
2021-12-06,0.0,0.2520636363636364,-0.41669090909090906,34.154545454545456,0.1016,2
2021-12-07,0.0,0.25881818181818184,-0.3791909090909091,33.74545454545454,0.0721,2
2021-12-08,0.005454545454545454,0.2626181818181818,-0.38381818181818184,33.900000000000006,0.0565,2
2021-12-09,0.09636363636363637,0.2534363636363636,-0.41590909090909095,34.35454545454545,0.0941,2
2021-12-10,0.01636363636363636,0.24960909090909092,-0.3987363636363636,34.345454545454544,0.1019,2
2021-12-11,0.0,0.25314545454545456,-0.433,33.95454545454545,0.1202,2
2021-12-12,0.08090909090909092,0.24214545454545452,-0.43086363636363634,34.127272727272725,0.1112,2
2021-12-13,0.013636363636363636,0.24902727272727274,-0.38282727272727274,34.25454545454546,0.0517,2
2021-12-14,0.02909090909090909,0.2535090909090909,-0.39432727272727275,33.945454545454545,0.0617,2
2021-12-15,0.0,0.2439,-0.41281818181818186,34.627272727272725,0.1164,2
2021-12-16,0.0,0.2409,-0.3855272727272727,34.554545454545455,0.1003,2
2021-12-17,0.12090909090909091,0.23979999999999999,-0.41589999999999994,34.32727272727273,0.0611,2
2021-12-18,0.2609090909090909,0.2557181818181818,-0.3799181818181818,34.4,0.0862,2
2021-12-19,0.035454545454545454,0.2457090909090909,-0.3868727272727273,34.28181818181818,0.1257,2
2021-12-20,0.0,0.2454727272727273,-0.4398363636363637,34.46363636363637,0.1481,2
2021-12-21,0.14545454545454548,0.23719090909090906,-0.39458181818181814,34.71818181818182,0.1261,2
2021-12-22,0.031818181818181815,0.23953636363636363,-0.3763727272727273,35.054545454545455,0.1393,2
2021-12-23,0.0,0.23421818181818183,-0.37490909090909086,34.518181818181816,0.1344,2
2021-12-24,0.01636363636363636,0.2360090909090909,-0.40740909090909094,34.654545454545456,0.0345,2
2021-12-25,0.06454545454545456,0.23319090909090912,-0.38876363636363637,34.74545454545454,0.1164,2
2021-12-26,0.03636363636363637,0.2497909090909091,-0.43834545454545454,34.300000000000004,0.103,2
2021-12-27,0.10181818181818182,0.23474545454545453,-0.4261545454545455,34.88181818181818,0.12,2
2021-12-28,0.0,0.23110909090909093,-0.39237272727272726,34.95454545454545,0.0667,2
2021-12-29,0.03090909090909091,0.23629999999999998,-0.40448181818181816,34.52727272727273,0.1117,2
2021-12-30,0.03363636363636364,0.23907272727272727,-0.38919090909090914,35.43636363636364,0.1095,2
2021-12-31,0.0,0.23220909090909092,-0.3892545454545454,35.09090909090909,0.1187,2
2022-01-01,0.0,0.21484545454545456,-0.4052727272727273,35.309090909090905,0.1339,2
2022-01-02,0.13363636363636364,0.20967272727272726,-0.3920363636363637,35.28181818181818,0.1256,2
2022-01-03,0.03090909090909091,0.2307636363636364,-0.40132727272727275,35.24545454545454,0.0646,2
2022-01-04,0.0,0.21623636363636364,-0.41297272727272727,35.518181818181816,0.0764,2
2022-01-05,0.04818181818181819,0.21496363636363636,-0.4129090909090909,35.6,0.119,2
2022-01-06,0.0,0.2214818181818182,-0.3979,35.97272727272727,0.1011,2
2022-01-07,0.009090909090909092,0.2180272727272727,-0.4099727272727272,36.127272727272725,0.1194,2
2022-01-08,0.10363636363636365,0.22597272727272727,-0.39805454545454544,35.81818181818182,0.0887,2
2022-01-09,0.0,0.21621818181818184,-0.4337,35.93636363636364,0.1131,2
2022-01-10,0.01,0.20458181818181817,-0.3813090909090909,35.97272727272727,0.1305,2
2022-01-11,0.0036363636363636364,0.22134545454545454,-0.39436363636363636,36.00909090909091,0.086,2
2022-01-12,0.0,0.22151818181818184,-0.3856818181818182,36.099999999999994,0.0495,2
2022-01-13,0.10909090909090911,0.2225818181818182,-0.3624545454545455,36.38181818181818,0.1313,2
2022-01-14,0.05909090909090909,0.22820000000000001,-0.39999090909090906,36.163636363636364,0.0892,2
2022-01-15,0.0,0.22124545454545455,-0.4227272727272728,36.190909090909095,0.1132,2
2022-01-16,0.0,0.22009090909090911,-0.3782363636363636,36.41818181818182,0.1437,2
2022-01-17,0.0,0.22082727272727273,-0.42274545454545454,36.46363636363637,0.0608,2
2022-01-18,0.11636363636363636,0.22046363636363636,-0.42754545454545456,37.1,0.0933,2
2022-01-19,0.0,0.22330000000000003,-0.39554545454545453,36.41818181818182,0.1102,2
2022-01-20,0.0,0.2197,-0.40719999999999995,37.09090909090909,0.153,2
2022-01-21,0.0,0.21667272727272727,-0.38885454545454545,37.14545454545455,0.0727,2
2022-01-22,0.01,0.22026363636363636,-0.42157272727272727,36.95454545454545,0.0596,2
2022-01-23,0.0009090909090909091,0.22233636363636364,-0.41928181818181814,37.35454545454545,0.112,2
2022-01-24,0.0,0.22761818181818183,-0.3974,37.60909090909091,0.0531,2
2022-01-25,0.028181818181818183,0.21822727272727274,-0.39435454545454546,36.85454545454545,0.0892,2
2022-01-26,0.15727272727272726,0.21926363636363638,-0.39916363636363633,36.96363636363637,0.0841,2
2022-01-27,0.0,0.2310727272727273,-0.3872090909090909,37.47272727272727,0.063,2
2022-01-28,0.022727272727272728,0.22092727272727275,-0.4168454545454546,37.09090909090909,0.0739,2
2022-01-29,0.0,0.21640000000000004,-0.39399090909090906,37.5,0.0705,2
2022-01-30,0.21727272727272728,0.2210090909090909,-0.4049909090909091,38.054545454545455,0.0755,2
2022-01-31,0.20363636363636364,0.214,-0.38606363636363633,37.76363636363636,0.0725,2
2022-02-01,0.14909090909090908,0.21641818181818184,-0.42219999999999996,37.699999999999996,0.0379,2
2022-02-02,0.0,0.2231,-0.3635818181818182,37.96363636363637,0.064,2
2022-02-03,0.0,0.21684545454545454,-0.3829181818181819,38.22727272727273,0.0572,2
2022-02-04,0.1,0.21809090909090909,-0.4,38.054545454545455,0.0604,2
2022-02-05,0.0,0.21283636363636366,-0.41300000000000003,38.42727272727273,0.1037,2
2022-02-06,0.21818181818181817,0.2270090909090909,-0.3929181818181818,38.627272727272725,0.0274,2
2022-02-07,0.0,0.21695454545454543,-0.41892727272727276,37.981818181818184,0.0828,2
2022-02-08,0.0,0.21006363636363634,-0.36601818181818185,38.690909090909095,0.0531,2
2022-02-09,0.04090909090909091,0.21875454545454545,-0.38907272727272724,38.68181818181818,0.0338,2
2022-02-10,0.11,0.21492727272727272,-0.3562272727272727,38.41818181818182,0.0982,2
2022-02-11,0.12727272727272726,0.22579090909090907,-0.3673181818181818,39.054545454545455,0.0702,2
2022-02-12,0.04181818181818182,0.22397272727272724,-0.3727727272727273,39.0,0.0324,2
2022-02-13,0.015454545454545455,0.23067272727272725,-0.39341818181818183,39.04545454545455,0.0921,2
2022-02-14,0.06727272727272728,0.22576363636363636,-0.39802727272727273,39.099999999999994,0.0464,2
2022-02-15,0.0,0.21562727272727275,-0.37238181818181815,39.127272727272725,0.0805,2
2022-02-16,0.0,0.22985454545454545,-0.38823636363636366,39.40909090909091,0.0547,2
2022-02-17,0.07818181818181819,0.2273272727272727,-0.39802727272727273,39.309090909090905,0.0307,2
2022-02-18,0.12818181818181817,0.2195181818181818,-0.4130181818181818,39.39090909090909,0.0824,2
2022-02-19,0.0,0.22592727272727273,-0.3887272727272727,39.26363636363636,0.0328,2
2022-02-20,0.0,0.21593636363636365,-0.3895818181818182,40.03636363636363,0.0271,2
2022-02-21,0.07363636363636364,0.2189909090909091,-0.3746909090909091,39.93636363636364,0.0214,2
2022-02-22,0.06454545454545454,0.2186727272727273,-0.38234545454545454,40.28181818181818,0.0967,2
2022-02-23,0.0,0.22386363636363635,-0.3954181818181818,40.20909090909091,0.0361,2
2022-02-24,0.0,0.22040909090909092,-0.4314363636363636,40.46363636363637,0.0873,2
2022-02-25,0.004545454545454546,0.22172727272727275,-0.38606363636363633,40.26363636363636,0.0682,2
2022-02-26,0.06636363636363636,0.22132727272727273,-0.4057545454545455,40.300000000000004,0.0483,2
2022-02-27,0.05272727272727273,0.22179090909090907,-0.38074545454545455,40.53636363636363,0.0373,2
2022-02-28,0.0,0.22210000000000002,-0.40043636363636365,41.127272727272725,0.0722,2
2022-03-01,0.0,0.21974545454545452,-0.4093727272727273,40.77272727272727,0.0905,2
2022-03-02,0.0,0.21933636363636363,-0.42226363636363634,40.88181818181818,0.0023,2
2022-03-03,0.0018181818181818182,0.2117727272727273,-0.4256,40.945454545454545,0.0508,2
2022-03-04,0.0009090909090909091,0.21614545454545456,-0.36314545454545455,41.40909090909091,0.0194,2
2022-03-05,0.0,0.21105454545454547,-0.40349090909090907,41.25454545454546,0.0062,2
2022-03-06,0.0,0.22594545454545453,-0.3970181818181819,41.699999999999996,0.0458,2
2022-03-07,0.0,0.22271818181818182,-0.3940363636363636,41.40909090909091,0.0331,2
2022-03-08,0.0,0.23171818181818182,-0.4253272727272728,41.39090909090909,0.0642,2
2022-03-09,0.0,0.22703636363636362,-0.3777909090909091,41.4,0.0355,2
2022-03-10,0.0,0.23038181818181822,-0.3847181818181818,42.199999999999996,0.0796,2
2022-03-11,0.0,0.22855454545454545,-0.4345272727272727,41.9,0.0347,2
2022-03-12,0.0,0.2111181818181818,-0.3618,42.08181818181818,0.0371,2
2022-03-13,0.0009090909090909091,0.2235,-0.4248818181818182,42.23636363636364,0.0,2
2022-03-14,0.0009090909090909091,0.21600000000000003,-0.4030818181818182,41.445454545454545,0.059,2
2022-03-15,0.0,0.22522727272727272,-0.41807272727272726,42.38181818181818,0.0652,2
2022-03-16,0.0,0.22463636363636363,-0.40544545454545455,42.4,0.0254,2
2022-03-17,0.0,0.23258181818181817,-0.36275454545454544,41.945454545454545,0.0506,2
2022-03-18,0.0,0.22124545454545455,-0.43614545454545456,42.43636363636364,0.0215,2
2022-03-19,0.0,0.22783636363636361,-0.4207,42.45454545454545,0.0289,2
2022-03-20,0.0018181818181818182,0.2157181818181818,-0.3786454545454545,43.190909090909095,0.0388,2
2022-03-21,0.0,0.22060000000000002,-0.3912636363636363,42.32727272727273,0.0165,2
2022-03-22,0.0,0.21995454545454543,-0.3829272727272727,43.163636363636364,0.0,2
2022-03-23,0.0,0.21843636363636365,-0.3998090909090909,42.76363636363636,0.0,2
2022-03-24,0.007272727272727273,0.22149090909090907,-0.37963636363636366,42.96363636363637,0.0426,2
2022-03-25,0.0036363636363636364,0.22433636363636367,-0.3973909090909091,43.018181818181816,0.0081,2
2022-03-26,0.002727272727272727,0.21694545454545455,-0.40826363636363633,42.93636363636364,0.0,2
2022-03-27,0.0,0.2214272727272727,-0.4175181818181818,43.1,0.012,2
2022-03-28,0.0,0.22666363636363637,-0.3915181818181818,43.49090909090909,0.0033,2
2022-03-29,0.017272727272727273,0.22721818181818182,-0.3597727272727273,43.49090909090909,0.0489,2
2022-03-30,0.02,0.22270909090909094,-0.40031818181818185,43.91818181818182,0.0309,2
2022-03-31,0.0,0.22652727272727272,-0.40694545454545455,43.39090909090909,0.0,2
2022-04-01,0.06363636363636363,0.2155363636363636,-0.3977363636363636,44.20909090909091,0.0,2
2022-04-02,0.820909090909091,0.22616363636363637,-0.4468,45.06363636363636,0.0,3
2022-04-03,0.9045454545454544,0.21577272727272725,-0.38759090909090904,44.800000000000004,0.0,2
2022-04-04,0.7109090909090909,0.22836363636363635,-0.35823636363636363,44.24545454545454,0.0414,2
2022-04-05,0.7327272727272726,0.21338181818181817,-0.4067090909090909,45.14545454545455,0.0451,3
2022-04-06,0.04181818181818182,0.22794545454545456,-0.3647636363636364,44.88181818181818,0.0,2
2022-04-07,0.1,0.22867272727272728,-0.4036818181818182,44.76363636363636,0.0365,2
2022-04-08,0.1,0.2268909090909091,-0.3815636363636364,44.93636363636364,0.0507,2
2022-04-09,0.11818181818181818,0.22067272727272727,-0.40716363636363634,44.40909090909091,0.0295,2
2022-04-10,1.0109090909090908,0.22042727272727272,-0.39113636363636367,44.981818181818184,0.0,2
2022-04-11,0.7163636363636363,0.22902727272727272,-0.3993272727272727,45.11818181818182,0.0496,2
2022-04-12,0.8572727272727273,0.2315818181818182,-0.40593636363636365,45.40909090909091,0.0,2
2022-04-13,1.8272727272727274,0.22603636363636365,-0.40344545454545455,45.41818181818182,0.056,2
2022-04-14,0.7672727272727272,0.23524545454545454,-0.4014,44.845454545454544,0.0053,2
2022-04-15,0.8245454545454544,0.22653636363636362,-0.37702727272727277,45.190909090909095,0.0,2
2022-04-16,0.27545454545454545,0.24193636363636362,-0.3951363636363636,45.61818181818182,0.013,2
2022-04-17,0.02909090909090909,0.23773636363636363,-0.39778181818181824,44.89090909090909,0.0301,2
2022-04-18,0.6945454545454546,0.23384545454545458,-0.39150909090909086,45.345454545454544,0.0235,2
2022-04-19,0.14454545454545456,0.23045454545454547,-0.38683636363636364,45.68181818181818,0.0121,2
2022-04-20,0.03272727272727273,0.2286818181818182,-0.42358181818181817,45.61818181818182,0.0038,2
2022-04-21,0.4727272727272727,0.2265909090909091,-0.40690000000000004,45.872727272727275,0.0089,2
2022-04-22,1.5909090909090908,0.22467272727272727,-0.33685454545454546,45.42727272727273,0.0,2
2022-04-23,0.017272727272727273,0.22986363636363638,-0.39022727272727276,45.39090909090909,0.0,2
2022-04-24,1.2263636363636363,0.24053636363636366,-0.40767272727272724,45.63636363636363,0.0215,2
2022-04-25,0.0,0.23187272727272729,-0.4088272727272727,45.67272727272727,0.0,2
2022-04-26,1.0218181818181817,0.2269,-0.37424545454545455,45.86363636363637,0.0,2
2022-04-27,0.21727272727272728,0.23862727272727274,-0.37010000000000004,45.97272727272727,0.0,2
2022-04-28,0.45909090909090905,0.22820000000000001,-0.3584909090909091,46.00909090909091,0.0675,2
2022-04-29,0.27181818181818185,0.23823636363636363,-0.3579181818181818,45.06363636363636,0.0,2
2022-04-30,0.015454545454545455,0.23857272727272727,-0.4091181818181818,46.13636363636363,0.0,2
2022-05-01,0.0,0.24542727272727272,-0.19275454545454543,46.199999999999996,0.033,2
2022-05-02,0.034545454545454546,0.2366181818181818,-0.1813818181818182,45.63636363636363,0.0542,2
2022-05-03,0.22272727272727275,0.23548181818181818,-0.1916090909090909,46.03636363636363,0.0335,2
2022-05-04,1.1372727272727272,0.24527272727272728,-0.18574545454545455,46.40909090909091,0.0897,2
2022-05-05,0.67,0.23805454545454544,-0.18073636363636364,46.29090909090909,0.0385,2
2022-05-06,0.67,0.2516818181818182,-0.1799909090909091,45.554545454545455,0.0065,2
2022-05-07,0.2081818181818182,0.2264090909090909,-0.17775454545454547,46.40909090909091,0.0,2
2022-05-08,0.45363636363636367,0.22442727272727273,-0.17677272727272728,46.22727272727273,0.0507,2
2022-05-09,0.39272727272727276,0.2384181818181818,-0.18117272727272726,46.49090909090909,0.0819,2
2022-05-10,1.0263636363636364,0.2462,-0.18438181818181817,46.21818181818182,0.0378,2
2022-05-11,2.109090909090909,0.2515,-0.1574909090909091,46.4,0.0814,2
2022-05-12,0.1690909090909091,0.25086363636363634,-0.17706363636363637,46.445454545454545,0.0589,1
2022-05-13,0.28545454545454546,0.23741818181818183,-0.16424545454545456,46.554545454545455,0.069,2
2022-05-14,0.25272727272727274,0.2446909090909091,-0.16493636363636363,46.24545454545454,0.0898,2
2022-05-15,2.6672727272727275,0.24304545454545454,-0.14865454545454546,46.27272727272727,0.0427,2
2022-05-16,0.6,0.2575090909090909,-0.15158181818181818,46.20909090909091,0.0566,2
2022-05-17,1.009090909090909,0.25957272727272723,-0.15907272727272728,46.13636363636363,0.0196,2
2022-05-18,0.4954545454545455,0.2571181818181818,-0.15364545454545453,46.38181818181818,0.0585,2
2022-05-19,2.359090909090909,0.25943636363636363,-0.14426363636363637,46.40909090909091,0.0657,2
2022-05-20,2.070909090909091,0.25676363636363636,-0.1358090909090909,45.945454545454545,0.0868,2
2022-05-21,0.6336363636363637,0.26576363636363637,-0.1459090909090909,46.14545454545455,0.0429,2
2022-05-22,1.7454545454545458,0.2666636363636364,-0.1414090909090909,45.845454545454544,0.0592,2
2022-05-23,0.8190909090909091,0.2611090909090909,-0.1430818181818182,46.29090909090909,0.0693,2
2022-05-24,0.3190909090909091,0.27404545454545454,-0.15523636363636364,46.50909090909091,0.1031,2
2022-05-25,6.663636363636363,0.26744545454545454,-0.08334545454545456,46.10909090909091,0.124,2
2022-05-26,0.7654545454545455,0.2772090909090909,-0.13351818181818184,45.90909090909091,0.1098,2
2022-05-27,3.416363636363636,0.2819090909090909,-0.11133636363636362,46.27272727272727,0.0885,1
2022-05-28,0.7618181818181818,0.287,-0.14222727272727273,46.08181818181818,0.0656,2
2022-05-29,4.114545454545454,0.2875636363636364,-0.07968181818181819,46.300000000000004,0.0995,1
2022-05-30,0.8809090909090909,0.28265454545454544,-0.11599090909090909,45.82727272727273,0.0716,1
2022-05-31,1.1418181818181816,0.28508181818181816,-0.12462727272727273,46.809090909090905,0.0897,2
2022-06-01,1.5263636363636364,0.2911,-0.08665454545454544,46.43636363636364,0.0834,1
2022-06-02,1.507272727272727,0.28204545454545454,-0.09198181818181818,46.42727272727273,0.1223,1
2022-06-03,4.402727272727272,0.3035272727272727,-0.07376363636363636,46.17272727272727,0.1252,1
2022-06-04,3.0063636363636363,0.3066,-0.06478181818181818,45.872727272727275,0.1508,1
2022-06-05,2.76,0.3207,-0.08149090909090909,46.39090909090909,0.1225,1
2022-06-06,2.0172727272727276,0.3065909090909091,-0.07722727272727273,46.07272727272727,0.0775,2
2022-06-07,1.4318181818181819,0.30554545454545456,-0.08496363636363637,46.163636363636364,0.1082,1
2022-06-08,4.032727272727272,0.3201090909090909,-0.05346363636363636,45.4,0.1598,1
2022-06-09,11.633636363636363,0.33802727272727273,0.04142727272727273,46.018181818181816,0.1373,1
2022-06-10,18.04,0.3392818181818182,0.006209090909090911,45.77272727272727,0.2447,1
2022-06-11,17.44909090909091,0.3357090909090909,0.019690909090909096,45.61818181818182,0.2024,1
2022-06-12,16.54090909090909,0.3700909090909091,0.020536363636363637,45.89090909090909,0.1998,1
2022-06-13,15.739999999999998,0.3619181818181818,0.028772727272727273,45.60909090909091,0.3189,1
2022-06-14,28.37909090909091,0.37205454545454547,0.06464545454545455,45.59090909090909,0.3706,1
2022-06-15,27.545454545454547,0.38023636363636365,0.07666363636363636,45.163636363636364,0.4575,1
2022-06-16,9.981818181818182,0.3885181818181818,0.015345454545454546,45.50909090909091,0.4278,1
2022-06-17,6.374545454545455,0.40709999999999996,0.01999090909090909,45.481818181818184,0.4005,1
2022-06-18,6.0227272727272725,0.4075909090909091,-0.001063636363636364,45.10909090909091,0.348,0
2022-06-19,5.840909090909091,0.4085818181818182,0.031681818181818186,45.27272727272727,0.3513,0
2022-06-20,7.96090909090909,0.41829090909090905,0.04413636363636364,44.845454545454544,0.2967,1
2022-06-21,4.476363636363637,0.4231090909090909,0.014463636363636366,44.336363636363636,0.3332,0
2022-06-22,11.590909090909092,0.44194545454545453,0.08522727272727272,45.163636363636364,0.211,0
2022-06-23,24.91727272727273,0.4439181818181818,0.18607272727272728,44.79090909090909,0.3129,1
2022-06-24,4.657272727272727,0.4611,0.020590909090909087,45.14545454545455,0.233,0
2022-06-25,8.299999999999999,0.4505272727272727,0.07294545454545455,44.61818181818182,0.2793,0
2022-06-26,8.933636363636364,0.4508181818181818,0.08042727272727274,44.52727272727273,0.3198,0
2022-06-27,13.180909090909092,0.4779,0.12994545454545456,44.88181818181818,0.2983,0
2022-06-28,7.391818181818182,0.4809727272727273,0.07985454545454546,44.300000000000004,0.3524,0
2022-06-29,21.92818181818182,0.49689090909090905,0.17596363636363635,44.63636363636363,0.3814,0
2022-06-30,11.416363636363638,0.5085727272727273,0.11226363636363637,44.52727272727273,0.3037,0
2022-07-01,12.282727272727273,0.5134636363636363,0.11828181818181817,43.56363636363636,0.3104,1
2022-07-02,30.888181818181817,0.5444454545454546,0.15445454545454546,43.39090909090909,0.3832,0
2022-07-03,59.08636363636364,0.5499090909090909,0.3304,43.345454545454544,0.583,0
2022-07-04,48.76,0.5659818181818181,0.34844545454545456,43.17272727272727,0.6854,0
2022-07-05,38.208181818181814,0.5725,0.2663272727272727,43.20909090909091,0.6432,0
2022-07-06,17.347272727272728,0.5822363636363637,0.1872909090909091,42.60909090909091,0.6792,0
2022-07-07,9.932727272727272,0.5963727272727273,0.14442727272727274,42.36363636363637,0.6541,0
2022-07-08,16.69636363636364,0.5992363636363636,0.17782727272727272,43.09090909090909,0.7071,0
2022-07-09,25.91909090909091,0.602690909090909,0.2417818181818182,42.800000000000004,0.7117,0
2022-07-10,21.205454545454543,0.5994909090909091,0.24943636363636362,43.00909090909091,0.6029,0
2022-07-11,15.905454545454544,0.6144363636363637,0.20841818181818184,42.50909090909091,0.5699,0
2022-07-12,38.11,0.6276545454545454,0.3226,42.60909090909091,0.5738,0
2022-07-13,33.77454545454545,0.6352727272727273,0.3437181818181818,42.41818181818182,0.6462,0
2022-07-14,39.92818181818182,0.6333090909090909,0.31977272727272726,42.31818181818182,0.6954,0
2022-07-15,44.37727272727273,0.6529636363636363,0.2772363636363636,42.04545454545455,0.696,0
2022-07-16,30.04090909090909,0.6504454545454545,0.3321,41.945454545454545,0.7138,0
2022-07-17,31.797272727272727,0.6567909090909091,0.33700909090909087,41.981818181818184,0.7238,0
2022-07-18,31.524545454545454,0.6563181818181818,0.36691818181818187,41.74545454545454,0.7173,0
2022-07-19,27.768181818181816,0.6716272727272727,0.30653636363636366,41.74545454545454,0.6879,0
2022-07-20,34.14454545454546,0.6790181818181819,0.3236545454545455,41.26363636363636,0.7501,0
2022-07-21,28.643636363636368,0.6698,0.35504545454545455,41.29090909090909,0.7524,0
2022-07-22,44.64,0.6858818181818181,0.39282727272727275,41.60909090909091,0.7421,0
2022-07-23,43.24727272727272,0.6923454545454546,0.3753272727272727,40.6,0.7531,0
2022-07-24,53.91,0.7054909090909091,0.3448818181818182,40.81818181818182,0.7377,0
2022-07-25,28.223636363636363,0.693490909090909,0.3322,40.67272727272727,0.7417,0
2022-07-26,23.89727272727273,0.6955545454545454,0.31046363636363633,40.154545454545456,0.7096,0
2022-07-27,55.18727272727272,0.7018181818181818,0.42442727272727276,40.372727272727275,0.7322,0
2022-07-28,27.05090909090909,0.6998,0.32938181818181816,40.31818181818182,0.7843,0
2022-07-29,36.76,0.7111636363636363,0.41355454545454545,40.22727272727273,0.7792,0
2022-07-30,27.845454545454547,0.7082363636363637,0.29464545454545454,39.73636363636364,0.7084,0
2022-07-31,35.305454545454545,0.7113818181818181,0.43111818181818184,39.91818181818182,0.7843,0
2022-08-01,41.586363636363636,0.7316181818181818,0.38395454545454544,39.73636363636364,0.7955,0
2022-08-02,33.18545454545455,0.7265181818181818,0.4087727272727273,40.02727272727273,0.7456,0
2022-08-03,24.623636363636365,0.7361090909090909,0.31178181818181816,39.22727272727273,0.7528,0
2022-08-04,40.46363636363637,0.7334636363636363,0.3649909090909091,39.40909090909091,0.7842,0
2022-08-05,38.20545454545454,0.7293909090909092,0.38488181818181816,39.690909090909095,0.746,0
2022-08-06,42.89,0.7437272727272728,0.3755181818181818,38.86363636363637,0.7838,0
2022-08-07,49.8609090909091,0.7391636363636365,0.47441818181818185,39.42727272727273,0.7839,0
2022-08-08,20.246363636363636,0.7394727272727273,0.24910909090909092,38.654545454545456,0.6941,0
2022-08-09,30.861818181818183,0.7409727272727273,0.3363545454545455,38.54545454545455,0.7654,0
2022-08-10,24.66,0.7458454545454546,0.21711818181818182,38.74545454545454,0.76,0
2022-08-11,36.624545454545455,0.7508818181818182,0.37758181818181813,38.82727272727273,0.7921,0
2022-08-12,25.58909090909091,0.7567,0.30484545454545453,39.127272727272725,0.7155,0
2022-08-13,41.02363636363636,0.7468272727272727,0.33765454545454543,38.46363636363637,0.7611,0
2022-08-14,63.11727272727273,0.755,0.37084545454545453,38.41818181818182,0.771,0
2022-08-15,24.816363636363636,0.7625818181818182,0.2702818181818182,38.481818181818184,0.7243,0
2022-08-16,13.944545454545455,0.7596272727272727,0.23241818181818183,38.22727272727273,0.7198,0
2022-08-17,42.45181818181818,0.7629909090909092,0.3442636363636364,38.13636363636363,0.736,0
2022-08-18,29.09363636363636,0.7594545454545454,0.2952727272727273,38.28181818181818,0.7892,0
2022-08-19,23.485454545454544,0.748509090909091,0.24304545454545456,37.89090909090909,0.7474,0
2022-08-20,33.95636363636363,0.7711545454545454,0.29216363636363635,37.68181818181818,0.7436,0
2022-08-21,20.37,0.7755090909090909,0.22971818181818182,38.39090909090909,0.7066,0
2022-08-22,39.06909090909091,0.7684545454545454,0.28962727272727273,38.03636363636363,0.7812,0
2022-08-23,17.80727272727273,0.775,0.20882727272727272,37.76363636363636,0.6731,0
2022-08-24,16.421818181818182,0.7724454545454545,0.20429090909090908,37.56363636363636,0.6398,0
2022-08-25,36.51454545454545,0.7659818181818182,0.2966818181818182,37.43636363636364,0.7376,0
2022-08-26,20.874545454545455,0.7694,0.21969090909090908,37.68181818181818,0.6497,0
2022-08-27,20.915454545454544,0.7654,0.22456363636363633,37.54545454545455,0.666,0
2022-08-28,11.457272727272727,0.7605090909090909,0.13943636363636364,37.27272727272727,0.6551,0
2022-08-29,24.757272727272724,0.7624818181818181,0.2247,37.26363636363636,0.631,0
2022-08-30,15.102727272727272,0.7759909090909091,0.13451818181818181,37.163636363636364,0.5385,0
2022-08-31,8.089090909090908,0.7652909090909091,0.07847272727272726,37.10909090909091,0.5576,0
2022-09-01,38.127272727272725,0.7586727272727273,0.24074545454545457,36.86363636363637,0.5748,0
2022-09-02,36.25818181818182,0.7572090909090909,0.22410909090909092,36.76363636363636,0.6681,0
2022-09-03,40.86636363636364,0.7590181818181818,0.21806363636363635,36.445454545454545,0.6621,0
2022-09-04,31.920909090909092,0.7585727272727273,0.14372727272727273,36.699999999999996,0.6727,0
2022-09-05,35.77090909090909,0.7554545454545455,0.2315818181818182,36.31818181818182,0.7584,0
2022-09-06,20.295454545454547,0.7493818181818181,0.11259999999999999,36.52727272727273,0.6862,0
2022-09-07,18.138181818181817,0.7646454545454545,0.07462727272727272,36.29090909090909,0.6755,0
2022-09-08,4.338181818181818,0.7533272727272727,0.012718181818181816,36.00909090909091,0.703,0
2022-09-09,4.177272727272728,0.7506727272727273,0.013436363636363635,36.47272727272727,0.524,0
2022-09-10,11.42818181818182,0.7488363636363636,0.08536363636363636,36.29090909090909,0.488,0
2022-09-11,14.219999999999999,0.7393909090909091,0.07672727272727273,36.41818181818182,0.419,0
2022-09-12,5.706363636363637,0.7395181818181819,0.017781818181818176,36.18181818181818,0.366,0
2022-09-13,10.053636363636365,0.7425090909090909,0.05426363636363636,35.945454545454545,0.3819,0
2022-09-14,5.2309090909090905,0.7460727272727272,-0.004954545454545452,36.018181818181816,0.3393,0
2022-09-15,12.422727272727274,0.7358272727272728,0.06306363636363636,35.81818181818182,0.3786,0
2022-09-16,4.448181818181818,0.7256545454545454,-0.01596363636363636,35.68181818181818,0.3177,0
2022-09-17,3.372727272727272,0.7262545454545455,-0.054,36.11818181818182,0.3036,0
2022-09-18,9.82090909090909,0.7143636363636364,0.018936363636363637,35.981818181818184,0.2944,0
2022-09-19,10.096363636363636,0.7137909090909091,-0.0036090909090909103,35.28181818181818,0.3037,0
2022-09-20,2.4863636363636363,0.7036727272727273,-0.04212727272727273,35.73636363636364,0.3055,0
2022-09-21,7.25909090909091,0.707409090909091,-0.014545454545454544,35.47272727272727,0.2908,0
2022-09-22,6.693636363636363,0.6885,-0.018336363636363637,35.79090909090909,0.2932,0
2022-09-23,2.7609090909090908,0.6892181818181818,-0.06826363636363636,35.518181818181816,0.2558,0
2022-09-24,2.289090909090909,0.6751,-0.07909090909090909,35.627272727272725,0.2418,0
2022-09-25,2.4254545454545453,0.654,-0.08542727272727273,35.64545454545455,0.2441,0
2022-09-26,4.567272727272727,0.6506363636363637,-0.05836363636363637,35.08181818181818,0.2332,0
2022-09-27,1.3427272727272728,0.6540272727272728,-0.09348181818181818,35.699999999999996,0.217,0
2022-09-28,1.298181818181818,0.636909090909091,-0.10041818181818182,34.95454545454545,0.1717,0
2022-09-29,0.10363636363636362,0.6254636363636363,-0.1219909090909091,35.24545454545454,0.1809,0
2022-09-30,2.250909090909091,0.6267,-0.08287272727272726,35.53636363636363,0.1821,0
2022-10-01,2.9890909090909092,0.6187818181818181,-0.10373636363636364,34.71818181818182,0.2138,0
2022-10-02,2.0854545454545454,0.6048545454545454,-0.09800909090909092,34.86363636363637,0.1812,0
2022-10-03,2.7,0.5883181818181819,-0.11004545454545454,35.23636363636364,0.1765,0
2022-10-04,1.0454545454545454,0.5722545454545455,-0.1265272727272727,35.445454545454545,0.2214,0
2022-10-05,0.25545454545454543,0.5701909090909091,-0.1336,35.32727272727273,0.1897,0
2022-10-06,1.4572727272727273,0.5431636363636364,-0.11708181818181819,35.336363636363636,0.1827,0
2022-10-07,2.3390909090909093,0.5292,-0.12008181818181818,35.02727272727273,0.1668,0
2022-10-08,6.170909090909091,0.5201090909090909,-0.07642727272727273,34.96363636363637,0.2107,0
2022-10-09,0.0,0.5245090909090909,-0.13055454545454545,35.0,0.2019,0
2022-10-10,1.8327272727272728,0.5057272727272727,-0.13168181818181818,34.58181818181818,0.1815,0
2022-10-11,0.7781818181818181,0.5062272727272727,-0.12819090909090908,34.96363636363637,0.1841,0
2022-10-12,0.8163636363636364,0.5003727272727272,-0.1425181818181818,34.345454545454544,0.1864,0
2022-10-13,1.0772727272727272,0.4814454545454545,-0.13226363636363636,34.054545454545455,0.2121,0
2022-10-14,0.6445454545454545,0.4727454545454545,-0.15351818181818183,34.75454545454546,0.1862,0
2022-10-15,0.8754545454545455,0.4778636363636364,-0.12785454545454547,34.56363636363636,0.1637,0
2022-10-16,0.4827272727272728,0.46444545454545455,-0.15832727272727273,34.36363636363637,0.1561,0
2022-10-17,0.28727272727272724,0.4592,-0.14876363636363638,34.22727272727273,0.1754,0
2022-10-18,0.3090909090909091,0.44577272727272726,-0.1680909090909091,34.1,0.159,0
2022-10-19,0.36272727272727273,0.42751818181818185,-0.14894545454545452,34.52727272727273,0.1381,0
2022-10-20,1.2245454545454546,0.4346,-0.1473909090909091,33.88181818181818,0.167,0
2022-10-21,0.0,0.41542727272727276,-0.16248181818181817,34.07272727272727,0.2227,1
2022-10-22,0.8581818181818183,0.41453636363636365,-0.1544090909090909,34.154545454545456,0.1256,1
2022-10-23,0.23454545454545456,0.4057,-0.17681818181818182,34.09090909090909,0.1827,1
2022-10-24,0.0,0.38886363636363636,-0.15732727272727273,34.445454545454545,0.1366,1
2022-10-25,0.09818181818181819,0.3930363636363637,-0.16196363636363637,34.25454545454546,0.1105,1
2022-10-26,0.20454545454545456,0.38297272727272724,-0.14354545454545453,34.07272727272727,0.1477,1
2022-10-27,0.0,0.37927272727272726,-0.16924545454545453,34.27272727272727,0.1572,1
2022-10-28,0.7763636363636365,0.3754090909090909,-0.15208181818181818,34.28181818181818,0.1554,1
2022-10-29,0.10181818181818182,0.37821818181818184,-0.16912727272727274,34.28181818181818,0.1358,1
2022-10-30,0.1318181818181818,0.37512727272727275,-0.17193636363636364,33.800000000000004,0.1801,1
2022-10-31,0.21,0.36067272727272726,-0.1726090909090909,33.68181818181818,0.1473,1
2022-11-01,0.04818181818181819,0.36511818181818184,-0.4106727272727273,34.08181818181818,0.133,1
2022-11-02,0.10727272727272727,0.3559363636363636,-0.39136363636363636,33.74545454545454,0.0585,1
2022-11-03,0.0,0.34087272727272727,-0.3941818181818182,33.96363636363637,0.1152,1
2022-11-04,0.20363636363636364,0.34841818181818185,-0.4047,33.76363636363636,0.1058,1
2022-11-05,0.042727272727272725,0.34654545454545455,-0.3751454545454545,33.35454545454545,0.1504,2
2022-11-06,0.0,0.33603636363636363,-0.3959909090909091,33.79090909090909,0.0928,2
2022-11-07,0.0,0.32321818181818185,-0.3979090909090909,33.53636363636364,0.1266,2
2022-11-08,0.0,0.3271545454545455,-0.3853,33.836363636363636,0.0918,1
2022-11-09,0.11545454545454546,0.32133636363636364,-0.3774272727272727,34.09090909090909,0.1051,1
2022-11-10,0.08090909090909092,0.31731818181818183,-0.3734818181818182,33.518181818181816,0.1181,2
2022-11-11,0.08181818181818182,0.31626363636363636,-0.40336363636363637,33.64545454545455,0.1243,1
2022-11-12,0.21545454545454545,0.30955454545454547,-0.3940181818181818,33.52727272727273,0.1094,2
2022-11-13,0.0,0.30500909090909095,-0.41043636363636365,33.945454545454545,0.0893,2
2022-11-14,0.07454545454545455,0.30777272727272725,-0.3816181818181818,33.22727272727273,0.1733,2
2022-11-15,0.0,0.3049727272727273,-0.39606363636363634,33.418181818181814,0.1116,2
2022-11-16,0.07909090909090909,0.2993363636363636,-0.3909090909090909,33.53636363636363,0.1847,2
2022-11-17,0.0,0.2918454545454546,-0.4168636363636363,33.58181818181818,0.0933,2
2022-11-18,0.013636363636363636,0.2889909090909091,-0.38287272727272725,34.127272727272725,0.1098,2
2022-11-19,0.013636363636363636,0.2827,-0.4143909090909091,33.85454545454545,0.0886,2
2022-11-20,0.02727272727272727,0.2887909090909091,-0.38875454545454546,33.54545454545455,0.1024,2
2022-11-21,0.0,0.2863272727272727,-0.39919999999999994,33.60909090909091,0.1493,2
2022-11-22,0.0,0.27537272727272727,-0.4259727272727272,33.76363636363636,0.0441,2
2022-11-23,0.0,0.28056363636363635,-0.3795090909090909,33.627272727272725,0.1284,2
2022-11-24,0.0,0.27703636363636364,-0.4148818181818182,34.02727272727273,0.0721,2
2022-11-25,0.0,0.2706454545454546,-0.37970909090909094,33.86363636363637,0.1181,1
2022-11-26,0.0,0.26485454545454545,-0.4096636363636364,33.88181818181818,0.1321,2
2022-11-27,0.034545454545454546,0.26733636363636365,-0.3915545454545455,33.78181818181818,0.1488,2
2022-11-28,0.01636363636363636,0.2705727272727273,-0.38126363636363636,33.47272727272727,0.1099,2
2022-11-29,0.00818181818181818,0.2647090909090909,-0.4301727272727272,34.52727272727273,0.1164,2
2022-11-30,0.0,0.2614,-0.38731818181818184,34.10909090909091,0.128,2
2022-12-01,0.0,0.2591181818181818,-0.3974272727272727,33.29090909090909,0.1236,2
2022-12-02,0.010909090909090908,0.24509090909090905,-0.3841090909090909,34.00909090909091,0.1125,2
2022-12-03,0.010909090909090908,0.25543636363636363,-0.3916909090909091,33.14545454545455,0.0915,2
2022-12-04,0.09727272727272727,0.24803636363636364,-0.40191818181818184,33.71818181818182,0.0943,2
2022-12-05,0.04727272727272727,0.2553818181818182,-0.3891636363636364,33.400000000000006,0.0525,2
2022-12-06,0.10090909090909092,0.25503636363636367,-0.39388181818181817,34.1,0.1237,2
2022-12-07,0.0,0.25336363636363635,-0.3816181818181818,34.04545454545455,0.0936,2
2022-12-08,0.13454545454545455,0.24802727272727274,-0.4208454545454545,34.13636363636363,0.1271,2
2022-12-09,0.0,0.23755454545454543,-0.41962727272727274,34.04545454545455,0.1023,2
2022-12-10,0.0,0.24621818181818184,-0.40344545454545455,34.18181818181818,0.1252,2
2022-12-11,0.04090909090909091,0.23879090909090908,-0.3824090909090909,34.27272727272727,0.0927,2
2022-12-12,0.0,0.2412454545454545,-0.41549090909090913,33.845454545454544,0.1211,2
2022-12-13,0.14818181818181816,0.24680909090909092,-0.39072727272727276,33.77272727272727,0.1571,2
2022-12-14,0.05909090909090909,0.24685454545454544,-0.3847545454545455,34.199999999999996,0.0772,2
2022-12-15,0.0,0.2385909090909091,-0.3780909090909091,34.25454545454546,0.1633,2
2022-12-16,0.07545454545454545,0.23025454545454546,-0.38137272727272725,34.47272727272727,0.1116,2
2022-12-17,0.0,0.2419818181818182,-0.39369090909090915,34.31818181818182,0.1265,2
2022-12-18,0.034545454545454546,0.23380909090909088,-0.4059545454545454,34.60909090909091,0.0771,2
2022-12-19,0.004545454545454546,0.24026363636363637,-0.4173545454545454,34.75454545454546,0.1057,2
2022-12-20,0.0,0.2284818181818182,-0.3986363636363636,34.4,0.1095,2
2022-12-21,0.1409090909090909,0.23099090909090905,-0.35963636363636364,34.40909090909091,0.1545,2
2022-12-22,0.0,0.22905454545454546,-0.3538454545454546,34.70909090909091,0.1267,2
2022-12-23,0.08545454545454545,0.23131818181818184,-0.3879909090909091,35.02727272727273,0.0909,2
2022-12-24,0.04363636363636363,0.23972727272727273,-0.3869909090909091,34.90909090909091,0.0869,2
2022-12-25,0.06909090909090909,0.22207272727272728,-0.3787545454545454,35.10909090909091,0.1089,2
2022-12-26,0.013636363636363636,0.23501818181818182,-0.3770090909090909,34.86363636363637,0.0946,2
2022-12-27,0.0,0.22253636363636362,-0.4172,34.90909090909091,0.0857,2
2022-12-28,0.0,0.2287,-0.3923272727272727,35.13636363636363,0.0689,2
2022-12-29,0.022727272727272728,0.2273090909090909,-0.40083636363636366,35.554545454545455,0.045,2
2022-12-30,0.25,0.22943636363636363,-0.4315818181818182,35.25454545454546,0.0772,2
2022-12-31,0.07909090909090909,0.22039999999999998,-0.41992727272727276,35.40909090909091,0.0845,2
2023-01-01,0.04363636363636363,0.24102727272727273,-0.4192,35.21818181818182,0.065,2
2023-01-02,0.0,0.2551909090909091,-0.37847272727272724,35.59090909090909,0.1441,2
2023-01-03,0.034545454545454546,0.23159090909090907,-0.41147272727272727,35.345454545454544,0.0737,2
2023-01-04,0.028181818181818183,0.24571818181818184,-0.3826636363636364,35.63636363636363,0.0923,2
2023-01-05,0.0990909090909091,0.24264545454545453,-0.3679545454545455,35.54545454545455,0.089,2
2023-01-06,0.0,0.2509272727272727,-0.42057272727272726,35.809090909090905,0.0,2
2023-01-07,0.0,0.2388909090909091,-0.41876363636363634,35.809090909090905,0.0793,2
2023-01-08,0.0,0.2334090909090909,-0.42342727272727276,35.627272727272725,0.1098,2
2023-01-09,0.0,0.2384090909090909,-0.3961909090909091,36.22727272727273,0.0608,2
2023-01-10,0.0,0.2400909090909091,-0.3629909090909091,36.054545454545455,0.0918,2
2023-01-11,0.0,0.25072727272727274,-0.39722727272727276,35.72727272727273,0.0746,2
2023-01-12,0.005454545454545454,0.24141818181818184,-0.39889090909090913,36.1,0.0987,2
2023-01-13,0.005454545454545454,0.24287272727272724,-0.3961272727272727,36.02727272727273,0.0783,2
2023-01-14,0.011818181818181818,0.23215454545454547,-0.41400000000000003,36.25454545454546,0.1014,2
2023-01-15,0.20636363636363636,0.2312909090909091,-0.41008181818181816,36.336363636363636,0.0465,2
2023-01-16,0.0,0.2374090909090909,-0.4276818181818182,36.88181818181818,0.1143,2
2023-01-17,0.05818181818181818,0.2481909090909091,-0.4072545454545455,36.127272727272725,0.0606,2
2023-01-18,0.04454545454545455,0.2411818181818182,-0.40533636363636366,36.6,0.1411,2
2023-01-19,0.1409090909090909,0.23740000000000003,-0.3763727272727273,36.95454545454545,0.0757,2
2023-01-20,0.002727272727272727,0.24889090909090908,-0.38696363636363634,36.70909090909091,0.0812,2
2023-01-21,0.08454545454545455,0.24312727272727272,-0.38870000000000005,36.836363636363636,0.0857,2
2023-01-22,0.0,0.2473909090909091,-0.4097363636363637,36.79090909090909,0.0672,2
2023-01-23,0.0,0.23781818181818182,-0.3903727272727273,36.89090909090909,0.0919,2
2023-01-24,0.005454545454545454,0.23775454545454544,-0.43090000000000006,36.836363636363636,0.1248,2
2023-01-25,0.06272727272727273,0.2519,-0.37767272727272727,37.41818181818182,0.1043,2
2023-01-26,0.08545454545454545,0.24253636363636363,-0.4124909090909091,37.5,0.1169,2
2023-01-27,0.017272727272727273,0.2415,-0.4099272727272727,37.21818181818182,0.067,2
2023-01-28,0.0,0.22616363636363637,-0.4193818181818182,38.0,0.0658,2
2023-01-29,0.22,0.24024545454545454,-0.41546363636363637,37.4,0.0653,2
2023-01-30,0.0,0.2399909090909091,-0.3860454545454546,38.018181818181816,0.0809,2
2023-01-31,0.09545454545454546,0.22874545454545456,-0.3910272727272728,38.28181818181818,0.1098,2
2023-02-01,0.0018181818181818182,0.24970909090909094,-0.40015454545454543,37.699999999999996,0.0965,2
2023-02-02,0.0,0.2333,-0.40541818181818184,38.018181818181816,0.0471,2
2023-02-03,0.10454545454545454,0.24915454545454543,-0.37683636363636364,38.39090909090909,0.0852,2
2023-02-04,0.018181818181818184,0.23728181818181818,-0.38632727272727274,38.24545454545454,0.0635,2
2023-02-05,0.2918181818181818,0.2487181818181818,-0.40258181818181815,38.11818181818182,0.0617,2
2023-02-06,0.0,0.24304545454545456,-0.4011272727272727,38.1,0.0971,2
2023-02-07,0.0,0.2446818181818182,-0.4002363636363636,38.71818181818182,0.0604,2
2023-02-08,0.0,0.23933636363636362,-0.3909181818181818,38.49090909090909,0.0417,2
2023-02-09,0.1981818181818182,0.24736363636363637,-0.41509090909090907,38.96363636363637,0.0867,2
2023-02-10,0.0,0.2405909090909091,-0.3771636363636363,38.54545454545455,0.0451,2
2023-02-11,0.08181818181818182,0.2513727272727273,-0.4464090909090909,38.99090909090909,0.0314,2
2023-02-12,0.1318181818181818,0.24357272727272727,-0.43470909090909093,39.190909090909095,0.0207,2
2023-02-13,0.012727272727272728,0.24161818181818182,-0.42780909090909086,39.663636363636364,0.0611,2
2023-02-14,0.0,0.2372181818181818,-0.4205272727272727,39.163636363636364,0.0669,2
2023-02-15,0.0,0.2501909090909091,-0.3645454545454545,38.91818181818182,0.0632,2
2023-02-16,0.0,0.2473909090909091,-0.41017272727272724,39.64545454545455,0.0561,2
2023-02-17,0.08454545454545453,0.24810909090909092,-0.3721,39.9,0.1002,2
2023-02-18,0.0036363636363636364,0.23605454545454546,-0.40388181818181823,39.97272727272727,0.05,2
2023-02-19,0.2227272727272727,0.24259090909090908,-0.38181818181818183,39.59090909090909,0.074,2
2023-02-20,0.05909090909090909,0.24169090909090907,-0.3752636363636364,39.75454545454546,0.0393,2
2023-02-21,0.0890909090909091,0.24416363636363636,-0.3896636363636363,39.82727272727273,0.024,2
2023-02-22,0.010909090909090908,0.24438181818181814,-0.4096181818181818,39.93636363636364,0.0726,2
2023-02-23,0.0,0.23846363636363635,-0.39684545454545456,40.518181818181816,0.0801,2
2023-02-24,0.0,0.23966363636363636,-0.41289090909090914,40.29090909090909,0.0427,2
2023-02-25,0.0,0.24225454545454547,-0.3901181818181818,40.57272727272727,0.0626,2
2023-02-26,0.0018181818181818182,0.24163636363636362,-0.4014090909090909,40.56363636363636,0.0387,2
2023-02-27,0.12363636363636363,0.2434,-0.3952727272727273,40.77272727272727,0.0496,2
2023-02-28,0.07454545454545454,0.2410909090909091,-0.3770181818181818,40.70909090909091,0.0091,2
2023-03-01,0.0,0.24091818181818184,-0.3806090909090909,40.75454545454546,0.0312,2
2023-03-02,0.0,0.24864545454545456,-0.3949363636363636,40.70909090909091,0.0979,2
2023-03-03,0.0,0.2459181818181818,-0.3829636363636364,40.88181818181818,0.0,2
2023-03-04,0.0,0.22913636363636367,-0.4082818181818182,41.45454545454545,0.028,2
2023-03-05,0.0,0.23795454545454547,-0.42151818181818185,41.24545454545454,0.0592,2
2023-03-06,0.0,0.24760000000000001,-0.39290909090909093,41.32727272727273,0.0,2
2023-03-07,0.0,0.22573636363636362,-0.38465454545454547,41.345454545454544,0.0381,2
2023-03-08,0.0009090909090909091,0.2521909090909091,-0.4129545454545455,41.845454545454544,0.0388,2
2023-03-09,0.0009090909090909091,0.24444545454545452,-0.42061818181818184,41.35454545454545,0.0633,2
2023-03-10,0.0,0.25325454545454545,-0.3866090909090909,41.79090909090909,0.0384,2
2023-03-11,0.0,0.2310727272727273,-0.3861636363636363,41.68181818181818,0.0,2
2023-03-12,0.0,0.23551818181818182,-0.39881818181818185,42.36363636363637,0.0,2
2023-03-13,0.0,0.23821818181818183,-0.3685909090909091,41.53636363636363,0.0212,2
2023-03-14,0.0,0.24443636363636365,-0.3937727272727273,41.663636363636364,0.0305,2
2023-03-15,0.0009090909090909091,0.23582727272727275,-0.42171818181818177,42.93636363636364,0.013,2
2023-03-16,0.0,0.23646363636363635,-0.36770909090909093,42.58181818181818,0.0466,2
2023-03-17,0.0,0.23267272727272728,-0.39331818181818184,42.6,0.0531,2
2023-03-18,0.0036363636363636364,0.25174545454545455,-0.37170909090909093,42.86363636363637,0.0083,2
2023-03-19,0.006363636363636364,0.23813636363636362,-0.42319999999999997,42.73636363636364,0.0466,2
2023-03-20,0.0,0.23602727272727275,-0.39440000000000003,42.79090909090909,0.0031,2
2023-03-21,0.0018181818181818182,0.23595454545454544,-0.3993363636363636,42.945454545454545,0.0489,2
2023-03-22,0.0018181818181818182,0.24386363636363637,-0.41653636363636365,42.26363636363636,0.0,2
2023-03-23,0.0,0.24143636363636364,-0.39205454545454543,42.88181818181818,0.0,2
2023-03-24,0.0,0.24101818181818183,-0.42369090909090906,42.981818181818184,0.0,2
2023-03-25,0.0,0.24137272727272727,-0.3866727272727273,43.39090909090909,0.0614,2
2023-03-26,0.006363636363636364,0.24794545454545458,-0.3914454545454546,43.554545454545455,0.0,2
2023-03-27,0.006363636363636364,0.25198181818181814,-0.4141727272727273,42.95454545454545,0.0191,2
2023-03-28,0.0,0.23179999999999998,-0.38175454545454546,43.58181818181818,0.0326,2
2023-03-29,0.005454545454545454,0.24639999999999998,-0.3991181818181818,43.56363636363636,0.0018,2
2023-03-30,0.009090909090909092,0.23434545454545452,-0.4087,44.24545454545454,0.0174,2
2023-03-31,0.00818181818181818,0.2421636363636364,-0.41192727272727275,43.627272727272725,0.0518,2
2023-04-01,0.8172727272727273,0.24321818181818183,-0.4143363636363636,43.82727272727273,0.0376,2
2023-04-02,0.00818181818181818,0.24837272727272727,-0.37829090909090907,43.35454545454546,0.0295,2
2023-04-03,0.9245454545454546,0.2505727272727273,-0.4143545454545455,43.32727272727273,0.0037,2
2023-04-04,1.51,0.2541090909090909,-0.38483636363636364,43.99090909090909,0.0132,2
2023-04-05,0.2781818181818182,0.2515636363636364,-0.4172545454545455,43.945454545454545,0.0226,2
2023-04-06,1.0845454545454545,0.24745454545454545,-0.41050000000000003,44.00909090909091,0.0,2
2023-04-07,0.18545454545454546,0.2522818181818182,-0.3917727272727273,44.38181818181818,0.0272,2
2023-04-08,0.014545454545454545,0.24515454545454543,-0.38881818181818184,43.9,0.0261,2
2023-04-09,0.0,0.2479818181818182,-0.36937272727272724,44.50909090909091,0.0,2
2023-04-10,0.04454545454545455,0.2550181818181818,-0.3558,44.054545454545455,0.0167,2
2023-04-11,0.9972727272727273,0.2529363636363637,-0.35623636363636363,44.445454545454545,0.0,2
2023-04-12,0.5627272727272726,0.2479818181818182,-0.37520000000000003,44.52727272727273,0.0107,2
2023-04-13,0.04,0.2510909090909091,-0.4058363636363636,44.31818181818182,0.0,2
2023-04-14,0.0,0.24206363636363637,-0.4080363636363637,44.41818181818182,0.0058,2
2023-04-15,0.10181818181818182,0.2405909090909091,-0.3926,44.41818181818182,0.0,2
2023-04-16,1.2027272727272729,0.24016363636363636,-0.39533636363636365,44.42727272727273,0.0345,2
2023-04-17,0.9027272727272727,0.24801818181818183,-0.3807,44.54545454545455,0.068,2
2023-04-18,0.4990909090909091,0.24807272727272728,-0.3871545454545455,44.61818181818182,0.0657,2
2023-04-19,0.08363636363636363,0.23670909090909092,-0.39443636363636364,44.76363636363636,0.0,3
2023-04-20,1.249090909090909,0.2593818181818182,-0.41170909090909097,44.39090909090909,0.0419,2
2023-04-21,0.03909090909090909,0.25523636363636365,-0.3634818181818182,44.79090909090909,0.0,2
2023-04-22,1.02,0.2514727272727273,-0.39341818181818183,44.82727272727273,0.0121,2
2023-04-23,0.12818181818181817,0.25484545454545454,-0.4216545454545455,45.018181818181816,0.0,2
2023-04-24,2.5172727272727276,0.2565727272727273,-0.33986363636363637,45.309090909090905,0.0109,2
2023-04-25,0.08272727272727273,0.26065454545454547,-0.4177272727272727,45.06363636363636,0.0,2
2023-04-26,0.6981818181818182,0.25276363636363636,-0.3864636363636364,45.23636363636364,0.0,2
2023-04-27,0.29818181818181816,0.2534181818181818,-0.40896363636363636,45.08181818181818,0.0578,2
2023-04-28,1.0672727272727272,0.25380909090909093,-0.35410909090909093,45.32727272727273,0.0,2
2023-04-29,0.05545454545454545,0.2626636363636364,-0.3713909090909091,45.35454545454545,0.0583,2
2023-04-30,0.8163636363636364,0.2495181818181818,-0.39183636363636365,45.18181818181818,0.0,2
2023-05-01,1.6818181818181819,0.26533636363636365,-0.16847272727272727,45.41818181818182,0.0796,2
2023-05-02,0.14181818181818182,0.26637272727272726,-0.19196363636363636,45.054545454545455,0.0241,2
2023-05-03,0.4681818181818182,0.2559181818181818,-0.18844545454545455,45.1,0.0152,2
2023-05-04,0.7681818181818181,0.2571727272727273,-0.16144545454545456,45.22727272727273,0.033,2
2023-05-05,0.9827272727272728,0.26289090909090906,-0.1547,45.26363636363636,0.0356,2
2023-05-06,0.29454545454545455,0.2539909090909091,-0.16851818181818182,45.699999999999996,0.0539,2
2023-05-07,1.7645454545454546,0.2650090909090909,-0.16494545454545453,45.336363636363636,0.0611,2
2023-05-08,1.050909090909091,0.2758818181818182,-0.1797090909090909,45.50909090909091,0.0465,2
2023-05-09,0.5963636363636364,0.2766909090909091,-0.17781818181818182,45.26363636363636,0.061,2
2023-05-10,0.4754545454545455,0.2745909090909091,-0.18162727272727272,45.39090909090909,0.0225,2
2023-05-11,0.6072727272727273,0.2803727272727273,-0.1706909090909091,45.53636363636363,0.0892,2
2023-05-12,0.2818181818181818,0.27495454545454545,-0.1815,45.60909090909091,0.0319,2
2023-05-13,1.0199999999999998,0.28063636363636363,-0.1559909090909091,45.64545454545455,0.0641,2
2023-05-14,2.6345454545454547,0.26840909090909093,-0.1558818181818182,45.68181818181818,0.086,2
2023-05-15,0.17272727272727273,0.2812727272727273,-0.16241818181818182,45.75454545454546,0.082,2
2023-05-16,0.36909090909090914,0.29168181818181815,-0.1560181818181818,45.77272727272727,0.047,2
2023-05-17,1.0072727272727273,0.2826272727272727,-0.1551909090909091,45.81818181818182,0.0646,2
2023-05-18,1.947272727272727,0.27792727272727275,-0.1504818181818182,45.17272727272727,0.1027,2
2023-05-19,1.4463636363636363,0.28055454545454545,-0.1345909090909091,45.981818181818184,0.1066,2
2023-05-20,1.280909090909091,0.2968363636363636,-0.13491818181818183,45.36363636363637,0.1112,2
2023-05-21,1.7645454545454546,0.28662727272727273,-0.12744545454545453,45.67272727272727,0.0902,2
2023-05-22,0.9318181818181818,0.29055454545454545,-0.14761818181818182,45.654545454545456,0.0086,2
2023-05-23,1.3118181818181818,0.2918272727272727,-0.14317272727272726,45.67272727272727,0.0984,1
2023-05-24,5.069090909090909,0.3,-0.11269090909090909,45.945454545454545,0.1273,1
2023-05-25,3.752727272727273,0.30153636363636366,-0.10045454545454545,46.163636363636364,0.1197,2
2023-05-26,0.09,0.2979818181818182,-0.14445454545454545,46.300000000000004,0.1002,1
2023-05-27,2.153636363636364,0.3103909090909091,-0.11763636363636364,45.74545454545454,0.0591,1
2023-05-28,1.8990909090909087,0.3010363636363636,-0.11627272727272726,45.73636363636364,0.0779,2
2023-05-29,1.6554545454545455,0.3060181818181818,-0.12705454545454548,45.20909090909091,0.1114,1
2023-05-30,4.447272727272726,0.3191818181818182,-0.08219090909090909,46.13636363636363,0.0992,1
2023-05-31,0.7381818181818182,0.3240181818181818,-0.12400909090909092,45.6,0.0787,1
2023-06-01,0.859090909090909,0.3179272727272727,-0.12326363636363635,45.70909090909091,0.118,1
2023-06-02,3.9518181818181817,0.3227272727272727,-0.07841818181818182,45.699999999999996,0.1312,1
2023-06-03,0.5972727272727273,0.33141818181818183,-0.11647272727272727,45.40909090909091,0.098,1
2023-06-04,0.6645454545454546,0.3345636363636364,-0.10561818181818182,45.41818181818182,0.0617,1
2023-06-05,1.8236363636363635,0.33583636363636366,-0.08551818181818181,45.78181818181818,0.1612,1
2023-06-06,3.6927272727272724,0.3306909090909091,-0.07144545454545455,45.31818181818182,0.1417,1
2023-06-07,6.329999999999999,0.34597272727272727,-0.04270909090909091,45.47272727272727,0.1003,1
2023-06-08,4.087272727272727,0.3481818181818182,-0.05431818181818182,45.88181818181818,0.13,1
2023-06-09,7.759090909090909,0.3583181818181818,-0.017518181818181818,45.300000000000004,0.0946,1
2023-06-10,4.3,0.3726909090909091,-0.04242727272727273,45.47272727272727,0.156,1
2023-06-11,5.700909090909091,0.3674909090909091,-0.016781818181818182,45.018181818181816,0.1935,1
2023-06-12,7.901818181818182,0.3751454545454545,0.011081818181818182,44.73636363636364,0.1635,0
2023-06-13,5.984545454545454,0.38081818181818183,-0.0008727272727272725,45.13636363636363,0.1786,1
2023-06-14,4.039090909090909,0.3871909090909091,-0.03123636363636363,44.89090909090909,0.1968,1
2023-06-15,4.705454545454545,0.3897363636363636,-0.006545454545454548,45.018181818181816,0.1459,0
2023-06-16,9.468181818181819,0.3936636363636364,0.0358,44.70909090909091,0.207,1
2023-06-17,9.666363636363636,0.4078090909090909,0.05495454545454545,44.554545454545455,0.2367,0
2023-06-18,9.43090909090909,0.4137272727272727,0.05025454545454545,44.91818181818182,0.2395,1
2023-06-19,14.332727272727272,0.42788181818181814,0.09051818181818182,44.42727272727273,0.2703,0
2023-06-20,10.260909090909092,0.44249999999999995,0.0708909090909091,44.82727272727273,0.2499,0
2023-06-21,9.21909090909091,0.43618181818181817,0.06534545454545454,44.800000000000004,0.2614,0
2023-06-22,17.205454545454543,0.45549090909090906,0.14675454545454547,44.518181818181816,0.2891,0
2023-06-23,20.04090909090909,0.4635818181818182,0.1816,44.627272727272725,0.3896,0
2023-06-24,9.94090909090909,0.47951818181818184,0.08943636363636363,44.23636363636364,0.3048,0
2023-06-25,24.184545454545454,0.5005636363636363,0.1472,44.38181818181818,0.4412,0
2023-06-26,7.543636363636364,0.5060636363636364,0.08377272727272728,43.90909090909091,0.3956,0
2023-06-27,22.137272727272727,0.5196363636363637,0.18725454545454545,44.52727272727273,0.4306,0
2023-06-28,20.62272727272727,0.5379090909090909,0.17336363636363636,43.981818181818184,0.4622,0
2023-06-29,27.83,0.5479181818181819,0.22618181818181818,44.08181818181818,0.5439,0
2023-06-30,13.945454545454545,0.5563636363636364,0.1595909090909091,43.93636363636364,0.4712,0
2023-07-01,8.831818181818182,0.5667909090909091,0.10544545454545454,43.43636363636364,0.4398,0
2023-07-02,15.047272727272729,0.5682454545454546,0.1799090909090909,43.61818181818182,0.4491,0
2023-07-03,37.300000000000004,0.5883272727272728,0.2777636363636363,43.50909090909091,0.5276,0
2023-07-04,25.044545454545457,0.5971545454545454,0.2934363636363636,43.58181818181818,0.5905,0
2023-07-05,19.759090909090908,0.6126545454545455,0.19303636363636364,43.43636363636364,0.5599,0
2023-07-06,17.541818181818183,0.6114,0.22835454545454545,43.1,0.5769,0
2023-07-07,25.766363636363636,0.6335545454545455,0.2979,43.58181818181818,0.5397,0
2023-07-08,24.329090909090908,0.6452818181818182,0.26504545454545453,42.663636363636364,0.6678,0
2023-07-09,19.457272727272727,0.6614363636363637,0.23633636363636362,43.21818181818182,0.6139,0
2023-07-10,19.575454545454544,0.6746727272727273,0.2600636363636364,42.845454545454544,0.5784,0
2023-07-11,35.23818181818182,0.6790363636363637,0.2907818181818182,43.1,0.6022,0
2023-07-12,20.85818181818182,0.6833818181818182,0.25489090909090906,42.59090909090909,0.5681,0
2023-07-13,23.310909090909092,0.6780636363636364,0.2787363636363636,42.50909090909091,0.6579,0
2023-07-14,21.922727272727272,0.6976181818181818,0.2943272727272727,42.663636363636364,0.6249,0
2023-07-15,31.654545454545453,0.7161181818181818,0.3658818181818182,42.08181818181818,0.6607,0
2023-07-16,22.38090909090909,0.7293545454545455,0.30961818181818185,41.91818181818182,0.6456,0
2023-07-17,29.008181818181814,0.7247,0.3467545454545455,41.68181818181818,0.6953,0
2023-07-18,40.28090909090909,0.7363636363636363,0.4165545454545455,41.54545454545455,0.7349,0
2023-07-19,42.14272727272727,0.7444727272727273,0.4493272727272728,41.68181818181818,0.7717,0
2023-07-20,31.71,0.7426818181818181,0.40347272727272726,41.90909090909091,0.694,0
2023-07-21,45.52454545454545,0.7608272727272727,0.4610181818181818,41.40909090909091,0.7661,0
2023-07-22,25.64454545454545,0.7589727272727274,0.33823636363636367,41.40909090909091,0.6709,0
2023-07-23,31.274545454545454,0.7567363636363637,0.39131818181818184,40.981818181818184,0.7449,0
2023-07-24,38.31818181818182,0.7531818181818182,0.4149909090909091,41.199999999999996,0.7421,0
2023-07-25,31.069090909090907,0.7623636363636362,0.41823636363636363,40.699999999999996,0.6944,0
2023-07-26,55.83272727272727,0.7702000000000001,0.4651727272727273,40.800000000000004,0.76,0
2023-07-27,23.39,0.7719,0.34507272727272725,40.86363636363637,0.7361,0
2023-07-28,48.693636363636365,0.7835727272727273,0.4975727272727273,41.00909090909091,0.7541,0
2023-07-29,48.69909090909091,0.7839454545454546,0.45529090909090913,40.24545454545454,0.7722,0
2023-07-30,48.00909090909091,0.7758909090909092,0.4659636363636364,40.25454545454546,0.7807,0
2023-07-31,38.98636363636364,0.7796181818181818,0.4324090909090909,40.24545454545454,0.7556,0
2023-08-01,44.92909090909091,0.7953818181818182,0.4500363636363636,39.95454545454545,0.8435,0
2023-08-02,39.61272727272728,0.7934363636363636,0.4125363636363636,39.64545454545455,0.743,0
2023-08-03,53.344545454545454,0.8042363636363636,0.46709090909090906,39.77272727272727,0.7769,0
2023-08-04,29.89636363636364,0.7989181818181819,0.3900545454545455,40.17272727272727,0.8363,0
2023-08-05,43.37,0.7972,0.39013636363636367,39.49090909090909,0.7834,0
2023-08-06,49.58454545454545,0.7994090909090908,0.4142818181818182,38.92727272727273,0.7771,0
2023-08-07,44.905454545454546,0.8104818181818182,0.40429090909090903,38.69090909090909,0.7736,0
2023-08-08,41.02818181818182,0.7991363636363636,0.4062090909090909,38.96363636363637,0.7709,0
2023-08-09,42.54545454545455,0.8128818181818183,0.43450909090909096,38.845454545454544,0.7738,0
2023-08-10,39.01363636363636,0.8074636363636363,0.4370181818181818,38.86363636363637,0.8193,0
2023-08-11,32.51,0.8199272727272727,0.39480909090909094,38.58181818181818,0.7537,0
2023-08-12,51.530909090909084,0.8126545454545454,0.3973636363636364,38.481818181818184,0.7713,0
2023-08-13,46.49454545454545,0.8196181818181819,0.4186727272727273,38.52727272727273,0.7779,0
2023-08-14,41.28090909090909,0.8179090909090909,0.3639090909090909,37.89090909090909,0.8237,0
2023-08-15,33.17636363636364,0.8150909090909092,0.406890909090909,38.1,0.8191,0
2023-08-16,23.06,0.8169909090909091,0.3091,37.75454545454546,0.7406,0
2023-08-17,20.30272727272727,0.8311727272727274,0.26684545454545455,38.445454545454545,0.7292,0
2023-08-18,35.03909090909091,0.8233545454545456,0.3474909090909091,37.60909090909091,0.8142,0
2023-08-19,19.678181818181816,0.8285545454545455,0.2707727272727273,37.63636363636363,0.7371,0
2023-08-20,36.21272727272727,0.8229727272727273,0.31535454545454544,37.47272727272727,0.7394,0
2023-08-21,34.267272727272726,0.8297818181818183,0.3425090909090909,37.53636363636363,0.7384,0
2023-08-22,22.56,0.8278727272727273,0.2828181818181818,37.518181818181816,0.7006,0
2023-08-23,22.83727272727273,0.8296272727272727,0.2453909090909091,37.345454545454544,0.7886,0
2023-08-24,20.680909090909093,0.8320363636363637,0.2397181818181818,37.31818181818182,0.7065,0
2023-08-25,34.22363636363636,0.8299272727272728,0.3039454545454545,37.00909090909091,0.7296,0
2023-08-26,23.41181818181818,0.8365818181818182,0.2694272727272727,36.91818181818182,0.7265,0
2023-08-27,18.35909090909091,0.8263636363636363,0.20136363636363636,37.054545454545455,0.643,0
2023-08-28,17.12,0.8307000000000001,0.20921818181818183,36.872727272727275,0.5961,0
2023-08-29,19.974545454545456,0.8322272727272728,0.1990909090909091,36.82727272727273,0.6096,0
2023-08-30,16.30181818181818,0.8337181818181818,0.18352727272727273,37.154545454545456,0.554,0
2023-08-31,13.510000000000002,0.8372727272727274,0.13029999999999997,36.74545454545454,0.5707,0
2023-09-01,6.997272727272727,0.8262272727272727,0.09129999999999999,37.32727272727273,0.4145,0
2023-09-02,6.706363636363637,0.8242090909090909,0.07984545454545454,36.690909090909095,0.4456,0
2023-09-03,20.866363636363637,0.8289090909090909,0.22404545454545455,36.88181818181818,0.4392,0
2023-09-04,16.414545454545454,0.8260636363636364,0.11837272727272728,36.872727272727275,0.4472,0
2023-09-05,6.525454545454545,0.8234272727272728,0.04734545454545455,36.46363636363637,0.3883,0
2023-09-06,11.223636363636363,0.8314454545454546,0.09610909090909091,36.79090909090909,0.4122,0
2023-09-07,12.799090909090909,0.8292,0.06668181818181818,36.872727272727275,0.3856,0
2023-09-08,17.25090909090909,0.8213090909090909,0.1494090909090909,36.445454545454545,0.4897,0
2023-09-09,13.93090909090909,0.8266818181818182,0.08794545454545455,36.75454545454546,0.4274,0
2023-09-10,1.6409090909090909,0.8163181818181818,-0.007854545454545454,36.47272727272727,0.3475,0
2023-09-11,8.567272727272728,0.8108363636363637,0.053090909090909084,36.336363636363636,0.3307,0
2023-09-12,12.413636363636364,0.808409090909091,0.06775454545454546,36.309090909090905,0.4056,0
2023-09-13,3.5927272727272723,0.8071181818181817,-0.011436363636363633,35.981818181818184,0.3591,0
2023-09-14,10.210909090909091,0.8068272727272727,0.05737272727272727,36.35454545454545,0.3413,0
2023-09-15,6.096363636363637,0.7993545454545454,-0.0004363636363636366,36.24545454545454,0.3841,0
2023-09-16,4.598181818181818,0.7966727272727273,-0.027581818181818183,36.53636363636363,0.2484,0
2023-09-17,14.700909090909091,0.777390909090909,0.07456363636363637,35.85454545454545,0.3539,0
2023-09-18,8.772727272727273,0.7707545454545456,0.02844545454545454,36.27272727272727,0.3757,0
2023-09-19,3.200909090909091,0.7584181818181819,-0.05476363636363637,35.92727272727273,0.3194,0
2023-09-20,8.355454545454545,0.7615090909090909,-0.002354545454545455,35.82727272727273,0.299,0
2023-09-21,8.281818181818181,0.7477181818181818,-0.0038818181818181833,35.872727272727275,0.317,0
2023-09-22,3.671818181818182,0.7380727272727273,-0.05330909090909091,35.41818181818182,0.3326,0
2023-09-23,0.39272727272727276,0.7275909090909092,-0.10418181818181817,35.56363636363636,0.261,0
2023-09-24,1.0354545454545454,0.7002181818181819,-0.0931090909090909,35.73636363636364,0.2645,0
2023-09-25,1.91,0.7038909090909091,-0.09368181818181819,35.53636363636363,0.1632,0
2023-09-26,4.280909090909091,0.6928909090909091,-0.06809090909090909,35.4,0.2473,0
2023-09-27,0.0,0.6778181818181819,-0.1201,35.61818181818182,0.2241,0
2023-09-28,2.5736363636363637,0.6742090909090909,-0.09645454545454545,35.445454545454545,0.1766,0
2023-09-29,1.4254545454545455,0.6515,-0.10576363636363637,35.78181818181818,0.153,0
2023-09-30,3.3445454545454543,0.6428909090909091,-0.08516363636363636,35.50909090909091,0.182,0
2023-10-01,1.3490909090909091,0.6425,-0.10451818181818182,35.14545454545455,0.13,0
2023-10-02,0.9127272727272726,0.643109090909091,-0.1373181818181818,35.38181818181818,0.1609,0
2023-10-03,0.6745454545454546,0.6179454545454545,-0.12159999999999999,35.336363636363636,0.1503,0
2023-10-04,0.20181818181818184,0.6087636363636363,-0.1318,35.40909090909091,0.2117,0
2023-10-05,0.6536363636363636,0.5969454545454546,-0.1326090909090909,34.99090909090909,0.1573,0
2023-10-06,0.25,0.5868363636363636,-0.14679090909090908,34.60909090909091,0.1355,0
2023-10-07,0.16636363636363638,0.5738818181818183,-0.15233636363636363,34.60909090909091,0.186,0
2023-10-08,0.9281818181818182,0.5768181818181818,-0.15353636363636364,35.18181818181818,0.2049,0
2023-10-09,0.2827272727272727,0.5576636363636364,-0.17712727272727272,34.88181818181818,0.143,0
2023-10-10,0.1318181818181818,0.552290909090909,-0.14951818181818183,34.800000000000004,0.2123,0
2023-10-11,2.4990909090909095,0.5384727272727272,-0.13720909090909092,35.018181818181816,0.1655,0
2023-10-12,0.0,0.5427090909090908,-0.16516363636363637,34.76363636363636,0.119,0
2023-10-13,1.5872727272727274,0.5220545454545454,-0.14522727272727273,34.63636363636363,0.1926,0
2023-10-14,0.4290909090909091,0.5175454545454545,-0.15673636363636365,34.42727272727273,0.1708,0
2023-10-15,0.17909090909090908,0.503109090909091,-0.1787,34.763636363636365,0.0888,0
2023-10-16,0.33636363636363636,0.4984363636363636,-0.16594545454545456,34.45454545454545,0.1539,0
2023-10-17,1.258181818181818,0.4786454545454546,-0.15094545454545452,33.88181818181818,0.1513,0
2023-10-18,0.44909090909090915,0.4765636363636363,-0.1728,34.445454545454545,0.161,1
2023-10-19,0.0,0.46846363636363636,-0.17832727272727272,34.36363636363637,0.1612,1
2023-10-20,0.0,0.46615454545454543,-0.1707909090909091,34.35454545454545,0.207,1
2023-10-21,0.0,0.4439,-0.1753,34.13636363636363,0.1406,1
2023-10-22,0.0,0.43822727272727274,-0.18254545454545454,34.47272727272727,0.1445,1
2023-10-23,0.0,0.4359363636363636,-0.18248181818181816,33.89090909090909,0.1472,1
2023-10-24,0.0,0.42608181818181823,-0.181,33.92727272727273,0.1707,1
2023-10-25,0.3109090909090909,0.41341818181818185,-0.17698181818181818,34.22727272727273,0.0705,1
2023-10-26,0.20727272727272725,0.4100909090909091,-0.18459090909090908,34.09090909090909,0.1633,1
2023-10-27,0.0,0.4135363636363636,-0.1961363636363636,34.4,0.1445,1
2023-10-28,0.3936363636363636,0.41033636363636367,-0.1966181818181818,34.163636363636364,0.0931,1
2023-10-29,0.0,0.4023090909090909,-0.18367272727272727,33.945454545454545,0.1697,1
2023-10-30,0.10090909090909092,0.3938636363636363,-0.17975454545454547,33.90909090909091,0.1221,1
2023-10-31,0.07,0.3907363636363636,-0.18754545454545457,34.10909090909091,0.1101,1
2023-11-01,0.07272727272727274,0.3806090909090909,-0.3963636363636364,33.92727272727273,0.1074,1
2023-11-02,0.5145454545454545,0.37531818181818183,-0.4009181818181818,34.08181818181818,0.0702,1
2023-11-03,0.0,0.38234545454545454,-0.3941454545454546,34.14545454545455,0.1059,1
2023-11-04,0.0,0.3629818181818182,-0.38967272727272734,33.77272727272727,0.0923,2
2023-11-05,0.3390909090909091,0.3578090909090909,-0.40563636363636363,33.95454545454545,0.1484,2
2023-11-06,0.0,0.3588272727272728,-0.4021818181818182,33.71818181818182,0.074,1
2023-11-07,0.0,0.3629454545454545,-0.39082727272727275,33.46363636363637,0.1395,1
2023-11-08,0.0,0.33604545454545454,-0.41955454545454546,33.699999999999996,0.1125,1
2023-11-09,0.0,0.34534545454545457,-0.42172727272727273,33.9,0.1168,2
2023-11-10,0.0,0.3376454545454546,-0.3785636363636364,33.43636363636364,0.1191,1
2023-11-11,0.0,0.3448272727272727,-0.38089999999999996,33.78181818181818,0.085,1
2023-11-12,0.0,0.3421727272727273,-0.37623636363636365,33.38181818181818,0.1175,1
2023-11-13,0.02090909090909091,0.32330000000000003,-0.3900727272727273,33.336363636363636,0.0892,1
2023-11-14,0.08545454545454545,0.31739090909090906,-0.3977272727272727,33.4,0.1437,2
2023-11-15,0.0,0.33691818181818184,-0.42535454545454543,33.95454545454545,0.13,2
2023-11-16,0.0,0.3239181818181818,-0.37963636363636366,33.518181818181816,0.1194,1
2023-11-17,0.0,0.3283272727272727,-0.4017,33.38181818181818,0.1623,2
2023-11-18,0.0,0.31019090909090913,-0.3668181818181818,33.24545454545454,0.15,1
2023-11-19,0.052727272727272734,0.3086,-0.4155090909090909,33.75454545454546,0.0864,2
2023-11-20,0.0,0.3044909090909091,-0.37737272727272725,33.45454545454545,0.0708,2
2023-11-21,0.024545454545454547,0.30685454545454544,-0.4041,34.09090909090909,0.0859,2
2023-11-22,0.0,0.3057181818181818,-0.38620909090909095,33.699999999999996,0.1308,2
2023-11-23,0.04,0.2968363636363636,-0.3816272727272727,33.481818181818184,0.1185,2
2023-11-24,0.011818181818181818,0.29044545454545456,-0.3761909090909091,33.71818181818182,0.1179,2
2023-11-25,0.0,0.2899909090909091,-0.42205454545454546,33.845454545454544,0.1406,2
2023-11-26,0.0,0.2897272727272728,-0.41866363636363635,33.699999999999996,0.1262,2
2023-11-27,0.01090909090909091,0.2878727272727273,-0.4042636363636364,33.56363636363636,0.1502,2
2023-11-28,0.0,0.2939818181818182,-0.384,34.21818181818182,0.1028,1
2023-11-29,0.0,0.28944545454545456,-0.4080727272727272,33.79090909090909,0.1202,2
2023-11-30,0.0,0.29002727272727274,-0.39846363636363635,34.03636363636364,0.1192,2
2023-12-01,0.002727272727272727,0.2808363636363636,-0.41319090909090905,34.054545454545455,0.0982,2
2023-12-02,0.08545454545454545,0.2877272727272727,-0.3871545454545455,33.57272727272727,0.06,1
2023-12-03,0.0,0.27415454545454543,-0.4220181818181818,33.91818181818182,0.0914,2
2023-12-04,0.0,0.2726363636363636,-0.3944090909090909,33.72727272727273,0.1264,2
2023-12-05,0.15181818181818182,0.2844,-0.38930000000000003,34.06363636363636,0.1104,2
2023-12-06,0.11454545454545455,0.27796363636363636,-0.40966363636363634,34.17272727272727,0.057,2
2023-12-07,0.0,0.27424545454545457,-0.43881818181818183,33.92727272727273,0.0973,2
2023-12-08,0.025454545454545455,0.2711181818181818,-0.406,34.4,0.0936,2
2023-12-09,0.007272727272727273,0.2665363636363636,-0.37132727272727273,33.95454545454545,0.1341,2
2023-12-10,0.00818181818181818,0.2682909090909091,-0.41087272727272733,34.5,0.101,2
2023-12-11,0.08181818181818182,0.2660909090909091,-0.4207636363636364,34.28181818181818,0.065,2
2023-12-12,0.0,0.27338181818181817,-0.40264545454545453,33.654545454545456,0.1231,2
2023-12-13,0.02909090909090909,0.2554636363636364,-0.42103636363636365,34.00909090909091,0.1228,2
2023-12-14,0.0,0.2671454545454546,-0.41192727272727275,34.16363636363636,0.1255,2
2023-12-15,0.028181818181818183,0.26430000000000003,-0.3981272727272728,34.46363636363637,0.0901,2
2023-12-16,0.0,0.2627909090909091,-0.4076909090909091,34.29090909090909,0.0707,2
2023-12-17,0.0,0.26735454545454546,-0.4004818181818182,34.10909090909091,0.1564,2
2023-12-18,0.0036363636363636364,0.25773636363636365,-0.4144272727272727,33.96363636363637,0.0918,2
2023-12-19,0.0,0.24701818181818183,-0.4314636363636364,34.64545454545455,0.1181,2
2023-12-20,0.0,0.24079090909090908,-0.3836,34.481818181818184,0.1614,2
2023-12-21,0.0,0.24177272727272728,-0.39901818181818177,35.018181818181816,0.0975,2
2023-12-22,0.0,0.2531818181818182,-0.38245454545454544,35.17272727272727,0.1619,2
2023-12-23,0.057272727272727274,0.24785454545454544,-0.39157272727272724,34.68181818181818,0.093,2
2023-12-24,0.18454545454545457,0.25845454545454544,-0.4163272727272727,34.345454545454544,0.1107,2
2023-12-25,0.011818181818181818,0.24491818181818178,-0.4013818181818181,34.5,0.1886,2
2023-12-26,0.14,0.25787272727272725,-0.3935636363636364,34.97272727272727,0.1431,2
2023-12-27,0.0,0.26444545454545454,-0.39743636363636364,34.981818181818184,0.0501,2
2023-12-28,0.0,0.2615454545454545,-0.42469090909090906,34.63636363636363,0.0956,2
2023-12-29,0.01909090909090909,0.25478181818181816,-0.40563636363636363,34.690909090909095,0.087,2
2023-12-30,0.009090909090909092,0.249,-0.36552727272727276,34.46363636363637,0.0987,2
2023-12-31,0.006363636363636364,0.24466363636363636,-0.4045363636363636,35.0,0.0986,2
2024-01-01,0.19363636363636363,0.22853636363636365,-0.4145,34.86363636363637,0.1078,2
2024-01-02,0.14272727272727273,0.23685454545454546,-0.4130545454545454,35.35454545454545,0.1051,2
2024-01-03,0.0,0.23546363636363637,-0.4082272727272727,35.40909090909091,0.1155,2
2024-01-04,0.11636363636363636,0.2292,-0.4014545454545455,35.27272727272727,0.035,2
2024-01-05,0.018181818181818184,0.24364545454545453,-0.4006181818181819,35.38181818181818,0.0918,2
2024-01-06,0.11363636363636363,0.22752727272727274,-0.4115818181818182,36.23636363636364,0.0828,2
2024-01-07,0.049090909090909095,0.23251818181818182,-0.3986454545454545,35.59090909090909,0.1097,2
2024-01-08,0.0,0.24493636363636365,-0.4162818181818182,35.92727272727273,0.0922,2
2024-01-09,0.0,0.23446363636363635,-0.3892818181818182,36.10909090909091,0.0619,2
2024-01-10,0.018181818181818184,0.2251909090909091,-0.4308272727272728,35.54545454545455,0.0944,2
2024-01-11,0.04090909090909091,0.2300181818181818,-0.4073272727272727,36.23636363636364,0.0694,2
2024-01-12,0.026363636363636363,0.23037272727272728,-0.4010090909090909,36.300000000000004,0.0598,2
2024-01-13,0.08,0.23698181818181815,-0.3890909090909091,36.18181818181818,0.1699,2
2024-01-14,0.2290909090909091,0.22838181818181819,-0.3817,36.32727272727273,0.1112,2
2024-01-15,0.0036363636363636364,0.23005454545454548,-0.40258181818181815,36.71818181818182,0.1041,2
2024-01-16,0.009090909090909092,0.23414545454545455,-0.4203727272727273,36.663636363636364,0.1026,2
2024-01-17,0.09181818181818181,0.24253636363636363,-0.4229909090909091,36.372727272727275,0.1086,2
2024-01-18,0.026363636363636363,0.23067272727272725,-0.3912272727272727,36.800000000000004,0.0423,2
2024-01-19,0.0,0.23119090909090909,-0.41505454545454545,36.61818181818182,0.0833,2
2024-01-20,0.0,0.2335909090909091,-0.3835363636363636,36.836363636363636,0.1274,2
2024-01-21,0.10363636363636365,0.22743636363636366,-0.4113545454545454,36.82727272727273,0.1231,2
2024-01-22,0.15545454545454546,0.2249818181818182,-0.38791818181818183,37.28181818181818,0.0891,2
2024-01-23,0.030909090909090907,0.23714545454545455,-0.38513636363636367,37.163636363636364,0.0438,2
2024-01-24,0.0,0.2342818181818182,-0.39339999999999997,37.14545454545455,0.1139,2
2024-01-25,0.02,0.2347090909090909,-0.3926,37.481818181818184,0.0989,2
2024-01-26,0.0,0.22594545454545453,-0.3846,36.981818181818184,0.0645,2
2024-01-27,0.00818181818181818,0.2261,-0.3931363636363637,37.554545454545455,0.0749,2
2024-01-28,0.0,0.2276272727272727,-0.4083272727272727,37.63636363636363,0.0926,2
2024-01-29,0.07090909090909091,0.22547272727272727,-0.40388181818181823,37.64545454545455,0.1185,2
2024-01-30,0.06818181818181818,0.23838181818181817,-0.37364545454545456,38.08181818181818,0.0473,2
2024-01-31,0.13363636363636364,0.24192727272727274,-0.4203727272727273,37.82727272727273,0.1128,2
2024-02-01,0.0,0.23460909090909093,-0.3900636363636364,37.654545454545456,0.0148,2
2024-02-02,0.002727272727272727,0.23734545454545453,-0.41601818181818184,38.9,0.0775,2
2024-02-03,0.0,0.2274909090909091,-0.37000000000000005,37.76363636363636,0.0861,2
2024-02-04,0.08727272727272727,0.22748181818181817,-0.3796818181818182,38.00909090909091,0.0868,2
2024-02-05,0.0,0.23829090909090908,-0.3820090909090909,38.59090909090909,0.0811,2
2024-02-06,0.03636363636363637,0.23316363636363635,-0.4431727272727273,38.5,0.1088,2
2024-02-07,0.0,0.2247909090909091,-0.3905909090909091,38.60909090909091,0.0591,2
2024-02-08,0.0,0.23829090909090908,-0.41014545454545454,39.20909090909091,0.0249,2
2024-02-09,0.034545454545454546,0.23814545454545455,-0.38996363636363635,38.95454545454545,0.0953,2
2024-02-10,0.004545454545454546,0.2269909090909091,-0.38413636363636366,38.872727272727275,0.0421,2
2024-02-11,0.004545454545454546,0.2402363636363636,-0.3725454545454545,38.981818181818184,0.0628,2
2024-02-12,0.0,0.22801818181818181,-0.3562909090909091,39.809090909090905,0.0718,2
2024-02-13,0.0,0.22147272727272727,-0.4131,38.98181818181818,0.075,2
2024-02-14,0.0,0.2394181818181818,-0.43836363636363634,39.53636363636363,0.0684,2
2024-02-15,0.09090909090909091,0.24394545454545458,-0.4243727272727273,39.28181818181818,0.0058,2
2024-02-16,0.0,0.23793636363636364,-0.4142727272727273,39.45454545454545,0.0682,2
2024-02-17,0.03363636363636364,0.2295090909090909,-0.38893636363636364,39.17272727272727,0.0249,2
2024-02-18,0.0,0.23170000000000002,-0.3861272727272727,39.518181818181816,0.0541,2
2024-02-19,0.0,0.22275454545454546,-0.4003090909090909,40.06363636363636,0.0441,2
2024-02-20,0.01,0.24100909090909092,-0.3859090909090909,40.28181818181818,0.0896,2
2024-02-21,0.14545454545454545,0.22721818181818182,-0.4091818181818182,40.08181818181818,0.0325,2
2024-02-22,0.12636363636363634,0.23431818181818184,-0.39606363636363634,40.554545454545455,0.05,2
2024-02-23,0.010909090909090908,0.23836363636363636,-0.4152818181818182,39.52727272727273,0.0,2
2024-02-24,0.05090909090909091,0.2340181818181818,-0.4031272727272727,40.554545454545455,0.0573,2
2024-02-25,0.0,0.22914545454545454,-0.43632727272727273,40.1,0.0214,2
2024-02-26,0.0,0.22952727272727272,-0.4051090909090909,41.09090909090909,0.0303,2
2024-02-27,0.046363636363636364,0.23279090909090908,-0.4037272727272727,41.24545454545454,0.0421,2
2024-02-28,0.0,0.23524545454545454,-0.4123727272727273,40.945454545454545,0.079,2
2024-02-29,0.0,0.2335727272727273,-0.44376363636363636,40.54545454545455,0.0365,2
2024-03-01,0.0,0.2406909090909091,-0.42081818181818176,41.18181818181818,0.0242,2
2024-03-02,0.0,0.23086363636363635,-0.3731,41.46363636363636,0.0264,2
2024-03-03,0.0009090909090909091,0.2315090909090909,-0.4005545454545455,41.199999999999996,0.0794,2
2024-03-04,0.0,0.2209818181818182,-0.42289090909090904,41.26363636363636,0.0691,2
2024-03-05,0.0,0.23590909090909087,-0.39600909090909087,41.58181818181818,0.0278,2
2024-03-06,0.0,0.2272,-0.41361818181818183,41.10909090909091,0.0652,2
2024-03-07,0.0009090909090909091,0.23239090909090906,-0.38034545454545454,41.99090909090909,0.0354,2
2024-03-08,0.0,0.2267,-0.39595454545454545,41.88181818181818,0.0137,2
2024-03-09,0.0018181818181818182,0.24156363636363637,-0.3811818181818181,41.78181818181818,0.0365,2
2024-03-10,0.0,0.23806363636363637,-0.3895181818181818,41.82727272727273,0.0104,2
2024-03-11,0.0009090909090909091,0.2283090909090909,-0.4062454545454546,42.09090909090909,0.0019,2
2024-03-12,0.0036363636363636364,0.22645454545454546,-0.37878181818181816,42.04545454545455,0.0264,2
2024-03-13,0.002727272727272727,0.23532727272727272,-0.41922727272727267,42.20909090909091,0.0101,2
2024-03-14,0.0,0.2395272727272727,-0.43366363636363636,42.36363636363637,0.0611,2
2024-03-15,0.0,0.22404545454545455,-0.3890272727272727,42.345454545454544,0.0419,2
2024-03-16,0.0,0.2318090909090909,-0.3698636363636364,42.49090909090909,0.0291,2
2024-03-17,0.0,0.22866363636363635,-0.39573636363636366,42.96363636363637,0.0353,2
2024-03-18,0.0,0.23147272727272725,-0.3828545454545455,42.40909090909091,0.0152,2
2024-03-19,0.0018181818181818182,0.23383636363636365,-0.39417272727272723,43.018181818181816,0.0354,2
2024-03-20,0.0018181818181818182,0.22916363636363635,-0.39396363636363635,42.93636363636364,0.0534,2
2024-03-21,0.0,0.24525454545454545,-0.39600909090909087,42.75454545454546,0.0028,2
2024-03-22,0.0036363636363636364,0.2322727272727273,-0.3944545454545455,42.836363636363636,0.0462,2
2024-03-23,0.004545454545454546,0.2247909090909091,-0.36723636363636364,42.89090909090909,0.0362,2
2024-03-24,0.0,0.23956363636363634,-0.41575454545454543,43.190909090909095,0.0119,2
2024-03-25,0.0009090909090909091,0.23300909090909092,-0.40913636363636363,43.54545454545455,0.0314,2
2024-03-26,0.0,0.23319090909090912,-0.37623636363636365,43.59090909090909,0.029,2
2024-03-27,0.0,0.22818181818181815,-0.38465454545454547,43.79090909090909,0.0047,2
2024-03-28,0.0,0.2358727272727273,-0.39637272727272727,43.154545454545456,0.0992,2
2024-03-29,0.004545454545454546,0.23567272727272728,-0.38976363636363637,43.36363636363637,0.0132,2
2024-03-30,0.0,0.23363636363636361,-0.3670090909090909,43.60909090909091,0.019,2
2024-03-31,0.0,0.25166363636363637,-0.3825363636363637,43.836363636363636,0.0,2
2024-04-01,0.017272727272727273,0.23465454545454545,-0.4008545454545454,44.18181818181818,0.0,2
2024-04-02,0.17545454545454545,0.2397090909090909,-0.3649545454545455,44.58181818181818,0.0012,2
2024-04-03,0.0,0.23386363636363636,-0.40285454545454547,44.20909090909091,0.0277,2
2024-04-04,0.7018181818181819,0.2359181818181818,-0.36322727272727273,44.24545454545454,0.0234,2
2024-04-05,0.0,0.23882727272727272,-0.4189,44.41818181818182,0.0163,2
2024-04-06,0.02,0.23368181818181818,-0.4087727272727273,44.70909090909091,0.0,2
2024-04-07,0.1890909090909091,0.2382272727272727,-0.3838545454545455,44.52727272727273,0.0,2
2024-04-08,0.8672727272727272,0.24016363636363636,-0.41908181818181817,44.345454545454544,0.0693,2
2024-04-09,0.0,0.2338909090909091,-0.3867090909090909,44.945454545454545,0.0172,2
2024-04-10,0.5045454545454545,0.24243636363636362,-0.3763363636363637,44.41818181818182,0.0,2
2024-04-11,0.0,0.24051818181818183,-0.40155454545454544,45.38181818181818,0.0599,2
2024-04-12,0.024545454545454547,0.24321818181818183,-0.35296363636363637,44.36363636363637,0.0345,2
2024-04-13,0.4754545454545455,0.24351818181818183,-0.4192727272727273,45.21818181818182,0.0051,2
2024-04-14,0.47181818181818186,0.2428,-0.38450909090909086,45.06363636363636,0.0869,2
2024-04-15,1.6272727272727272,0.2421,-0.37370909090909094,45.154545454545456,0.0,2
2024-04-16,0.4709090909090909,0.23833636363636365,-0.3935272727272727,45.26363636363636,0.0116,2
2024-04-17,0.2690909090909091,0.2471909090909091,-0.3919181818181818,45.41818181818182,0.017,2
2024-04-18,1.0154545454545456,0.24342727272727274,-0.37654545454545457,45.25454545454546,0.0,2
2024-04-19,1.6745454545454548,0.2387272727272727,-0.4172636363636364,45.345454545454544,0.053,2
2024-04-20,0.6972727272727273,0.24495454545454545,-0.3708272727272728,44.800000000000004,0.0529,2
2024-04-21,0.04363636363636363,0.24366363636363636,-0.3725818181818182,45.300000000000004,0.0249,2
2024-04-22,0.37454545454545457,0.25227272727272726,-0.37735454545454544,45.6,0.0,2
2024-04-23,0.24545454545454543,0.2340181818181818,-0.38600000000000007,45.50909090909091,0.024,2
2024-04-24,0.46181818181818185,0.24435454545454546,-0.40578181818181813,45.46363636363637,0.0,2
2024-04-25,0.16454545454545455,0.2500090909090909,-0.41579090909090904,45.809090909090905,0.0045,2
2024-04-26,0.40090909090909094,0.25329090909090907,-0.4337363636363636,45.89090909090909,0.0227,2
2024-04-27,0.3572727272727273,0.2459818181818182,-0.36654545454545456,45.6,0.0742,2
2024-04-28,0.4445454545454546,0.24725454545454548,-0.4002818181818182,45.90909090909091,0.0292,2
2024-04-29,1.5718181818181818,0.24253636363636363,-0.36735454545454543,45.59090909090909,0.0009,2
2024-04-30,0.6581818181818182,0.24202727272727273,-0.40057272727272725,45.71818181818182,0.0381,2
2024-05-01,0.6318181818181818,0.25174545454545455,-0.1832090909090909,45.5,0.055,2
2024-05-02,0.14363636363636365,0.2549727272727273,-0.17302727272727272,45.900000000000006,0.0605,2
2024-05-03,0.6736363636363637,0.26523636363636366,-0.18633636363636363,45.81818181818182,0.0715,2
2024-05-04,1.6227272727272728,0.2600818181818182,-0.17830909090909092,46.07272727272727,0.046,2
2024-05-05,0.4809090909090909,0.25736363636363635,-0.17602727272727273,45.81818181818182,0.0698,2
2024-05-06,0.4309090909090909,0.2509636363636364,-0.1915181818181818,45.67272727272727,0.0475,2
2024-05-07,0.5190909090909092,0.2645181818181818,-0.16984545454545455,45.845454545454544,0.0573,2
2024-05-08,0.0,0.24233636363636366,-0.1948181818181818,46.27272727272727,0.0695,2
2024-05-09,1.5527272727272725,0.2535181818181818,-0.15878181818181816,46.10909090909091,0.0649,2
2024-05-10,0.5118181818181818,0.25679090909090907,-0.16814545454545454,46.22727272727273,0.081,2
2024-05-11,0.6127272727272728,0.25612727272727276,-0.16970909090909092,46.03636363636363,0.0802,2
2024-05-12,0.6027272727272727,0.2737,-0.1659818181818182,46.20909090909091,0.0465,2
2024-05-13,0.07181818181818182,0.2589090909090909,-0.1732909090909091,45.9,0.0142,2
2024-05-14,0.7909090909090909,0.2686818181818182,-0.16573636363636363,46.0,0.078,2
2024-05-15,0.6945454545454545,0.25830909090909093,-0.1620090909090909,46.95454545454545,0.1079,2
2024-05-16,0.017272727272727273,0.27383636363636366,-0.161,46.27272727272727,0.1165,2
2024-05-17,0.8118181818181818,0.2658,-0.16072727272727272,46.00909090909091,0.0314,2
2024-05-18,0.8509090909090908,0.2812181818181818,-0.15940909090909092,46.14545454545455,0.0193,2
2024-05-19,1.2381818181818183,0.2797909090909091,-0.1378909090909091,45.95454545454545,0.0632,2
2024-05-20,2.0954545454545457,0.2873090909090909,-0.1307636363636364,46.42727272727273,0.0344,2
2024-05-21,1.1263636363636365,0.2928818181818182,-0.13460909090909093,45.64545454545455,0.0761,1
2024-05-22,1.9027272727272726,0.28197272727272726,-0.1298090909090909,45.809090909090905,0.1141,2
2024-05-23,2.3636363636363638,0.28163636363636363,-0.1171,46.08181818181818,0.121,2
2024-05-24,1.7554545454545454,0.28331818181818186,-0.13226363636363636,46.28181818181818,0.0655,2
2024-05-25,2.6263636363636365,0.2919454545454545,-0.11951818181818182,46.29090909090909,0.0462,1
2024-05-26,3.2145454545454544,0.2908090909090909,-0.11747272727272727,45.79090909090909,0.082,1
2024-05-27,0.6790909090909091,0.29426363636363634,-0.12557272727272728,46.27272727272727,0.0631,1
2024-05-28,0.9563636363636363,0.30065454545454545,-0.1305,45.74545454545454,0.0488,2
2024-05-29,6.113636363636363,0.30797272727272723,-0.06594545454545454,46.32727272727273,0.1282,1
2024-05-30,0.30454545454545456,0.28764545454545454,-0.11382727272727272,45.40909090909091,0.0188,2
2024-05-31,6.669090909090909,0.3142454545454545,-0.06378181818181818,46.127272727272725,0.147,1
2024-06-01,1.7827272727272727,0.3194818181818182,-0.08268181818181818,45.39090909090909,0.1408,1
2024-06-02,1.580909090909091,0.3180818181818182,-0.09786363636363636,45.76363636363636,0.0855,1
2024-06-03,0.5236363636363636,0.32691818181818183,-0.08882727272727273,45.77272727272727,0.0489,1
2024-06-04,4.363636363636363,0.31737272727272725,-0.0649,45.46363636363637,0.1704,1
2024-06-05,5.63,0.3320727272727273,-0.042718181818181815,45.627272727272725,0.1393,1
2024-06-06,1.4863636363636366,0.3441272727272727,-0.08311818181818181,45.96363636363637,0.0894,1
2024-06-07,6.476363636363636,0.33786363636363637,-0.01912727272727273,45.86363636363637,0.1251,1
2024-06-08,2.399090909090909,0.3404909090909091,-0.04555454545454545,45.59090909090909,0.1489,1
2024-06-09,5.5672727272727265,0.3495,-0.029636363636363638,45.54545454545455,0.1359,1
2024-06-10,8.464545454545455,0.34904545454545455,-0.0014545454545454584,45.70909090909091,0.2096,1
2024-06-11,4.78,0.36315454545454545,-0.035472727272727274,45.42727272727273,0.1127,1
2024-06-12,2.560909090909091,0.36155454545454546,-0.040572727272727274,45.345454545454544,0.1674,1
2024-06-13,9.238181818181818,0.37472727272727274,0.018545454545454546,45.23636363636364,0.2415,0
2024-06-14,5.917272727272728,0.3830363636363636,0.005063636363636364,45.45454545454545,0.1872,1
2024-06-15,2.611818181818182,0.39374545454545457,-0.02283636363636364,44.99090909090909,0.2057,0
2024-06-16,12.13,0.4057909090909091,0.08111818181818181,45.127272727272725,0.1747,1
2024-06-17,4.159090909090909,0.40511818181818177,-0.0038363636363636378,45.300000000000004,0.167,1
2024-06-18,7.59,0.40640909090909094,0.05146363636363636,44.77272727272727,0.181,1
2024-06-19,18.061818181818182,0.4184545454545454,0.15515454545454546,45.17272727272727,0.2799,1
2024-06-20,8.10909090909091,0.4287090909090909,0.05058181818181818,44.57272727272727,0.2702,1
2024-06-21,5.992727272727273,0.4312909090909091,0.05267272727272727,44.71818181818182,0.2561,0
2024-06-22,28.005454545454544,0.44372727272727275,0.12954545454545455,44.72727272727273,0.324,0
2024-06-23,16.45909090909091,0.46918181818181814,0.06537272727272726,44.26363636363636,0.3408,1
2024-06-24,25.272727272727273,0.4767909090909091,0.13153636363636365,44.46363636363637,0.4082,0
2024-06-25,11.508181818181818,0.49212727272727275,0.1011090909090909,44.554545454545455,0.3732,1
2024-06-26,20.244545454545456,0.5003454545454545,0.18501818181818178,44.40909090909091,0.4484,0
2024-06-27,15.92909090909091,0.5118727272727273,0.15117272727272726,44.17272727272727,0.5022,1
2024-06-28,7.446363636363636,0.5097545454545455,0.08983636363636363,43.872727272727275,0.4424,0
2024-06-29,16.285454545454545,0.5247090909090909,0.18215454545454549,44.87272727272727,0.3957,0
2024-06-30,24.29,0.5422454545454545,0.23983636363636365,44.03636363636363,0.4814,0
2024-07-01,17.257272727272728,0.5551090909090909,0.22073636363636362,43.554545454545455,0.3906,0
2024-07-02,14.878181818181817,0.5738090909090908,0.1739090909090909,43.6,0.4646,1
2024-07-03,22.018181818181816,0.5827818181818182,0.20195454545454544,43.72727272727273,0.4849,0
2024-07-04,14.489999999999998,0.5853090909090909,0.18397272727272726,43.31818181818182,0.493,0
2024-07-05,30.86090909090909,0.5978363636363636,0.3029363636363636,43.41818181818182,0.5337,0
2024-07-06,22.59090909090909,0.5963636363636363,0.23344545454545454,42.872727272727275,0.5458,0
2024-07-07,11.978181818181817,0.6099545454545455,0.17845454545454545,42.85454545454545,0.4714,0
2024-07-08,22.772727272727273,0.6202454545454545,0.2850909090909091,42.77272727272727,0.5484,0
2024-07-09,39.234545454545454,0.6312454545454546,0.2775090909090909,42.35454545454545,0.6175,0
2024-07-10,43.46727272727273,0.6459727272727273,0.3940090909090909,42.36363636363637,0.6662,0
2024-07-11,15.146363636363638,0.6446727272727273,0.23133636363636362,42.40909090909091,0.6497,0
2024-07-12,21.37,0.6457545454545455,0.27942727272727275,42.418181818181814,0.6966,0
2024-07-13,36.848181818181814,0.6615454545454545,0.3460909090909091,42.699999999999996,0.7011,0
2024-07-14,21.274545454545454,0.6781545454545455,0.29275454545454543,41.95454545454545,0.7084,0
2024-07-15,36.54272727272728,0.6791090909090909,0.3605181818181818,42.40909090909091,0.6867,0
2024-07-16,24.78636363636364,0.6887545454545454,0.2534272727272727,41.99090909090909,0.6775,0
2024-07-17,24.10727272727273,0.6827363636363636,0.3333272727272727,41.71818181818182,0.6985,0
2024-07-18,26.91818181818182,0.6970636363636363,0.3597090909090909,41.981818181818184,0.6537,0
2024-07-19,28.259090909090904,0.6982636363636364,0.3302090909090909,41.36363636363637,0.7378,0
2024-07-20,33.875454545454545,0.7076818181818182,0.37274545454545455,41.40909090909091,0.7525,0
2024-07-21,35.20636363636363,0.7094636363636364,0.35662727272727274,41.95454545454545,0.7474,0
2024-07-22,36.14909090909091,0.7093181818181818,0.38515454545454547,41.29090909090909,0.7358,0
2024-07-23,31.34,0.7239818181818182,0.4096090909090909,41.018181818181816,0.7185,0
2024-07-24,28.94090909090909,0.7293,0.35986363636363633,40.95454545454545,0.7359,0
2024-07-25,36.341818181818184,0.7328363636363636,0.40969090909090905,41.018181818181816,0.7411,0
2024-07-26,27.228181818181817,0.7316272727272728,0.34401818181818183,40.59090909090909,0.7498,0
2024-07-27,32.61636363636364,0.7403,0.4143727272727272,40.61818181818182,0.7862,0
2024-07-28,25.266363636363636,0.7450545454545455,0.3466090909090909,40.0,0.779,0
2024-07-29,36.03363636363636,0.7426454545454546,0.35175454545454543,40.14545454545455,0.7582,0
2024-07-30,27.422727272727272,0.7531636363636364,0.3378,40.10909090909091,0.6932,0
2024-07-31,33.261818181818185,0.7525090909090909,0.2914818181818182,40.31818181818182,0.7174,0
2024-08-01,48.28454545454545,0.7505181818181819,0.4106363636363636,39.43636363636364,0.7595,0
2024-08-02,20.37818181818182,0.7550181818181817,0.3155727272727273,39.49090909090909,0.6854,0
2024-08-03,24.517272727272726,0.7720727272727274,0.29926363636363634,40.190909090909095,0.7028,0
2024-08-04,38.23818181818182,0.7618181818181818,0.39336363636363636,39.518181818181816,0.7071,0
2024-08-05,24.924545454545456,0.7567,0.3287181818181818,39.481818181818184,0.7197,0
2024-08-06,22.61090909090909,0.7804545454545455,0.32787272727272726,39.50909090909091,0.723,0
2024-08-07,30.068181818181817,0.7783636363636363,0.3513636363636363,39.50909090909091,0.7283,0
2024-08-08,35.75181818181818,0.7705727272727273,0.33823636363636367,39.13636363636363,0.7956,0
2024-08-09,30.470000000000002,0.7781000000000001,0.3552818181818182,39.372727272727275,0.7712,0
2024-08-10,38.164545454545454,0.7702363636363636,0.4018181818181818,38.73636363636364,0.7596,0
2024-08-11,29.875454545454545,0.7834363636363637,0.38090909090909086,39.1,0.7639,0
2024-08-12,22.974545454545453,0.7796909090909092,0.2762272727272727,38.79090909090909,0.7553,0
2024-08-13,21.665454545454544,0.774909090909091,0.3114545454545455,38.92727272727273,0.7217,0
2024-08-14,34.8609090909091,0.789390909090909,0.4135363636363636,38.53636363636363,0.7974,0
2024-08-15,30.217272727272725,0.7863636363636364,0.3512363636363636,38.40909090909091,0.6972,0
2024-08-16,27.86545454545455,0.781309090909091,0.26177272727272727,38.89090909090909,0.773,0
2024-08-17,18.263636363636365,0.7882727272727272,0.25120909090909094,38.10909090909091,0.6696,0
2024-08-18,19.957272727272727,0.7900363636363636,0.2545,38.46363636363637,0.6828,0
2024-08-19,16.00090909090909,0.7870727272727273,0.23896363636363638,38.45454545454545,0.6716,0
2024-08-20,15.506363636363636,0.7860181818181818,0.22163636363636366,38.20909090909091,0.546,0
2024-08-21,29.962727272727275,0.7818818181818181,0.28904545454545455,37.90909090909091,0.54,0
2024-08-22,28.097272727272728,0.7890909090909091,0.2666727272727273,38.14545454545455,0.6566,0
2024-08-23,29.19636363636364,0.7883363636363636,0.25181818181818183,37.38181818181818,0.6502,0
2024-08-24,13.233636363636363,0.7858727272727273,0.19098181818181817,37.38181818181818,0.6387,0
2024-08-25,11.811818181818182,0.7828727272727272,0.1267818181818182,37.445454545454545,0.5313,0
2024-08-26,7.702727272727273,0.7898727272727272,0.11795454545454546,37.95454545454545,0.5268,0
2024-08-27,29.38,0.7897,0.2846181818181818,37.38181818181818,0.6412,0
2024-08-28,26.819999999999997,0.7978727272727273,0.2859,37.64545454545455,0.6132,0
2024-08-29,13.676363636363636,0.7863454545454546,0.13117272727272727,37.86363636363637,0.5661,0
2024-08-30,25.10272727272727,0.7890727272727273,0.21431818181818182,36.699999999999996,0.5569,0
2024-08-31,8.260909090909092,0.7852545454545455,0.10298181818181819,37.0,0.4897,0
2024-09-01,7.056363636363637,0.7860727272727274,0.08302727272727273,37.163636363636364,0.4827,0
2024-09-02,23.39727272727273,0.7875818181818183,0.17779999999999999,36.872727272727275,0.5845,0
2024-09-03,22.743636363636366,0.7923454545454546,0.15024545454545454,37.24545454545454,0.5297,0
2024-09-04,8.914545454545454,0.7769181818181817,0.077,37.04545454545455,0.4493,0
2024-09-05,12.015454545454547,0.7739545454545455,0.10350909090909091,37.04545454545455,0.445,0
2024-09-06,8.94909090909091,0.7837181818181819,0.07066363636363636,37.20909090909091,0.4243,0
2024-09-07,6.015454545454546,0.7732272727272727,0.0277,36.89090909090909,0.4457,0
2024-09-08,5.820909090909091,0.7778272727272728,0.02702727272727273,36.45454545454545,0.3437,0
2024-09-09,6.130909090909091,0.7741727272727273,0.028081818181818183,37.32727272727273,0.3972,0
2024-09-10,6.134545454545454,0.7685818181818181,0.0176,36.92727272727273,0.3416,0
2024-09-11,5.402727272727272,0.7681636363636364,0.01549090909090909,36.77272727272727,0.3136,0
2024-09-12,6.953636363636363,0.7598545454545454,0.022545454545454542,36.75454545454546,0.2692,0
2024-09-13,1.6081818181818184,0.7593181818181818,-0.03029090909090909,36.32727272727273,0.2473,0
2024-09-14,7.59909090909091,0.7539363636363636,0.013681818181818184,36.154545454545456,0.2473,0
2024-09-15,5.795454545454546,0.7486636363636364,-0.011490909090909092,36.61818181818182,0.2933,0
2024-09-16,4.160909090909091,0.744009090909091,-0.038400000000000004,36.23636363636364,0.2147,0
2024-09-17,6.188181818181818,0.7380363636363636,-0.004145454545454543,36.190909090909095,0.2728,0
2024-09-18,4.4372727272727275,0.7335090909090909,-0.036881818181818175,36.03636363636363,0.2642,0
2024-09-19,0.5218181818181818,0.7141363636363637,-0.07880909090909091,35.981818181818184,0.1947,0
2024-09-20,1.0072727272727273,0.7063272727272728,-0.08457272727272727,35.981818181818184,0.2027,0
2024-09-21,22.36090909090909,0.7053727272727273,-0.0251,36.14545454545455,0.3201,0
2024-09-22,16.61909090909091,0.6979727272727273,-0.04075454545454545,35.336363636363636,0.3171,0
2024-09-23,13.784545454545453,0.6757363636363637,-0.056363636363636366,35.654545454545456,0.3321,0
2024-09-24,17.46,0.6779363636363637,-0.017972727272727272,35.87272727272727,0.3778,0
2024-09-25,22.591818181818184,0.6837818181818182,-0.013154545454545453,35.93636363636364,0.4003,0
2024-09-26,23.85636363636364,0.6617090909090909,0.002336363636363631,35.9,0.475,0
2024-09-27,1.4500000000000002,0.6526909090909091,-0.08931818181818182,35.336363636363636,0.4276,0
2024-09-28,2.1863636363636365,0.6395000000000001,-0.08829999999999999,35.190909090909095,0.4046,0
2024-09-29,4.915454545454545,0.6289,-0.06782727272727272,35.627272727272725,0.3849,0
2024-09-30,2.071818181818182,0.6220727272727273,-0.10257272727272727,35.0,0.3375,0
2024-10-01,3.6736363636363634,0.6064727272727273,-0.0825,35.03636363636363,0.3248,0
2024-10-02,1.1,0.5925363636363636,-0.11006363636363638,34.90909090909091,0.2364,0
2024-10-03,3.190909090909091,0.5915181818181818,-0.10866363636363637,35.31818181818182,0.1871,0
2024-10-04,0.6836363636363637,0.5729636363636363,-0.12428181818181817,34.96363636363637,0.2016,0
2024-10-05,1.419090909090909,0.5695272727272728,-0.1186,35.22727272727273,0.2324,0
2024-10-06,0.7281818181818182,0.5582818181818182,-0.1371090909090909,34.96363636363637,0.1925,0
2024-10-07,1.0127272727272727,0.5604727272727273,-0.13933636363636362,34.41818181818182,0.1269,0
2024-10-08,0.28545454545454546,0.5510272727272727,-0.1463909090909091,35.03636363636363,0.1551,0
2024-10-09,0.2127272727272727,0.5375818181818182,-0.15123636363636364,35.018181818181816,0.1798,0
2024-10-10,1.8254545454545457,0.5278454545454546,-0.13416363636363637,34.89090909090909,0.152,0
2024-10-11,0.0,0.5281363636363636,-0.13940909090909093,34.76363636363636,0.1591,0
2024-10-12,0.5,0.5147272727272727,-0.15314545454545453,34.699999999999996,0.1097,0
2024-10-13,1.780909090909091,0.5111818181818182,-0.1338,34.73636363636364,0.1872,0
2024-10-14,0.18727272727272729,0.5000454545454546,-0.15365454545454546,34.43636363636364,0.1703,0
2024-10-15,0.4754545454545455,0.4951636363636363,-0.15395454545454546,34.53636363636363,0.1919,0
2024-10-16,0.010909090909090908,0.4865818181818182,-0.16324545454545455,34.554545454545455,0.1864,0
2024-10-17,0.0,0.4671727272727273,-0.16029090909090907,34.26363636363636,0.1319,0
2024-10-18,0.838181818181818,0.46731818181818185,-0.16186363636363635,34.5,0.1555,0
2024-10-19,0.15818181818181817,0.46854545454545454,-0.1742090909090909,34.47272727272727,0.174,0
2024-10-20,0.3463636363636364,0.45996363636363635,-0.17443636363636364,34.30909090909091,0.1642,0
2024-10-21,0.0,0.4617727272727273,-0.16597272727272727,34.054545454545455,0.1511,0
2024-10-22,0.44181818181818183,0.4462454545454545,-0.1606181818181818,33.97272727272727,0.1422,0
2024-10-23,0.08181818181818182,0.44314545454545456,-0.1738818181818182,34.03636363636363,0.184,0
2024-10-24,0.3054545454545454,0.4443818181818182,-0.17678181818181818,34.336363636363636,0.2015,0
2024-10-25,0.12363636363636364,0.4219818181818182,-0.17463636363636365,34.154545454545456,0.1329,1
2024-10-26,0.10727272727272727,0.41165454545454544,-0.17191818181818183,34.46363636363637,0.1664,1
2024-10-27,0.2727272727272727,0.3931272727272727,-0.17375454545454547,34.22727272727273,0.1368,1
2024-10-28,0.0,0.3867909090909091,-0.18378181818181816,33.75454545454546,0.2005,1
2024-10-29,0.0,0.3894818181818182,-0.17488181818181817,34.10909090909091,0.1233,1
2024-10-30,0.0,0.3755818181818182,-0.17607272727272727,34.127272727272725,0.1757,1
2024-10-31,0.0,0.3716272727272727,-0.19594545454545456,34.127272727272725,0.1185,1
2024-11-01,0.08454545454545455,0.3614181818181818,-0.3992272727272727,34.10909090909091,0.1882,1
2024-11-02,0.028181818181818183,0.3608090909090909,-0.4070181818181818,33.86363636363637,0.0809,1
2024-11-03,0.25363636363636366,0.3498363636363636,-0.39782727272727275,33.800000000000004,0.1056,2
2024-11-04,0.0,0.3476272727272727,-0.3617545454545455,33.82727272727273,0.0674,1
2024-11-05,0.0,0.3467545454545454,-0.3895090909090909,33.57272727272727,0.0953,2
2024-11-06,0.0,0.33993636363636365,-0.3869090909090909,33.981818181818184,0.0934,2
2024-11-07,0.0,0.34003636363636364,-0.3745181818181818,34.10909090909091,0.0496,1
2024-11-08,0.18454545454545454,0.33566363636363633,-0.4043909090909091,33.9,0.1125,2
2024-11-09,0.03090909090909091,0.32534545454545455,-0.4023454545454545,33.845454545454544,0.0894,2
2024-11-10,0.04090909090909091,0.3318909090909091,-0.40730909090909095,33.845454545454544,0.0684,2
2024-11-11,0.0,0.3216272727272727,-0.4112272727272728,33.92727272727273,0.131,2
2024-11-12,0.11818181818181818,0.3164636363636364,-0.3745181818181818,33.59090909090909,0.114,2
2024-11-13,0.14272727272727273,0.31222727272727274,-0.3849090909090909,33.82727272727273,0.1215,2
2024-11-14,0.042727272727272725,0.3064363636363636,-0.37415454545454546,33.54545454545455,0.1279,2
2024-11-15,0.03090909090909091,0.31373636363636365,-0.39995454545454545,33.26363636363636,0.1107,1
2024-11-16,0.05272727272727273,0.30560000000000004,-0.3976363636363636,34.02727272727273,0.1615,2
2024-11-17,0.0,0.3079090909090909,-0.36270909090909087,33.99090909090909,0.058,2
2024-11-18,0.03363636363636364,0.29582727272727277,-0.3753818181818182,33.86363636363637,0.163,2
2024-11-19,0.0,0.29624545454545453,-0.38176363636363636,33.88181818181818,0.0828,2
2024-11-20,0.04090909090909091,0.3014818181818182,-0.3784181818181818,34.03636363636363,0.0851,2
2024-11-21,0.0,0.3048181818181818,-0.4419545454545455,33.74545454545454,0.1273,2
2024-11-22,0.0,0.28346363636363636,-0.38376363636363636,33.67272727272727,0.1019,2
2024-11-23,0.0,0.2838545454545454,-0.3793090909090909,33.93636363636364,0.101,2
2024-11-24,0.005454545454545454,0.2835090909090909,-0.37066363636363636,33.809090909090905,0.1519,1
2024-11-25,0.014545454545454545,0.2773181818181818,-0.3637727272727273,33.92727272727273,0.1225,1
2024-11-26,0.0,0.2796909090909091,-0.4050181818181818,34.36363636363637,0.108,2
2024-11-27,0.04363636363636364,0.2788909090909091,-0.4031909090909091,34.199999999999996,0.064,2
2024-11-28,0.0,0.2712090909090909,-0.38060000000000005,34.054545454545455,0.1184,2
2024-11-29,0.006363636363636364,0.28540000000000004,-0.4374454545454545,34.22727272727273,0.0988,2
2024-11-30,0.0,0.27041818181818184,-0.40507272727272725,33.60909090909091,0.0938,2
2024-12-01,0.03090909090909091,0.2718909090909091,-0.40652727272727274,34.06363636363636,0.0811,2
2024-12-02,0.03363636363636364,0.2681636363636364,-0.41206363636363635,33.6,0.0737,2
2024-12-03,0.17545454545454547,0.26306363636363633,-0.3778909090909091,34.127272727272725,0.1398,2
2024-12-04,0.0009090909090909091,0.2551727272727273,-0.39389090909090907,34.345454545454544,0.1044,2
2024-12-05,0.0,0.2741909090909091,-0.40082727272727275,34.190909090909095,0.1167,2
2024-12-06,0.0,0.2590272727272727,-0.44268181818181823,34.08181818181818,0.1027,2
2024-12-07,0.0,0.25693636363636363,-0.36776363636363635,34.18181818181818,0.065,2
2024-12-08,0.01,0.25680909090909093,-0.4188545454545455,34.39090909090909,0.1045,2
2024-12-09,0.05818181818181818,0.25196363636363633,-0.39331818181818184,34.07272727272727,0.0563,2
2024-12-10,0.0,0.2505727272727273,-0.4353181818181818,34.47272727272727,0.2234,2
2024-12-11,0.022727272727272728,0.25772727272727275,-0.3845454545454546,34.22727272727273,0.0373,2
2024-12-12,0.07090909090909091,0.25282727272727273,-0.3644454545454546,34.6,0.1166,2
2024-12-13,0.07,0.2560363636363636,-0.4024545454545454,34.41818181818182,0.0976,2
2024-12-14,0.0,0.2646090909090909,-0.4226090909090909,33.95454545454545,0.1448,2
2024-12-15,0.02,0.24389090909090907,-0.37509090909090914,34.59090909090909,0.1324,2
2024-12-16,0.0,0.2625363636363636,-0.3911545454545454,34.654545454545456,0.118,2
2024-12-17,0.06090909090909091,0.25231818181818183,-0.4001818181818182,34.4,0.1567,2
2024-12-18,0.0,0.24837272727272727,-0.40578181818181813,34.345454545454544,0.0619,2
2024-12-19,0.04454545454545455,0.2534,-0.39820000000000005,34.74545454545454,0.0597,2
2024-12-20,0.0,0.24787272727272727,-0.39782727272727275,34.654545454545456,0.0912,2
2024-12-21,0.0,0.23765454545454545,-0.40328181818181813,34.79090909090909,0.1253,2
2024-12-22,0.18545454545454546,0.24581818181818182,-0.4071090909090909,34.309090909090905,0.1282,2
2024-12-23,0.0,0.24738181818181817,-0.4015636363636364,34.64545454545455,0.0663,2
2024-12-24,0.08818181818181818,0.23903636363636363,-0.37617272727272727,34.945454545454545,0.1312,2
2024-12-25,0.0,0.2418818181818182,-0.42629090909090905,34.699999999999996,0.0536,2
2024-12-26,0.042727272727272725,0.2437363636363636,-0.38377272727272727,34.74545454545454,0.1098,2
2024-12-27,0.05,0.2445090909090909,-0.38333636363636364,35.06363636363636,0.1068,2
2024-12-28,0.0,0.24691818181818181,-0.41606363636363636,35.27272727272727,0.1239,2
2024-12-29,0.0,0.24542727272727272,-0.40099090909090906,35.27272727272727,0.0834,2
2024-12-30,0.14181818181818182,0.23532727272727272,-0.3915454545454546,35.13636363636363,0.0525,2
2024-12-31,0.0,0.2400090909090909,-0.3943909090909091,35.018181818181816,0.1328,2
